"parent_company","ticker","year","month","ym","n_papers","total_citations","avg_citations","price_start","price_end","price_avg","monthly_return","volume_avg","sp500_return","excess_return"
"Alphabet","GOOG",2017,1,"2017-01",7,3391,178.473684210526,38.9869194030762,39.5150833129883,40.0662956237793,0.0135472080892453,33200100,0.00931869907587225,0.00422850901337309
"Alphabet","GOOG",2017,2,"2017-02",15,2256,53.7142857142857,39.4607849121094,40.825325012207,40.5132189298931,0.0345796492172389,27035368.4210526,0.0368887903089599,-0.00230914109172098
"Alphabet","GOOG",2017,3,"2017-03",26,20421,221.967391304348,41.4219284057617,41.1402435302734,41.3659535283628,-0.0068003805310305,29421826.0869565,-0.0138733496286677,0.00707296909763722
"Alphabet","GOOG",2017,4,"2017-04",13,13223,200.348484848485,41.5860786437988,44.9291343688965,41.8591810527601,0.0803888184248447,26546000,0.0107509887641124,0.0696378296607323
"Alphabet","GOOG",2017,5,"2017-05",9,2863,124.478260869565,45.2569427490234,47.8501510620117,46.581770810214,0.0572996794628651,29254636.3636364,0.00982693762394455,0.0474727418389206
"Alphabet","GOOG",2017,6,"2017-06",10,5836,162.111111111111,47.953800201416,45.0665092468262,47.300010507757,-0.0602098466120019,39625090.9090909,-0.00273661815923322,-0.0574732284527687
"Alphabet","GOOG",2017,7,"2017-07",12,6903,150.065217391304,44.5690879821777,46.1461448669434,46.7593584060669,0.0353845446735697,36679200,0.0169987109548734,0.0183858337186963
"Alphabet","GOOG",2017,8,"2017-08",7,779,20.5,46.1625061035156,46.5840492248535,45.7257468182108,0.00913172089038266,24311304.3478261,-0.00189803344726924,0.0110297543376519
"Alphabet","GOOG",2017,9,"2017-09",3,837,139.5,46.4853591918945,47.564998626709,46.1857925415039,0.023225365009177,28053800,0.017286167349619,0.00593919765955806
"Alphabet","GOOG",2017,10,"2017-10",21,8046,141.157894736842,47.2753753662109,50.4180679321289,48.726075259122,0.0664763112206644,28890636.3636364,0.0182434563959875,0.0482328548246769
"Alphabet","GOOG",2017,11,"2017-11",27,6743,92.3698630136986,50.8574600219727,50.6546249389648,51.1050718398321,-0.00398830541124505,23110000,0.0264484088541294,-0.0304367142653745
"Alphabet","GOOG",2017,12,"2017-12",11,1606,30.8846153846154,50.0972061157227,51.8939552307129,51.7577219009399,0.0358652558555823,28163700,0.011880213255067,0.0239850426005153
"Alphabet","GOOG",2018,1,"2018-01",6,4023,309.461538461538,52.8163757324219,58.0206604003906,56.0781253633045,0.0985354370836552,27369904.7619048,0.0474810899944376,0.0510543470892176
"Alphabet","GOOG",2018,2,"2018-02",25,44232,631.885714285714,57.9095611572266,54.7867050170898,53.9672741137053,-0.0539264342145169,44612631.5789474,-0.0383241210399322,-0.0156023131745846
"Alphabet","GOOG",2018,3,"2018-03",15,6686,109.606557377049,53.0405426025391,51.1694030761719,54.1301187787737,-0.0352775336479611,43193619.047619,-0.0137432192022127,-0.0215343144457484
"Alphabet","GOOG",2018,4,"2018-04",20,7730,117.121212121212,49.9137115478516,50.4522857666016,51.3631215776716,0.0107901056052239,39729428.5714286,0.0256286771728297,-0.0148385715676059
"Alphabet","GOOG",2018,5,"2018-05",23,76004,1055.61111111111,51.4431571960449,53.8077430725098,53.028435273604,0.0459650224704062,28954000,0.0190108368897324,0.0269541855806738
"Alphabet","GOOG",2018,6,"2018-06",41,8309,74.1875,55.5191917419434,55.3282623291016,56.4181438627697,-0.00343898041112069,30567619.047619,-0.00594232445591484,0.00250334404479415
"Alphabet","GOOG",2018,7,"2018-07",28,12433,113.027272727273,55.913948059082,60.3673858642578,58.8959908258347,0.0796480656395433,30419142.8571429,0.0328528077457129,0.0467952578938304
"Alphabet","GOOG",2018,8,"2018-08",21,1566,30.7058823529412,60.5037727355957,60.4135131835938,60.7845498789912,-0.00149180039394223,25050782.6086957,0.0313361634284932,-0.0328279638224354
"Alphabet","GOOG",2018,9,"2018-09",23,3851,62.1129032258064,59.3626365661621,59.187572479248,58.3117123654014,-0.00294906185170779,30381473.6842105,0.00595846679699434,-0.00890752864870213
"Alphabet","GOOG",2018,10,"2018-10",55,11754,82.7746478873239,59.2788200378418,53.400089263916,55.0946980351987,-0.0991708466898123,42169304.3478261,-0.0727794635349288,-0.0263913831548835
"Alphabet","GOOG",2018,11,"2018-11",40,38872,264.43537414966,53.0643501281738,54.2758979797363,52.3780977158319,0.0228316722740612,34985809.5238095,0.00722523011155185,0.0156064421625093
"Alphabet","GOOG",2018,12,"2018-12",24,7889,121.369230769231,54.8710136413574,51.3588485717773,51.4486367075067,-0.0640076578963157,42376421.0526316,-0.10160659970693,0.0375989418106144
"Alphabet","GOOG",2019,1,"2019-01",58,10533,62.6964285714286,51.8666763305664,55.3639640808105,53.1766370137533,0.067428414497867,29251428.5714286,0.0773178273144959,-0.00988941281662892
"Alphabet","GOOG",2019,2,"2019-02",50,8824,62.1408450704225,55.0852546691895,55.5400199890137,55.2584375080309,0.00825566338134006,30455473.6842105,0.0288043953304125,-0.0205487319490724
"Alphabet","GOOG",2019,3,"2019-03",35,3509,37.3297872340426,56.5849418640137,58.1877822875977,58.4797670273554,0.028326271456388,30104095.2380952,0.0109534083936888,0.0173728630626992
"Alphabet","GOOG",2019,4,"2019-04",38,7967,90.5340909090909,59.235179901123,58.9401016235352,60.8120473225911,-0.00498147010071453,26528761.9047619,0.0274275992612404,-0.0324090693619549
"Alphabet","GOOG",2019,5,"2019-05",82,34601,140.654471544715,57.9284172058105,54.7321472167969,57.0696206526323,-0.0551762009595019,30288545.4545455,-0.0587160657864434,0.00353986482694147
"Alphabet","GOOG",2019,6,"2019-06",100,23211,79.7628865979381,51.3895950317383,53.6054077148438,53.6159421920776,0.0431179245864261,34096800,0.0718942090780336,-0.0287762844916075
"Alphabet","GOOG",2019,7,"2019-07",52,16025,130.284552845528,54.4504661560059,60.338623046875,57.1347675323486,0.10813786008735,29953272.7272727,0.00541431091157427,0.102723549175776
"Alphabet","GOOG",2019,8,"2019-08",27,6061,83.027397260274,59.9582443237305,58.921257019043,58.5536199049516,-0.0172951579283831,26256727.2727273,-0.00917540091233253,-0.00811975701605061
"Alphabet","GOOG",2019,9,"2019-09",83,40276,149.724907063197,57.9437789916992,60.4536819458008,60.544903755188,0.0433161764347665,26899400,0.0242475648269224,0.0190686116078442
"Alphabet","GOOG",2019,10,"2019-10",82,6418,32.251256281407,59.7643432617188,62.4924430847168,61.1336827485458,0.0456476165236387,25007217.3913043,0.0330958451130856,0.0125517714105531
"Alphabet","GOOG",2019,11,"2019-11",56,14058,75.5806451612903,63.168399810791,64.716682434082,64.6829092025757,0.0245103980459946,24923700,0.0241513674943359,0.000359030551658642
"Alphabet","GOOG",2019,12,"2019-12",65,13937,61.9422222222222,63.9708061218262,66.3066177368164,66.4974417913528,0.0365137123728269,26054380.952381,0.0375448903485319,-0.00103117797570505
"Alphabet","GOOG",2020,1,"2020-01",58,6670,41.6875,67.811767578125,71.127555847168,71.2477511451358,0.0488969449914854,32087238.0952381,-0.00992374638362237,0.0588206913751077
"Alphabet","GOOG",2020,2,"2020-02",102,40517,169.52719665272,73.6919937133789,66.4211883544922,72.6094087299548,-0.0986647937246227,39032210.5263158,-0.0907070528847628,-0.00795774083985987
"Alphabet","GOOG",2020,3,"2020-03",58,10164,62.7407407407407,68.8899154663086,57.6670570373535,58.9358437278054,-0.162910033391516,64901909.0909091,-0.163625327491459,0.000715294099942837
"Alphabet","GOOG",2020,4,"2020-04",69,3725,23.28125,54.8308410644531,66.8838882446289,61.204539162772,0.219822401885237,44128666.6666667,0.178882789573214,0.0409396123120233
"Alphabet","GOOG",2020,5,"2020-05",51,18805,111.272189349112,65.492805480957,70.8642044067383,68.4933628082275,0.0820150990072194,31866300,0.0754581361580075,0.00655696284921185
"Alphabet","GOOG",2020,6,"2020-06",139,66039,170.203608247423,71.0080413818359,70.1049346923828,70.969728643244,-0.0127183720586911,35298545.4545455,0.0145824594707529,-0.027300831529444
"Alphabet","GOOG",2020,7,"2020-07",87,6152,27.5874439461883,71.3165054321289,73.5442047119141,75.0624025518244,0.0312367980776236,32042727.2727273,0.0498289410990567,-0.0185921430214331
"Alphabet","GOOG",2020,8,"2020-08",47,5911,39.1456953642384,73.1221694946289,81.0436248779297,76.6677990867978,0.108331788266794,36029428.5714286,0.0624352941516473,0.045896494115147
"Alphabet","GOOG",2020,9,"2020-09",29,3905,62.9838709677419,82.3593292236328,72.8816452026367,75.3094039190383,-0.11507723666934,38635809.5238095,-0.0464037845761189,-0.0686734520932213
"Alphabet","GOOG",2020,10,"2020-10",147,230215,466.022267206478,73.8978118896484,80.390495300293,76.7116130482067,0.0878602930806673,35685636.3636364,-0.0327851651354078,0.120645458216075
"Alphabet","GOOG",2020,11,"2020-11",55,10852,79.2116788321168,80.6394577026367,87.3201141357422,86.7055778503418,0.0828459990113131,35035400,0.0940686758352157,-0.0112226768239026
"Alphabet","GOOG",2020,12,"2020-12",54,24551,170.493055555556,89.1728897094727,86.8807144165039,87.8923201127486,-0.0257048448293726,28605363.6363636,0.0255621560528204,-0.051267000882193
"Alphabet","GOOG",2021,1,"2021-01",60,10043,60.1377245508982,85.7083435058594,91.0395660400391,89.6828946565327,0.0622019084269809,34823894.7368421,0.00367235168125953,0.0585295567457214
"Alphabet","GOOG",2021,2,"2021-02",86,14797,64.8991228070175,94.2933578491211,101.013694763184,102.575702064916,0.0712705228380531,30977894.7368421,0.00988107504264371,0.0613894477954094
"Alphabet","GOOG",2021,3,"2021-03",58,1636,9.97560975609756,103.228004455566,102.589256286621,102.153565779976,-0.00618774113007538,30255826.0869565,0.0182145314170351,-0.0244022725471105
"Alphabet","GOOG",2021,4,"2021-04",55,11292,58.5077720207254,106.017105102539,119.524711608887,113.559802464076,0.127409690099378,29261619.047619,0.0401256259494158,0.0872840641499619
"Alphabet","GOOG",2021,5,"2021-05",47,9777,75.2076923076923,118.783302307129,119.596122741699,116.671906661987,0.00684288463767967,25455700,0.00273089318107071,0.00411199145660896
"Alphabet","GOOG",2021,6,"2021-06",107,8137,26.9437086092715,120.501197814941,124.295539855957,124.051251844926,0.0314880026905853,24938909.0909091,0.022717527688955,0.00877047500163026
"Alphabet","GOOG",2021,7,"2021-07",62,3076,17.3785310734463,125.339469909668,134.119857788086,131.261633373442,0.0700528563328534,21751238.0952381,0.0174353868897148,0.0526174694431385
"Alphabet","GOOG",2021,8,"2021-08",29,7541,89.7738095238095,134.882110595703,144.27751159668,138.185845114968,0.0696563907510198,16923272.7272727,0.0308901464055709,0.0387662443454488
"Alphabet","GOOG",2021,9,"2021-09",33,13440,117.894736842105,144.654403686523,132.180313110352,140.726552327474,-0.0862337423422251,24057047.6190476,-0.0478659381591774,-0.0383678041830477
"Alphabet","GOOG",2021,10,"2021-10",60,3373,20.6932515337423,135.351272583008,147.063110351562,139.305001395089,0.0865292031988254,23646285.7142857,0.0569973747139205,0.0295318284849049
"Alphabet","GOOG",2021,11,"2021-11",37,457,4.19266055045872,142.603240966797,141.292007446289,146.231968470982,-0.00919497699784477,21103428.5714286,-0.0101155745134089,0.000920597515564132
"Alphabet","GOOG",2021,12,"2021-12",20,2213,45.1632653061224,140.464782714844,143.501373291016,144.466056130149,0.0216181630546956,21784545.4545455,0.0560908244836523,-0.0344726614289567
"Alphabet","GOOG",2022,1,"2022-01",17,5280,70.4,143.893142700195,134.593505859375,134.934917831421,-0.0646287701158652,30775500,-0.0585857886638526,-0.0060429814520126
"Alphabet","GOOG",2022,2,"2022-02",8,453,28.3125,136.755737304688,133.792587280273,135.465652064273,-0.0216674640699882,38560526.3157895,-0.0379629556043325,0.0162954915343443
"Alphabet","GOOG",2022,3,"2022-03",11,1187,35.969696969697,133.075469970703,138.512329101562,134.254173610521,0.0408554569227245,27713913.0434783,0.0520522223053739,-0.0111967653826495
"Alphabet","GOOG",2022,4,"2022-04",8,758,30.32,139.554260253906,114.030319213867,127.563236618042,-0.182896179547658,28247000,-0.0910564117568774,-0.0918397677907808
"Alphabet","GOOG",2022,5,"2022-05",2,8,2,116.202980041504,113.110374450684,112.603793552944,-0.0266138234124093,34166000,-0.00559033857887072,-0.0210234848335386
"Alphabet","GOOG",2022,6,"2022-06",15,7684,123.935483870968,113.207565307617,108.481872558594,111.906374613444,-0.0417436125949921,29863428.5714286,-0.0770135054996721,0.03526989290468
"Alphabet","GOOG",2022,7,"2022-07",18,2134,60.9714285714286,108.192749023438,115.69017791748,112.403773117065,0.0692969627051331,31938330,0.0797212148257223,-0.0104242521205892
"Alphabet","GOOG",2022,8,"2022-08",4,102,12.75,114.539627075195,108.261192321777,116.161106607188,-0.0548145206487897,18737456.5217391,-0.039729203028256,-0.0150853176205337
"Alphabet","GOOG",2022,9,"2022-09",5,728,60.6666666666667,109.649780273438,95.3670425415039,103.260806492397,-0.130257787077331,25380623.8095238,-0.0961039542920953,-0.0341538327852361
"Alphabet","GOOG",2022,10,"2022-10",4,111,22.2,98.4913940429688,93.8891754150391,98.6529246738979,-0.046727114309316,27835119.047619,0.0526175711988618,-0.0993446855081778
"Alphabet","GOOG",2022,11,"2022-11",5,1313,48.6296296296296,89.7630386352539,100.623878479004,93.3469594319661,0.120994565345345,28735666.6666667,0.0580923741844199,0.0629021911609256
"Alphabet","GOOG",2022,12,"2022-12",4,5884,89.1515151515152,100.455261230469,88.0074768066406,91.9786667596726,-0.123913713143106,23742161.9047619,-0.0581542974569267,-0.0657594156861798
"Alphabet","GOOG",2023,1,"2023-01",17,824,25.75,88.9695663452148,99.0567474365234,93.2504192352295,0.113377883086098,26308905,0.0660175130015768,0.047360370084521
"Alphabet","GOOG",2023,2,"2023-02",7,402,18.2727272727273,100.604049682617,89.5646820068359,96.0206246627005,-0.109730847919223,39705289.4736842,-0.0361865649013495,-0.0735442830178738
"Alphabet","GOOG",2023,3,"2023-03",3,130,43.3333333333333,89.7729797363281,103.153129577637,97.7561264038086,0.149044287942846,31542482.6086957,0.0399657260631874,0.109078561879659
"Alphabet","GOOG",2023,4,"2023-04",8,414,23,104.055717468262,107.338760375977,105.482418662623,0.0315508170775547,24298457.8947368,0.0109031660486166,0.0206476510289382
"Alphabet","GOOG",2023,5,"2023-05",15,725,12.5,106.832901000977,122.365386962891,115.795010653409,0.145390472563991,28198254.5454545,0.00286956181484145,0.14252091074915
"Alphabet","GOOG",2023,6,"2023-06",4,406,31.2307692307692,123.35725402832,119.984939575195,122.224639165969,-0.0273377879532791,24830476.1904762,0.0543375445318832,-0.0816753324851623
"Alphabet","GOOG",2023,7,"2023-07",10,2255,62.6388888888889,119.578269958496,132.026092529297,122.54739151001,0.104097697475647,26274015,0.0299332124061156,0.0741644850695315
"Alphabet","GOOG",2023,8,"2023-08",13,740,14.2307692307692,130.816009521484,136.231552124023,130.081170455269,0.041398163897131,20152378.2608696,-0.0150915226621423,0.0564896865592733
"Alphabet","GOOG",2023,9,"2023-09",4,244,11.6190476190476,135.68603515625,130.776351928711,134.095587921143,-0.0361841454198679,19481990,-0.0504277706479366,0.0142436252280687
"Alphabet","GOOG",2023,10,"2023-10",12,164,6.56,134.069305419922,124.279670715332,134.251887928356,-0.0730192095344082,23404586.3636364,-0.0220573056591408,-0.0509619038752674
"Alphabet","GOOG",2023,11,"2023-11",6,798,22.8,126.531196594238,132.829483032227,133.770323253813,0.0497765500328405,19316542.8571429,0.0778553213297589,-0.0280787712969184
"Alphabet","GOOG",2023,12,"2023-12",2,377,53.8571428571429,132.234359741211,139.782379150391,135.79264755249,0.0570806212844493,24107295,0.0381315143506739,0.0189491069337754
"Alphabet","GOOG",2024,1,"2024-01",7,299,17.5882352941176,138.423538208008,140.645324707031,144.24150230771,0.0160506408648851,20418623.8095238,0.0216790023098188,-0.00562836144493369
"Alphabet","GOOG",2024,2,"2024-02",8,1730,115.333333333333,141.547912597656,138.64176940918,142.894841766357,-0.0205311624533606,23760360,0.038742910567078,-0.0592740730204386
"Alphabet","GOOG",2024,3,"2024-03",5,144,5.33333333333333,136.955581665039,151.020126342773,142.313115692139,0.102694205717974,25355285,0.0228281470695027,0.0798660586484718
"Alphabet","GOOG",2024,4,"2024-04",2,8956,126.140845070423,155.225601196289,163.29931640625,157.438354492188,0.0520127810602028,22196218.1818182,-0.0396813890292619,0.0916941700894647
"Alphabet","GOOG",2024,5,"2024-05",16,1100,21.1538461538462,164.221755981445,172.543426513672,172.160211042924,0.0506733744411233,17816950,0.0516340144641831,-0.000960640023059824
"Alphabet","GOOG",2024,6,"2024-06",7,493,41.0833333333333,172.999664306641,182.133407592773,177.934063560084,0.0527963064133079,18443957.8947368,0.0335163117307183,0.0192799946825896
"Alphabet","GOOG",2024,7,"2024-07",19,7353,78.2234042553192,183.195922851562,171.935455322266,180.918821161444,-0.0614668020664458,16116613.6363636,0.00862268241888154,-0.0700894844853274
"Alphabet","GOOG",2024,8,"2024-08",5,393,26.2,171.240371704102,163.951843261719,164.161286787553,-0.0425631430827374,17709959.0909091,0.0370353536562418,-0.0795984967389792
"Alphabet","GOOG",2024,9,"2024-09",8,2276,47.4166666666667,157.497436523438,166.235794067383,158.386135101318,0.0554825382357569,19453860,0.0422414096872726,0.0132411285484843
"Alphabet","GOOG",2024,10,"2024-10",7,1044,16.8387096774194,167.458786010742,171.70442199707,165.953077896782,0.0253533187924566,16598217.3913043,-0.000578025782789577,0.0259313445752462
"Alphabet","GOOG",2024,11,"2024-11",5,1786,54.1212121212121,171.664627075195,169.516967773438,174.155842590332,-0.0125107853513529,18029570,0.0529919160164404,-0.0655027013677933
"Alphabet","GOOG",2024,12,"2024-12",10,302,5.59259259259259,171.992736816406,189.567932128906,187.384206862677,0.102185683173707,21309480.952381,-0.0273715754039929,0.1295572585777
"Alphabet","GOOG",2025,1,"2025-01",7,61,2.54166666666667,189.757064819336,204.658508300781,195.931657409668,0.0785290576434279,16222405,0.0293053626862604,0.0492236949571674
"Alphabet","GOOG",2025,2,"2025-02",5,285,7.7027027027027,201.712066650391,171.431350708008,185.273475245426,-0.15011851519456,20813084.2105263,-0.00668435357227191,-0.143434161622288
"Alphabet","GOOG",2025,3,"2025-03",2,183,22.875,167.887680053711,155.691757202148,166.729519072033,-0.0726433461208158,22759047.6190476,-0.040663503287542,-0.0319798428332737
"Alphabet","GOOG",2025,4,"2025-04",9,152,2.57627118644068,158.332641601562,160.335693359375,156.17152550107,0.0126509084769336,25588061.9047619,-0.0113632118227609,0.0240141202996945
"Alphabet","GOOG",2025,5,"2025-05",5,15,1.875,162.229141235352,172.254501342773,165.185126894996,0.0617975292914713,30028233.3333333,0.0548790353532401,0.00691849393823123
"Alphabet","GOOG",2025,6,"2025-06",9,105,2.83783783783784,169.783050537109,176.991348266602,173.243132781982,0.0424559324778811,29038700,0.0453188975228278,-0.00286296504494667
"Alphabet","GOOG",2025,7,"2025-07",9,138,3.53846153846154,176.512435913086,192.426574707031,185.497184753418,0.0901587398736108,25451777.2727273,0.0228106079919178,0.067348131881693
"Alphabet","GOOG",2025,8,"2025-08",6,47,1.74074074074074,189.52311706543,213.050109863281,202.419785272507,0.124137852743997,18937647.6190476,0.0356283507641691,0.0885095019798276
"Alphabet","GOOG",2025,9,"2025-09",7,618,3.47191011235955,211.513580322266,243.219848632812,242.586742582775,0.149901808962993,25391790.4761905,0.042540444017692,0.107361364945301
"Alphabet","GOOG",2025,10,"2025-10",7,12,0.444444444444444,245.207153320312,281.43798828125,254.559247224227,0.147756027792588,20704639.1304348,0.0192215991545151,0.128534428638073
"Alphabet","GOOG",2025,11,"2025-11",3,18,3,283.73486328125,319.68603515625,292.945516485917,0.126706924412611,27966231.5789474,-0.000420371222208485,0.12712729563482
"Alphabet","GOOG",2025,12,"2025-12",4,6,0.352941176470588,314.692840576172,314.328552246094,313.239888509115,-0.00115759967532515,20529833.3333333,0.0122728451421439,-0.0134304448174691
"Alphabet","GOOGL",2017,1,"2017-01",7,3391,178.473684210526,40.0693283081055,40.6733360290527,41.1721881866455,0.0150740665354523,36832700,0.00931869907587225,0.00575536745958009
"Alphabet","GOOGL",2017,2,"2017-02",15,2256,53.7142857142857,40.4278717041016,41.9001960754395,41.4947845057437,0.0364185476325363,27885052.6315789,0.0368887903089599,-0.000470242676423566
"Alphabet","GOOGL",2017,3,"2017-03",26,20421,221.967391304348,42.4863510131836,42.0425186157227,42.3395644478176,-0.0104464701457467,30043565.2173913,-0.0138733496286677,0.00342687948292102
"Alphabet","GOOGL",2017,4,"2017-04",13,13223,200.348484848485,42.4863510131836,45.8470764160156,42.7158486215692,0.0791012954204797,30233263.1578947,0.0107509887641124,0.0683503066563673
"Alphabet","GOOGL",2017,5,"2017-05",9,2863,124.478260869565,46.2586669921875,48.9499282836914,47.6885811198841,0.0581785309974113,32144818.1818182,0.00982693762394455,0.0483515933734667
"Alphabet","GOOGL",2017,6,"2017-06",10,5836,162.111111111111,49.0094413757324,46.1029586791992,48.2694846066562,-0.0593045465311584,40077545.4545455,-0.00273661815923322,-0.0565679283719252
"Alphabet","GOOGL",2017,7,"2017-07",12,6903,150.065217391304,45.5961532592773,46.8874778747559,47.7772960662842,0.0283209113745966,41908600,0.0169987109548734,0.0113222004197232
"Alphabet","GOOGL",2017,8,"2017-08",7,779,20.5,46.9400367736816,47.3704872131348,46.5136081861413,0.00917021947657421,28561913.0434783,-0.00189803344726924,0.0110682529238434
"Alphabet","GOOGL",2017,9,"2017-09",3,837,139.5,47.2093086242676,48.2869110107422,46.9065427780151,0.022826057357694,29626200,0.017286167349619,0.00553989000807502
"Alphabet","GOOGL",2017,10,"2017-10",21,8046,141.157894736842,47.9769706726074,51.2285957336426,49.5477385087447,0.0677747055608011,33503454.5454545,0.0182434563959875,0.0495312491648136
"Alphabet","GOOGL",2017,11,"2017-11",27,6743,92.3698630136986,51.7026824951172,51.3838119506836,51.9200477600098,-0.00616738879000539,27320000,0.0264484088541294,-0.0326157976441348
"Alphabet","GOOGL",2017,12,"2017-12",11,1606,30.8846153846154,50.833366394043,52.2382469177246,52.2639135360718,0.0276369759341037,29940500,0.011880213255067,0.0157567626790367
"Alphabet","GOOGL",2018,1,"2018-01",6,4023,309.461538461538,53.220630645752,58.6264533996582,56.5027193341936,0.10157381993251,31321333.3333333,0.0474810899944376,0.0540927299380727
"Alphabet","GOOGL",2018,2,"2018-02",25,44232,631.885714285714,58.5952110290527,54.7435455322266,54.146479556435,-0.0657334520890527,54042842.1052632,-0.0383241210399322,-0.0274093310491205
"Alphabet","GOOGL",2018,3,"2018-03",15,6686,109.606557377049,53.1313629150391,51.4319152832031,54.2401588076637,-0.0319857714652169,49635047.6190476,-0.0137432192022127,-0.0182425522630041
"Alphabet","GOOGL",2018,4,"2018-04",20,7730,117.121212121212,50.2164649963379,50.5115242004395,51.5713589986165,0.00587574621437571,46901333.3333333,0.0256286771728297,-0.019752930958454
"Alphabet","GOOGL",2018,5,"2018-05",23,76004,1055.61111111111,51.6109313964844,54.5491523742676,53.3020940260454,0.0569302064171496,33669727.2727273,0.0190108368897324,0.0379193695274172
"Alphabet","GOOGL",2018,6,"2018-06",41,8309,74.1875,56.2848052978516,55.9966888427734,56.994938260033,-0.00511890293576484,38270666.6666667,-0.00594232445591484,0.000823421520150001
"Alphabet","GOOGL",2018,7,"2018-07",28,12433,113.027272727273,56.6373901367188,60.8580093383789,59.5708383832659,0.0745200156905513,39793047.6190476,0.0328528077457129,0.0416672079448384
"Alphabet","GOOGL",2018,8,"2018-08",21,1566,30.7058823529412,61.1441497802734,61.0851364135742,61.5241991126019,-0.000965151480743263,29813826.0869565,0.0313361634284932,-0.0323013149092364
"Alphabet","GOOGL",2018,9,"2018-09",23,3851,62.1129032258064,60.0690307617188,59.8592643737793,58.7659058821829,-0.00349208877319084,37816736.8421053,0.00595846679699434,-0.00945055557018518
"Alphabet","GOOGL",2018,10,"2018-10",55,11754,82.7746478873239,59.9311714172363,54.0820121765137,55.6032452790634,-0.0975979461506141,49171391.3043478,-0.0727794635349288,-0.0248184826156853
"Alphabet","GOOGL",2018,11,"2018-11",40,38872,264.43537414966,53.8538970947266,55.0276947021484,52.8714229038783,0.0217959640944316,37439809.5238095,0.00722523011155185,0.0145707339828798
"Alphabet","GOOGL",2018,12,"2018-12",24,7889,121.369230769231,55.3604469299316,51.819709777832,51.9749280026085,-0.0639578859719293,45128210.5263158,-0.10160659970693,0.0376487137350009
"Alphabet","GOOGL",2019,1,"2019-01",58,10533,62.6964285714286,52.3017272949219,55.8330345153809,53.6063724699475,0.0675179846460224,33198476.1904762,0.0773178273144959,-0.00979984266847357
"Alphabet","GOOGL",2019,2,"2019-02",50,8824,62.1408450704225,55.4725227355957,55.8657684326172,55.611163490697,0.00708901772677351,34324947.3684211,0.0288043953304125,-0.0217153776036389
"Alphabet","GOOGL",2019,3,"2019-03",35,3509,37.3297872340426,56.955265045166,58.3621444702148,58.7310173397972,0.0247014814860955,31606571.4285714,0.0109534083936888,0.0137480730924067
"Alphabet","GOOGL",2019,4,"2019-04",38,7967,90.5340909090909,59.4575881958008,59.4565925598145,61.0675150553385,-1.67453140387965e-05,30830761.9047619,0.0274275992612404,-0.0274443445752792
"Alphabet","GOOGL",2019,5,"2019-05",82,34601,140.654471544715,58.1851005554199,54.8714904785156,57.2989937175404,-0.0569494603476394,33760272.7272727,-0.0587160657864434,0.00176660543880402
"Alphabet","GOOGL",2019,6,"2019-06",100,23211,79.7628865979381,51.5112609863281,53.6962013244629,53.7072355270386,0.0424167511394194,35622600,0.0718942090780336,-0.0294774579386142
"Alphabet","GOOGL",2019,7,"2019-07",52,16025,130.284552845528,54.5491523742676,60.4107055664062,57.175987070257,0.107454523801249,32504727.2727273,0.00541431091157427,0.102040212889674
"Alphabet","GOOGL",2019,8,"2019-08",27,6061,83.027397260274,60.092342376709,59.0385513305664,58.6293166767467,-0.0175361952033178,26650454.5454545,-0.00917540091233253,-0.00836079429098532
"Alphabet","GOOGL",2019,9,"2019-09",83,40276,149.724907063197,57.9981460571289,60.5564994812012,60.5678819656372,0.0441109517802906,25853600,0.0242475648269224,0.0198633869533682
"Alphabet","GOOGL",2019,10,"2019-10",82,6418,32.251256281407,59.8057098388672,62.4240646362305,61.1169349006985,0.0437810169700826,26244956.5217391,0.0330958451130856,0.010685171856997
"Alphabet","GOOGL",2019,11,"2019-11",56,14058,75.5806451612903,63.0910530090332,64.6699905395508,64.6099243164062,0.0250263302831783,26439000,0.0241513674943359,0.000874962788842425
"Alphabet","GOOGL",2019,12,"2019-12",65,13937,61.9422222222222,63.9147415161133,66.420524597168,66.4999237060547,0.0392050882412309,26624095.2380952,0.0375448903485319,0.00166019789269899
"Alphabet","GOOGL",2020,1,"2020-01",58,6670,41.6875,67.8730239868164,71.0517501831055,71.219350542341,0.0468334252634227,32075904.7619048,-0.00992374638362237,0.0567571716470451
"Alphabet","GOOGL",2020,2,"2020-02",102,40517,169.52719665272,73.5223388671875,66.4135894775391,72.5431145115903,-0.0966882922820213,43718736.8421053,-0.0907070528847628,-0.00598123939725848
"Alphabet","GOOGL",2020,3,"2020-03",58,10164,62.7407407407407,68.7477951049805,57.6212692260742,58.7714141498912,-0.161845567002049,71396181.8181818,-0.163625327491459,0.00177976048941031
"Alphabet","GOOGL",2020,4,"2020-04",69,3725,23.28125,54.6532897949219,66.7830352783203,61.0013970874605,0.221939896553592,53534476.1904762,0.178882789573214,0.0430571069803779
"Alphabet","GOOGL",2020,5,"2020-05",51,18805,111.272189349112,65.3260803222656,71.0884628295898,68.5024517059326,0.0882095248773127,36256500,0.0754581361580075,0.0127513887193052
"Alphabet","GOOGL",2020,6,"2020-06",139,66039,170.203608247423,71.1553955078125,70.3213043212891,70.9930177168413,-0.0117221073759875,37007272.7272727,0.0145824594707529,-0.0263045668467404
"Alphabet","GOOGL",2020,7,"2020-07",87,6152,27.5874439461883,71.5089721679688,73.7876434326172,75.1448159651323,0.0318655295351753,37409000,0.0498289410990567,-0.0179634115638814
"Alphabet","GOOGL",2020,8,"2020-08",47,5911,39.1456953642384,73.5302810668945,80.8086242675781,76.6177310035342,0.0989842972864756,29264952.3809524,0.0624352941516473,0.0365490031348283
"Alphabet","GOOGL",2020,9,"2020-09",29,3905,62.9838709677419,82.0756378173828,72.6793060302734,74.9556114560082,-0.11448381075047,39839714.2857143,-0.0464037845761189,-0.0680800261743512
"Alphabet","GOOGL",2020,10,"2020-10",147,230215,466.022267206478,73.78515625,80.1431121826172,76.4640707536177,0.0861684958838477,38860000,-0.0327851651354078,0.118953661019256
"Alphabet","GOOGL",2020,11,"2020-11",55,10852,79.2116788321168,80.5502624511719,87.0009384155273,86.4549514770508,0.0800826188277878,31595600,0.0940686758352157,-0.0139860570074278
"Alphabet","GOOGL",2020,12,"2020-12",54,24551,170.493055555556,89.0321426391602,86.9136581420898,87.6610273881392,-0.0237946030980783,27665000,0.0255621560528204,-0.0493567591508988
"Alphabet","GOOGL",2021,1,"2021-01",60,10043,60.1377245508982,85.5990295410156,90.6190338134766,89.2719590036493,0.0586455745979638,41666421.0526316,0.00367235168125953,0.0549732229167042
"Alphabet","GOOGL",2021,2,"2021-02",86,14797,64.8991228070175,93.8776016235352,100.266792297363,102.060913889032,0.0680587335352883,35701263.1578947,0.00988107504264371,0.0581776584926446
"Alphabet","GOOGL",2021,3,"2021-03",58,1636,9.97560975609756,102.634735107422,102.280654907227,101.544453164806,-0.00344990611438435,32899739.1304348,0.0182145314170351,-0.0216644375314195
"Alphabet","GOOGL",2021,4,"2021-04",55,11292,58.5077720207254,105.616073608398,116.710395812988,112.718076796759,0.105043880401436,33445333.3333333,0.0401256259494158,0.06491825445202
"Alphabet","GOOGL",2021,5,"2021-05",47,9777,75.2076923076923,116.193664550781,116.876533508301,114.481709289551,0.00587698959456684,30174000,0.00273089318107071,0.00314609641349613
"Alphabet","GOOGL",2021,6,"2021-06",107,8137,26.9437086092715,118.083045959473,121.08869934082,120.053893002597,0.0254537250197562,24769818.1818182,0.022717527688955,0.00273619733080122
"Alphabet","GOOGL",2021,7,"2021-07",62,3076,17.3785310734463,121.440803527832,133.622116088867,127.506332034156,0.100306587301552,29086095.2380952,0.0174353868897148,0.0828712004118376
"Alphabet","GOOGL",2021,8,"2021-08",29,7541,89.7738095238095,133.749069213867,143.511367797852,137.236848310991,0.0729896562373401,20981181.8181818,0.0308901464055709,0.0420995098317692
"Alphabet","GOOGL",2021,9,"2021-09",33,13440,117.894736842105,144.025146484375,132.58024597168,140.021088373093,-0.079464599009708,28135238.0952381,-0.0478659381591774,-0.0315986608505306
"Alphabet","GOOGL",2021,10,"2021-10",60,3373,20.6932515337423,135.423721313477,146.832443237305,138.964298793248,0.0842446346413669,34321809.5238095,0.0569973747139205,0.0272472599274464
"Alphabet","GOOGL",2021,11,"2021-11",37,457,4.19266055045872,142.320693969727,140.734344482422,145.553646269299,-0.0111463023616378,28970380.952381,-0.0101155745134089,-0.00103072784822885
"Alphabet","GOOGL",2021,12,"2021-12",20,2213,45.1632653061224,139.895263671875,143.664596557617,143.961364746094,0.0269439635539283,28167909.0909091,0.0560908244836523,-0.029146860929724
"Alphabet","GOOGL",2022,1,"2022-01",17,5280,70.4,143.802963256836,134.194381713867,134.847434616089,-0.0668176880736982,38360300,-0.0585857886638526,-0.00823189940984559
"Alphabet","GOOGL",2022,2,"2022-02",8,453,28.3125,136.515701293945,133.949920654297,135.592229341206,-0.0187947658425297,48848736.8421053,-0.0379629556043325,0.0191681897618028
"Alphabet","GOOGL",2022,3,"2022-03",11,1187,35.969696969697,132.96257019043,137.927536010742,133.871509717858,0.0373410788705547,31702695.6521739,0.0520522223053739,-0.0147111434348192
"Alphabet","GOOGL",2022,4,"2022-04",8,758,30.32,139.00163269043,113.174118041992,127.021418762207,-0.185807275414944,38057600,-0.0910564117568774,-0.0947508636580662
"Alphabet","GOOGL",2022,5,"2022-05",2,8,2,115.627349853516,112.829475402832,112.266241527739,-0.0241973413230358,40497619.047619,-0.00559033857887072,-0.0186070027441651
"Alphabet","GOOGL",2022,6,"2022-06",15,7684,123.935483870968,112.958396911621,108.069808959961,111.507913135347,-0.043277773811583,36702571.4285714,-0.0770135054996721,0.033735731688089
"Alphabet","GOOGL",2022,7,"2022-07",18,2134,60.9714285714286,107.846153259277,115.366493225098,111.727299880981,0.0697321113321525,39476485,0.0797212148257223,-0.00998910349356973
"Alphabet","GOOGL",2022,8,"2022-08",4,102,12.75,113.918472290039,107.332901000977,115.305696902068,-0.0578095119841099,22428378.2608696,-0.039729203028256,-0.0180803089558539
"Alphabet","GOOGL",2022,9,"2022-09",5,728,60.6666666666667,108.840423583984,94.8659362792969,102.482982090541,-0.128394275256604,29203757.1428571,-0.0961039542920953,-0.032290320964509
"Alphabet","GOOGL",2022,10,"2022-10",4,111,22.2,97.831428527832,93.7352905273438,98.0680385771252,-0.0418693467132903,32451823.8095238,0.0526175711988618,-0.0944869179121521
"Alphabet","GOOGL",2022,11,"2022-11",5,1313,48.6296296296296,89.728401184082,100.162170410156,93.1392549787249,0.116281679918367,34120128.5714286,0.0580923741844199,0.0581893057339468
"Alphabet","GOOGL",2022,12,"2022-12",4,5884,89.1515151515152,100.162170410156,87.5067672729492,91.5585083734422,-0.12634913046896,28720371.4285714,-0.0581542974569267,-0.0681948330120333
"Alphabet","GOOGL",2023,1,"2023-01",17,824,25.75,88.3894805908203,98.02978515625,92.2778259277344,0.109066197708044,33644890,0.0660175130015768,0.0430486847064667
"Alphabet","GOOGL",2023,2,"2023-02",7,402,18.2727272727273,99.6067428588867,89.3217620849609,95.6264893381219,-0.103255868816999,50135800,-0.0361865649013495,-0.0670693039156498
"Alphabet","GOOGL",2023,3,"2023-03",3,130,43.3333333333333,89.6193008422852,102.879707336426,97.2561778192935,0.147963735149828,37388430.4347826,0.0399657260631874,0.10799800908664
"Alphabet","GOOGL",2023,4,"2023-04",8,414,23,103.504547119141,106.460105895996,104.844515348736,0.0285548689320231,31795068.4210526,0.0109031660486166,0.0176517028834065
"Alphabet","GOOGL",2023,5,"2023-05",15,725,12.5,106.321243286133,121.862808227539,115.172195781361,0.14617553803035,37300509.0909091,0.00286956181484145,0.143305976215509
"Alphabet","GOOGL",2023,6,"2023-06",4,406,31.2307692307692,122.705841064453,118.718780517578,121.525590442476,-0.0324928341820398,31278661.9047619,0.0543375445318832,-0.086830378713923
"Alphabet","GOOGL",2023,7,"2023-07",10,2255,62.6388888888889,118.917152404785,131.632064819336,122.045789718628,0.10692244270423,35417095,0.0299332124061156,0.0769892302981141
"Alphabet","GOOGL",2023,8,"2023-08",13,740,14.2307692307692,130.471664428711,135.053787231445,129.478990969451,0.0351196776924542,25796913.0434783,-0.0150915226621423,0.0502112003545965
"Alphabet","GOOGL",2023,9,"2023-09",4,244,11.6190476190476,134.547943115234,129.787307739258,133.202583694458,-0.0353824463291816,23879965,-0.0504277706479366,0.015045324318755
"Alphabet","GOOGL",2023,10,"2023-10",12,164,6.56,133.070190429688,123.062896728516,133.076942443848,-0.0752031215169831,30943077.2727273,-0.0220573056591408,-0.0531458158578424
"Alphabet","GOOGL",2023,11,"2023-11",6,798,22.8,125.413467407227,131.443618774414,132.289012363979,0.0480821676639173,25487300,0.0778553213297589,-0.0297731536658416
"Alphabet","GOOGL",2023,12,"2023-12",2,377,53.8571428571429,130.779113769531,138.544937133789,134.463164520264,0.0593812202913634,30999780,0.0381315143506739,0.0212497059406895
"Alphabet","GOOGL",2024,1,"2024-01",7,299,17.5882352941176,137.037384033203,138.951553344727,142.663261776879,0.0139682271741239,27708142.8571429,0.0216790023098188,-0.00771077513569493
"Alphabet","GOOGL",2024,2,"2024-02",8,1730,115.333333333333,140.002883911133,137.325012207031,141.663158416748,-0.0191272610198612,32381190,0.038742910567078,-0.0578701715869392
"Alphabet","GOOGL",2024,3,"2024-03",5,144,5.33333333333333,136.015838623047,149.692779541016,141.27982711792,0.100554031474767,33635785,0.0228281470695027,0.0777258844052648
"Alphabet","GOOGL",2024,4,"2024-04",2,8956,126.140845070423,154.215408325195,161.445648193359,155.898318897594,0.0468840302450038,29993109.0909091,-0.0396813890292619,0.0865654192742657
"Alphabet","GOOGL",2024,5,"2024-05",16,1100,21.1538461538462,162.516799926758,171.085968017578,170.585114912553,0.0527278908684039,24653931.8181818,0.0516340144641831,0.00109387640422073
"Alphabet","GOOGL",2024,6,"2024-06",7,493,41.0833333333333,171.750457763672,180.864227294922,176.475858989515,0.0530640188673646,24216247.3684211,0.0335163117307183,0.0195477071366463
"Alphabet","GOOGL",2024,7,"2024-07",19,7353,78.2234042553192,181.698287963867,170.3291015625,179.317479220304,-0.0625717860568289,23914922.7272727,0.00862268241888154,-0.0711944684757105
"Alphabet","GOOGL",2024,8,"2024-08",5,393,26.2,169.554626464844,162.22673034668,162.420330394398,-0.0432184970174403,25033613.6363636,0.0370353536562418,-0.0802538506736822
"Alphabet","GOOGL",2024,9,"2024-09",8,2276,47.4166666666667,156.249221801758,164.897796630859,157.237323760986,0.0553511545809457,26627155,0.0422414096872726,0.013109744893673
"Alphabet","GOOGL",2024,10,"2024-10",7,1044,16.8387096774194,166.03125,170.127578735352,164.44994586447,0.0246720345438076,24752569.5652174,-0.000578025782789577,0.0252500603265972
"Alphabet","GOOGL",2024,11,"2024-11",5,1786,54.1212121212121,170.306564331055,167.979995727539,172.580429077148,-0.013661062406221,26495965,0.0529919160164404,-0.0666529784226613
"Alphabet","GOOGL",2024,12,"2024-12",10,302,5.59259259259259,170.505432128906,188.428848266602,185.87023344494,0.105119326193342,30743342.8571429,-0.0273715754039929,0.132490901597335
"Alphabet","GOOGL",2025,1,"2025-01",7,61,2.54166666666667,188.55827331543,203.081130981445,194.437089538574,0.0770205274510605,25016730,0.0293053626862604,0.0477151647648001
"Alphabet","GOOGL",2025,2,"2025-02",5,285,7.7027027027027,200.303955078125,169.496383666992,183.472301282381,-0.153804109355289,33125100,-0.00668435357227191,-0.147119755783017
"Alphabet","GOOGL",2025,3,"2025-03",2,183,22.875,166.241439819336,154.105651855469,164.742758614676,-0.0730009796417538,34864395.2380952,-0.040663503287542,-0.0323374763542118
"Alphabet","GOOGL",2025,4,"2025-04",9,152,2.57627118644068,156.527267456055,158.251266479492,154.024024600074,0.0110140491906403,40126109.5238095,-0.0113632118227609,0.0223772610134012
"Alphabet","GOOGL",2025,5,"2025-05",5,15,1.875,160.742630004883,171.146545410156,163.811513991583,0.0647240586082074,44880676.1904762,0.0548790353532401,0.00984502325496735
"Alphabet","GOOGL",2025,6,"2025-06",9,105,2.83783783783784,168.445922851562,175.833648681641,172.119927215576,0.0438581457183046,42369120,0.0453188975228278,-0.00146075180452314
"Alphabet","GOOGL",2025,7,"2025-07",9,138,3.53846153846154,175.444519042969,191.468399047852,184.517707824707,0.0913330327575428,39096109.0909091,0.0228106079919178,0.0685224247656251
"Alphabet","GOOGL",2025,8,"2025-08",6,47,1.74074074074074,188.704650878906,212.43115234375,201.635963803246,0.125733527787131,29408138.0952381,0.0356283507641691,0.0901051770229615
"Alphabet","GOOGL",2025,9,"2025-09",7,618,3.47191011235955,210.874664306641,242.770202636719,242.16470409575,0.151253534581554,39498357.1428571,0.042540444017692,0.108713090563862
"Alphabet","GOOGL",2025,10,"2025-10",7,12,0.444444444444444,244.567749023438,280.808502197266,253.825607299805,0.148182879053097,31720691.3043478,0.0192215991545151,0.128961279898582
"Alphabet","GOOGL",2025,11,"2025-11",3,18,3,283.335083007812,319.745635986328,292.529958624589,0.128507040469505,45014647.3684211,-0.000420371222208485,0.128927411691714
"Alphabet","GOOGL",2025,12,"2025-12",4,6,0.352941176470588,314.462829589844,313.629241943359,312.217410132999,-0.00265083045767803,31515761.9047619,0.0122728451421439,-0.014923675599822
"Amazon","AMZN",2017,1,"2017-01",3,47,15.6666666666667,37.6834983825684,41.173999786377,40.3752500534058,0.0926267876823037,70614000,0.00931869907587225,0.0833080886064314
"Amazon","AMZN",2017,2,"2017-02",3,42,14,41.6175003051758,42.2519989013672,41.7872631675319,0.0152459564255111,75524526.3157895,0.0368887903089599,-0.0216428338834488
"Amazon","AMZN",2017,3,"2017-03",2,13,6.5,42.6539993286133,44.3269996643066,42.7119999761167,0.0392225901914682,52791913.0434783,-0.0138733496286677,0.0530959398201359
"Amazon","AMZN",2017,4,"2017-04",1,72,36,44.5755004882812,46.2495002746582,45.1692894383481,0.0375542566665526,77410210.5263158,0.0107509887641124,0.0268032679024402
"Amazon","AMZN",2017,5,"2017-05",2,60,30,47.4114990234375,49.7309989929199,48.0859770341353,0.0489227300814892,69274545.4545455,0.00982693762394455,0.0390957924575447
"Amazon","AMZN",2017,6,"2017-06",1,20,10,49.7975006103516,48.4000015258789,49.5222050059925,-0.0280636390851744,87395818.1818182,-0.00273661815923322,-0.0253270209259411
"Amazon","AMZN",2017,7,"2017-07",4,321,80.25,47.6829986572266,49.3889999389648,50.4241998672485,0.0357779781007906,78812400,0.0169987109548734,0.0187792671459173
"Amazon","AMZN",2017,8,"2017-08",2,567,94.5,49.8095016479492,49.0299987792969,48.5718264372452,-0.0156496821462264,67297217.3913043,-0.00189803344726924,-0.0137516486989571
"Amazon","AMZN",2017,9,"2017-09",8,177,22.125,48.9124984741211,48.0675010681152,48.4496246337891,-0.0172756950138815,59291800,0.017286167349619,-0.0345618623635005
"Amazon","AMZN",2017,10,"2017-10",1,2,1,47.9594993591309,55.2639999389648,50.0359998182817,0.15230560530118,75758272.7272727,0.0182434563959875,0.134062148905193
"Amazon","AMZN",2017,12,"2017-12",4,100,20,58.1175003051758,58.4734992980957,58.4420747756958,0.00612550421216615,57760200,0.011880213255067,-0.00575470904290085
"Amazon","AMZN",2018,1,"2018-01",5,155,19.375,59.4505004882812,72.5445022583008,65.4505475362142,0.220250488431138,91782095.2380952,0.0474810899944376,0.1727693984367
"Amazon","AMZN",2018,2,"2018-02",2,310,103.333333333333,69.5,75.6224975585938,72.1181580392938,0.0880934900517086,145035789.473684,-0.0383241210399322,0.126417611091641
"Amazon","AMZN",2018,3,"2018-03",4,685,137,74.6725006103516,72.3669967651367,77.0183810279483,-0.0308748712895687,124190571.428571,-0.0137432192022127,-0.0171316520873559
"Amazon","AMZN",2018,4,"2018-04",5,66,5.5,68.5995025634766,78.3065032958984,73.411023457845,0.14150249447421,123732952.380952,0.0256286771728297,0.11587381730138
"Amazon","AMZN",2018,5,"2018-05",2,261,87,79.1129989624023,81.4810028076172,79.7451823841442,0.029931918600889,65105000,0.0190108368897324,0.0109210817111566
"Amazon","AMZN",2018,6,"2018-06",5,37,6.16666666666667,82.0770034790039,84.9899978637695,84.9411897205171,0.0354909933512716,81848857.1428571,-0.00594232445591484,0.0414333178071865
"Amazon","AMZN",2018,7,"2018-07",6,527,43.9166666666667,85.6890029907227,88.8720016479492,89.2324523925781,0.0371459410908443,92877238.0952381,0.0328528077457129,0.00429313334513138
"Amazon","AMZN",2018,8,"2018-08",3,24,3,89.8584976196289,100.635498046875,94.892564524775,0.119933013713017,83978956.5217391,0.0313361634284932,0.0885968502845242
"Amazon","AMZN",2018,9,"2018-09",3,35,5.83333333333333,101.97550201416,100.150001525879,98.3038944445158,-0.017901363094322,99416315.7894737,0.00595846679699434,-0.0238598298913164
"Amazon","AMZN",2018,10,"2018-10",6,320,16.8421052631579,100.218002319336,79.9004974365234,89.102912902832,-0.202733085998587,159322434.782609,-0.0727794635349288,-0.129953622463658
"Amazon","AMZN",2018,11,"2018-11",6,113,16.1428571428571,83.276496887207,84.5084991455078,81.2741899036226,0.0147941172401795,132657142.857143,0.00722523011155185,0.00756888712862762
"Amazon","AMZN",2018,12,"2018-12",6,171,15.5454545454545,88.6179962158203,75.098503112793,77.9721571269788,-0.152559228151604,162960736.842105,-0.10160659970693,-0.0509526284446742
"Amazon","AMZN",2019,1,"2019-01",13,397,17.2608695652174,76.9564971923828,85.9365005493164,82.0016188848586,0.116689346378183,127620666.666667,0.0773178273144959,0.0393715190636866
"Amazon","AMZN",2019,2,"2019-02",8,185,16.8181818181818,81.3115005493164,81.9915008544922,81.3468684146279,0.00836290439337487,85196736.8421053,0.0288043953304125,-0.0204414909370376
"Amazon","AMZN",2019,3,"2019-03",7,313,18.4117647058824,83.5865020751953,89.0374984741211,86.1245949154808,0.0652138355307895,96030666.6666667,0.0109534083936888,0.0542604271371007
"Amazon","AMZN",2019,4,"2019-04",18,563,11.0392156862745,90.7095031738281,96.3259963989258,93.3101192656017,0.0619173628846217,77370666.6666667,0.0274275992612404,0.0344897636233812
"Amazon","AMZN",2019,5,"2019-05",12,272,10.0740740740741,95.5759963989258,88.7535018920898,93.4691595597701,-0.0713829283909262,89285818.1818182,-0.0587160657864434,-0.0126668626044828
"Amazon","AMZN",2019,6,"2019-06",10,82,4.55555555555556,84.6344985961914,94.6815032958984,92.6308746337891,0.118710512454778,74746500,0.0718942090780336,0.0468163033767439
"Amazon","AMZN",2019,7,"2019-07",8,1405,70.25,96.1094970703125,93.338996887207,98.294112812389,-0.0288264975632804,66498909.0909091,0.00541431091157427,-0.0342408084748547
"Amazon","AMZN",2019,8,"2019-08",13,254,14.9411764705882,92.765998840332,88.8144989013672,89.680136940696,-0.0425964252890343,72519272.7272727,-0.00917540091233253,-0.0334210243767017
"Amazon","AMZN",2019,9,"2019-09",16,963,27.5142857142857,89.4919967651367,86.7955017089844,89.9560489654541,-0.0301311307560724,61172900,0.0242475648269224,-0.0543786955829948
"Amazon","AMZN",2019,10,"2019-10",18,547,14.7837837837838,86.7825012207031,88.8330001831055,87.6165867681089,0.0236280233175991,61183043.4782609,0.0330958451130856,-0.00946782179548655
"Amazon","AMZN",2019,11,"2019-11",16,360,9.23076923076923,89.5719985961914,90.0400009155273,88.7147006988525,0.00522487302584133,52076200,0.0241513674943359,-0.0189264944684946
"Amazon","AMZN",2019,12,"2019-12",12,220,9.56521739130435,89.0800018310547,92.3919982910156,89.2886428833008,0.0371800223606004,64904380.952381,0.0375448903485319,-0.000364867987931547
"Amazon","AMZN",2020,1,"2020-01",13,963,50.6842105263158,94.9004974365234,100.435997009277,94.2118802751814,0.0583295106167011,80665047.6190476,-0.00992374638362237,0.0682532570003234
"Amazon","AMZN",2020,2,"2020-02",19,543,13.2439024390244,100.209999084473,94.1875,103.308762801321,-0.0600987839486552,97379052.631579,-0.0907070528847628,0.0306082689361076
"Amazon","AMZN",2020,3,"2020-03",14,970,29.3939393939394,97.6975021362305,97.4860000610352,93.6155222112482,-0.00216486676292288,148917363.636364,-0.163625327491459,0.161460460728536
"Amazon","AMZN",2020,4,"2020-04",26,1281,23.7222222222222,95.3850021362305,123.699996948242,111.435262044271,0.296849548439196,118676000,0.178882789573214,0.117966758865982
"Amazon","AMZN",2020,5,"2020-05",20,350,7.4468085106383,114.302001953125,122.118499755859,119.709200668335,0.0683846097983472,82584400,0.0754581361580075,-0.00707352635966028
"Amazon","AMZN",2020,6,"2020-06",19,359,9.2051282051282,123.552001953125,137.940994262695,130.677272796631,0.116461021125578,79834818.1818182,0.0145824594707529,0.101878561654825
"Amazon","AMZN",2020,7,"2020-07",17,398,11.7058823529412,143.934997558594,158.233993530273,152.692656777122,0.0993434273402394,115910909.090909,0.0498289410990567,0.0495144862411827
"Amazon","AMZN",2020,8,"2020-08",12,1252,24.5490196078431,155.594497680664,172.548004150391,162.462736583891,0.108959550128317,79539619.047619,0.0624352941516473,0.0465242559766694
"Amazon","AMZN",2020,9,"2020-09",14,389,12.9666666666667,174.955993652344,157.436492919922,158.037402925037,-0.100136613594588,110380285.714286,-0.0464037845761189,-0.0537328290184688
"Amazon","AMZN",2020,10,"2020-10",35,670,8.375,161.063003540039,151.807495117188,161.530023748224,-0.0574651423320236,105660090.909091,-0.0327851651354078,-0.0246799771966157
"Amazon","AMZN",2020,11,"2020-11",16,135,2.64705882352941,150.223999023438,158.401992797852,157.090399932861,0.0544386637792684,90810500,0.0940686758352157,-0.0396300120559473
"Amazon","AMZN",2020,12,"2020-12",15,1244,25.3877551020408,161.003997802734,162.846496582031,159.887500416149,0.0114438076348535,70505636.3636364,0.0255621560528204,-0.0141183484179669
"Amazon","AMZN",2021,1,"2021-01",20,955,17.3636363636364,159.331497192383,160.309997558594,160.002420525802,0.00614128645907005,75293578.9473684,0.00367235168125953,0.00246893477781051
"Amazon","AMZN",2021,2,"2021-02",13,271,5.89130434782609,167.143997192383,154.646499633789,163.19342121325,-0.0747708429170156,75902105.2631579,0.00988107504264371,-0.0846519179596593
"Amazon","AMZN",2021,3,"2021-03",14,1350,43.5483870967742,157.307006835938,154.703994750977,153.413631273353,-0.0165473371931597,67989565.2173913,0.0182145314170351,-0.0347618686101948
"Amazon","AMZN",2021,4,"2021-04",18,419,9.52272727272727,158.050003051758,173.371002197266,167.608713785807,0.096937670671797,73180571.4285714,0.0401256259494158,0.0568120447223812
"Amazon","AMZN",2021,5,"2021-05",20,100,1.88679245283019,169.324493408203,161.153503417969,162.312999725342,-0.0482563970856594,75183900,0.00273089318107071,-0.0509872902667302
"Amazon","AMZN",2021,6,"2021-06",24,173,2.93220338983051,160.932495117188,172.007995605469,168.386271390048,0.0688207840201341,60919090.9090909,0.022717527688955,0.0461032563311791
"Amazon","AMZN",2021,7,"2021-07",18,197,3.86274509803922,171.648498535156,166.379501342773,180.800309680757,-0.030696436248195,79742190.4761905,0.0174353868897148,-0.0481318231379098
"Amazon","AMZN",2021,8,"2021-08",15,1118,19.2758620689655,166.574005126953,173.539505004883,165.645887201483,0.0418162478150236,57134727.2727273,0.0308901464055709,0.0109261014094527
"Amazon","AMZN",2021,9,"2021-09",11,14,0.666666666666667,173.949996948242,164.251998901367,171.359143211728,-0.0557516425238029,59550190.4761905,-0.0478659381591774,-0.00788570436462549
"Amazon","AMZN",2021,10,"2021-10",19,489,8.73214285714286,164.162994384766,168.621505737305,166.71031043643,0.0271590523141238,60641238.0952381,0.0569973747139205,-0.0298383223997967
"Amazon","AMZN",2021,11,"2021-11",9,41,2.15789473684211,165.905502319336,175.353500366211,175.880927676246,0.0569480693213504,72190000,-0.0101155745134089,0.0670636438347593
"Amazon","AMZN",2021,12,"2021-12",1,6,3,172.186004638672,166.716995239258,170.862478776412,-0.0317622179043567,58528818.1818182,0.0560908244836523,-0.087853042388009
"Amazon","AMZN",2022,1,"2022-01",4,39,5.57142857142857,170.404495239258,149.573501586914,155.480848693848,-0.122244390461037,76232700,-0.0585857886638526,-0.0636586017971844
"Amazon","AMZN",2022,3,"2022-03",3,235,47,151.141998291016,162.997497558594,154.280479762865,0.0784394767942065,70803739.1304348,0.0520522223053739,0.0263872544888326
"Amazon","AMZN",2022,4,"2022-04",9,794,24.8125,163.559997558594,124.28150177002,151.308700180054,-0.240147324375589,73250400,-0.0910564117568774,-0.149090912618712
"Amazon","AMZN",2022,5,"2022-05",3,2964,211.714285714286,124.5,120.209503173828,112.473047892253,-0.0344618218969629,107546476.190476,-0.00559033857887072,-0.0288714833180921
"Amazon","AMZN",2022,6,"2022-06",2,180,45,121.68399810791,106.209999084473,112.863095238095,-0.127165438874839,84171480.952381,-0.0770135054996721,-0.0501519333751672
"Amazon","AMZN",2022,7,"2022-07",4,201,22.3333333333333,109.559997558594,134.949996948242,117.03749961853,0.231745162061268,66892630,0.0797212148257223,0.152023947235546
"Amazon","AMZN",2022,8,"2022-08",6,2730,44.7540983606557,135.389999389648,126.769996643066,137.439565575641,-0.0636679428720131,50889086.9565217,-0.039729203028256,-0.0239387398437572
"Amazon","AMZN",2022,9,"2022-09",5,485,28.5294117647059,127.819999694824,113,123.213810511998,-0.115944294556467,57642266.6666667,-0.0961039542920953,-0.0198403402643717
"Amazon","AMZN",2022,10,"2022-10",5,314,52.3333333333333,115.879997253418,102.440002441406,114.460476103283,-0.115982008375611,69491023.8095238,0.0526175711988618,-0.168599579574473
"Amazon","AMZN",2022,11,"2022-11",5,103,8.58333333333333,96.7900009155273,96.5400009155273,93.9480954124814,-0.00258291143336371,96911104.7619048,0.0580923741844199,-0.0606752856177836
"Amazon","AMZN",2022,12,"2022-12",3,41,5.85714285714286,95.5,84,87.9371425083705,-0.120418848167539,73771109.5238095,-0.0581542974569267,-0.0622645507106126
"Amazon","AMZN",2023,1,"2023-01",10,219,5.61538461538461,85.8199996948242,103.129997253418,94.2235000610352,0.201701207412585,76189930,0.0660175130015768,0.135683694411009
"Amazon","AMZN",2023,2,"2023-02",2,12,4,105.150001525879,94.2300033569336,99.2142113133481,-0.103851621592775,71794842.1052632,-0.0361865649013495,-0.0676650566914258
"Amazon","AMZN",2023,4,"2023-04",2,19,3.8,102.410003662109,105.449996948242,103.341578834935,0.0296845344929675,64433394.7368421,0.0109031660486166,0.0187813684443509
"Amazon","AMZN",2023,5,"2023-05",4,30,1.875,102.050003051758,120.580001831055,111.939546411688,0.18157764061897,65138140.9090909,0.00286956181484145,0.178708078804129
"Amazon","AMZN",2023,6,"2023-06",2,210,23.3333333333333,122.769996643066,130.360000610352,126.380475725446,0.0618229549142356,59187428.5714286,0.0543375445318832,0.0074854103823524
"Amazon","AMZN",2023,8,"2023-08",5,86,7.16666666666667,131.690002441406,138.009994506836,135.50217537258,0.0479914340364728,52638621.7391304,-0.0150915226621423,0.063082956698615
"Amazon","AMZN",2023,9,"2023-09",2,48,3.69230769230769,138.119995117188,127.120002746582,135.440000915527,-0.0796408395560147,56025265,-0.0504277706479366,-0.0292130689080781
"Amazon","AMZN",2023,10,"2023-10",4,116,12.8888888888889,129.460006713867,133.089996337891,128.278635892001,0.0280394672931421,55666754.5454545,-0.0220573056591408,0.0500967729522829
"Amazon","AMZN",2023,11,"2023-11",1,102,17,137,146.089996337891,143.457620529901,0.0663503382327783,48859023.8095238,0.0778553213297589,-0.0115049830969806
"Amazon","AMZN",2023,12,"2023-12",2,846,38.4545454545455,147.029998779297,151.940002441406,149.823999786377,0.0333945705153658,46566110,0.0381315143506739,-0.00473694383530812
"Amazon","AMZN",2024,1,"2024-01",3,49,7,149.929992675781,155.199996948242,153.615237281436,0.0351497667571901,45429285.7142857,0.0216790023098188,0.0134707644473713
"Amazon","AMZN",2024,2,"2024-02",2,26,8.66666666666667,159.279998779297,176.759994506836,171.003498077393,0.109743821330385,52250110,0.038742910567078,0.0710009107633068
"Amazon","AMZN",2024,3,"2024-03",4,58,3.625,178.220001220703,180.380004882812,176.822499847412,0.0121198723337146,35102840,0.0228281470695027,-0.0107082747357882
"Amazon","AMZN",2024,4,"2024-04",3,736,147.2,180.970001220703,175,181.17318240079,-0.032988899709529,41688104.5454545,-0.0396813890292619,0.00669248931973289
"Amazon","AMZN",2024,5,"2024-05",4,38,5.42857142857143,179,176.440002441406,184.176364551891,-0.0143016623385126,40557940.9090909,0.0516340144641831,-0.0659356768026957
"Amazon","AMZN",2024,6,"2024-06",3,42,7,178.339996337891,193.25,186.084210847553,0.0836043734903989,42660826.3157895,0.0335163117307183,0.0500880617596805
"Amazon","AMZN",2024,7,"2024-07",6,105,7.5,197.199996948242,186.979995727539,190.333181901412,-0.0518255648015324,39457322.7272727,0.00862268241888154,-0.060448247220414
"Amazon","AMZN",2024,8,"2024-08",1,0,0,184.070007324219,178.5,172.392272949219,-0.030260265673852,44137450,0.0370353536562418,-0.0672956193300939
"Amazon","AMZN",2024,10,"2024-10",3,30,3.33333333333333,185.130004882812,186.399993896484,186.834783139436,0.00685998476841061,31907773.9130435,-0.000578025782789577,0.00743801055120018
"Amazon","AMZN",2024,11,"2024-11",3,41,10.25,197.929992675781,207.889999389648,204.504999542236,0.0503208562745827,45291765,0.0529919160164404,-0.0026710597418577
"Amazon","AMZN",2024,12,"2024-12",1,24,24,210.710006713867,219.389999389648,224.100952148438,0.0411940221119551,36232904.7619048,-0.0273715754039929,0.0685655975159479
"Amazon","AMZN",2025,1,"2025-01",3,34,3.09090909090909,220.220001220703,237.679992675781,228.01600112915,0.0792843127703911,32628850,0.0293053626862604,0.0499789500841306
"Amazon","AMZN",2025,2,"2025-02",1,0,0,237.419998168945,212.279998779297,225.848946822317,-0.105888297462453,41242826.3157895,-0.00668435357227191,-0.0992039438901815
"Amazon","AMZN",2025,3,"2025-03",3,77,7.7,205.020004272461,190.259994506836,198.509047735305,-0.0719930224272638,46034371.4285714,-0.040663503287542,-0.0313295191397217
"Amazon","AMZN",2025,4,"2025-04",3,109,7.26666666666667,192.169998168945,184.419998168945,181.21380905878,-0.0403288758591059,62528252.3809524,-0.0113632118227609,-0.028965664036345
"Amazon","AMZN",2025,5,"2025-05",2,2,1,190.199996948242,205.009994506836,200.157143002465,0.0778653932503684,44631557.1428571,0.0548790353532401,0.0229863578971283
"Amazon","AMZN",2025,6,"2025-06",4,18,3.6,206.649993896484,219.389999389648,213.018502044678,0.0616501614780875,43534395,0.0453188975228278,0.0163312639552598
"Amazon","AMZN",2025,7,"2025-07",3,23,2.55555555555556,220.460006713867,234.110000610352,226.295909534801,0.0619159642601325,38909836.3636364,0.0228106079919178,0.0391053562682147
"Amazon","AMZN",2025,8,"2025-08",2,2,0.222222222222222,214.75,229,224.670952206566,0.0663562281722934,41793271.4285714,0.0356283507641691,0.0307278774081242
"Amazon","AMZN",2025,9,"2025-09",3,6,0.857142857142857,225.339996337891,219.570007324219,228.08952331543,-0.0256057029708119,45957142.8571429,0.042540444017692,-0.068146146988504
"Amazon","AMZN",2025,10,"2025-10",4,0,0,220.630004882812,244.220001220703,222.150435074516,0.10692107064232,52038121.7391304,0.0192215991545151,0.087699471487805
"Amazon","AMZN",2025,12,"2025-12",2,0,0,233.880004882812,232.529998779297,229.18714323498,-0.00577221684338538,36360795.2380952,0.0122728451421439,-0.0180450619855293
"Apple","AAPL",2017,11,"2017-11",2,696,232,38.8720626831055,40.1712417602539,40.2530577523368,0.0334219227762535,114412076.190476,0.0264484088541294,0.00697351392212408
"Apple","AAPL",2018,1,"2018-01",1,20,20,40.2670631408691,39.1380233764648,40.675040108817,-0.0280387909208699,125653219.047619,0.0474810899944376,-0.0755198809153075
"Apple","AAPL",2018,2,"2018-02",1,6,6,39.2198371887207,41.8066482543945,39.2983609249717,0.0659567007692162,195346168.421053,-0.0383241210399322,0.104280821809148
"Apple","AAPL",2018,6,"2018-06",1,6,6,44.8235359191895,43.6148338317871,44.4421673729306,-0.0269657906859794,100499904.761905,-0.00594232445591484,-0.0210234662300646
"Apple","AAPL",2018,9,"2018-09",1,0,0,53.9938926696777,53.3744239807129,52.5075490851151,-0.0114729399629438,142941473.684211,0.00595846679699434,-0.0174314067599381
"Apple","AAPL",2018,11,"2018-11",1,5,5,52.5421409606934,42.3711433410645,45.3328713916597,-0.193577905918181,183109790.47619,0.00722523011155185,-0.200803136029733
"Apple","AAPL",2019,3,"2019-03",1,6,6,41.6926651000977,45.2621574401855,43.6760931469145,0.0856143959979073,123996457.142857,0.0109534083936888,0.0746609876042185
"Apple","AAPL",2019,4,"2019-04",2,75,8.33333333333333,45.5695533752441,47.8165626525879,47.7799192156111,0.0493094426193004,96403371.4285714,0.0274275992612404,0.02188184335806
"Apple","AAPL",2019,7,"2019-07",1,0,0,48.2112083435059,50.959644317627,49.088210365989,0.0570082366436126,86154854.5454545,0.00541431091157427,0.0515939257320384
"Apple","AAPL",2019,8,"2019-08",1,0,0,49.8569145202637,50.120792388916,49.1628284454346,0.00529270355358822,123833018.181818,-0.00917540091233253,0.0144681044659207
"Apple","AAPL",2019,9,"2019-09",2,3,0.6,49.3908424377441,53.7776718139648,52.3430097579956,0.088818678923126,108513420,0.0242475648269224,0.0645711140962036
"Apple","AAPL",2019,10,"2019-10",4,68,6.8,53.9265403747559,59.7300224304199,56.4948956033458,0.10761828990574,105791773.913043,0.0330958451130856,0.0745224447926543
"Apple","AAPL",2019,12,"2019-12",1,0,0,63.6181755065918,70.7203140258789,66.5962281000047,0.11163694121582,113752133.333333,0.0375448903485319,0.0740920508672881
"Apple","AAPL",2020,1,"2020-01",3,95,4.31818181818182,72.3338470458984,74.5398941040039,75.1193778628395,0.0304981298271838,139731923.809524,-0.00992374638362237,0.0404218762108062
"Apple","AAPL",2020,2,"2020-02",4,65,13,74.3351974487305,65.9900436401367,75.1034686439916,-0.112263827836732,158909431.578947,-0.0907070528847628,-0.0215567749519691
"Apple","AAPL",2020,3,"2020-03",5,518,74,72.1337738037109,61.3865013122559,63.3549255024303,-0.148990853032317,285457836.363636,-0.163625327491459,0.0146344744591425
"Apple","AAPL",2020,4,"2020-04",4,285,19,58.1565093994141,70.9243621826172,65.7549809047154,0.219542969739029,155490438.095238,0.178882789573214,0.0406601801658152
"Apple","AAPL",2020,6,"2020-06",3,64,16,77.9060516357422,88.3023910522461,83.7048419605602,0.133447135340821,147426163.636364,0.0145824594707529,0.118864675870068
"Apple","AAPL",2020,7,"2020-07",4,136,13.6,88.1353454589844,102.883888244629,92.5299079201438,0.167339705867586,137285600,0.0498289410990567,0.117510764768529
"Apple","AAPL",2020,8,"2020-08",1,21,21,105.476318359375,125.165382385254,113.740884326753,0.186668100784434,193812433.333333,0.0624352941516473,0.124232806632787
"Apple","AAPL",2020,10,"2020-10",3,19,4.75,113.283226013184,105.591323852539,112.917718020352,-0.0678997450138767,131575750,-0.0327851651354078,-0.0351145798784689
"Apple","AAPL",2020,11,"2020-11",5,61,2.65217391304348,105.504020690918,115.674575805664,113.47572593689,0.0963996921457762,106153865,0.0940686758352157,0.0023310163105605
"Apple","AAPL",2020,12,"2020-12",4,438,54.75,119.240524291992,128.927841186523,123.681397524747,0.0812418173439868,105554072.727273,0.0255621560528204,0.0556796612911664
"Apple","AAPL",2021,1,"2021-01",3,275,16.1764705882353,125.740852355957,128.218521118164,129.264861659,0.0197045647121355,117908526.315789,0.00367235168125953,0.016032213030876
"Apple","AAPL",2021,2,"2021-02",4,18,1.8,130.336730957031,117.998008728027,127.951953285619,-0.094668035160953,96518715.7894737,0.00988107504264371,-0.104549110203597
"Apple","AAPL",2021,3,"2021-03",1,0,0,124.352325439453,118.864059448242,118.592846414317,-0.0441348078680134,115235573.913043,0.0182145314170351,-0.0623493392850485
"Apple","AAPL",2021,4,"2021-04",2,4,0.8,119.691184997559,127.923629760742,128.266970316569,0.0687807106542684,89993214.2857143,0.0401256259494158,0.0286550847048526
"Apple","AAPL",2021,5,"2021-05",3,355,29.5833333333333,128.974533081055,121.463844299316,123.540119552612,-0.0582338900736175,85596745,0.00273089318107071,-0.0609647832546882
"Apple","AAPL",2021,6,"2021-06",4,111,9.25,121.142166137695,133.501983642578,126.677426078103,0.10202737741072,73026818.1818182,0.022717527688955,0.0793098497217652
"Apple","AAPL",2021,7,"2021-07",1,22,22,133.80419921875,142.177291870117,141.475029355004,0.062577203856498,91382623.8095238,0.0174353868897148,0.0451418169667831
"Apple","AAPL",2021,8,"2021-08",3,0,0,141.845901489258,148.218322753906,144.61396928267,0.0449249586892789,66433763.6363636,0.0308901464055709,0.014034812283708
"Apple","AAPL",2021,11,"2021-11",1,42,21,145.416580200195,161.603393554688,150.765300932385,0.111313395846662,80525190.4761905,-0.0101155745134089,0.121428970360071
"Apple","AAPL",2022,1,"2022-01",1,0,0,177.939743041992,170.87141418457,166.062908172607,-0.0397231598550404,105422300,-0.0585857886638526,0.0188626288088122
"Apple","AAPL",2022,4,"2022-04",4,2179,70.2903225806452,170.629013061523,154.320831298828,163.29818572998,-0.0955768393081843,84389780,-0.0910564117568774,-0.00452042755130691
"Apple","AAPL",2022,6,"2022-06",3,121,13.4444444444444,145.78352355957,134.02946472168,137.047462100074,-0.0806267989063089,83290466.6666667,-0.0770135054996721,-0.00361329340663687
"Apple","AAPL",2022,11,"2022-11",1,0,0,147.890518188477,145.559509277344,143.375664847238,-0.0157617198160202,82135604.7619048,0.0580923741844199,-0.0738540940004401
"Apple","AAPL",2022,12,"2022-12",1,0,0,145.834884643555,127.761611938477,135.575658162435,-0.12392969452578,79796723.8095238,-0.0581542974569267,-0.0657753970688535
"Apple","AAPL",2023,2,"2023-02",1,0,0,143.002914428711,145.171188354492,148.591817755448,0.0151624457056934,68799942.1052632,-0.0361865649013495,0.0513490106070429
"Apple","AAPL",2023,4,"2023-04",1,60,20,163.646270751953,167.102966308594,162.539146824887,0.0211229717656085,51040863.1578947,0.0109031660486166,0.0102198057169919
"Apple","AAPL",2023,6,"2023-06",2,33,4.71428571428571,177.600189208984,191.288284301758,181.735550653367,0.0770725253939143,61780157.1428571,0.0543375445318832,0.0227349808620311
"Apple","AAPL",2023,7,"2023-07",1,4,4,189.799179077148,193.734008789062,189.751342010498,0.0207315423124915,49805700,0.0299332124061156,-0.00920167009362402
"Apple","AAPL",2023,8,"2023-08",4,17,1.30769230769231,192.905639648438,185.522811889648,178.736044842264,-0.0382717051312961,57506860.8695652,-0.0150915226621423,-0.0231801824691539
"Apple","AAPL",2023,10,"2023-10",1,626,313,171.579238891602,168.636459350586,172.48638569225,-0.0171511399632375,53309859.0909091,-0.0220573056591408,0.00490616569590326
"Apple","AAPL",2023,11,"2023-11",1,6,2,171.796493530273,187.823944091797,183.721306210472,0.0932932345251804,52364361.9047619,0.0778553213297589,0.0154379131954215
"Apple","AAPL",2023,12,"2023-12",1,0,0,189.099517822266,190.375076293945,192.133668518066,0.00674543481849903,53159060,0.0381315143506739,-0.0313860795321749
"Apple","AAPL",2024,2,"2024-02",1,0,0,184.768539428711,178.954971313477,182.869378662109,-0.0314640584009023,58077675,0.038742910567078,-0.0702069689679803
"Apple","AAPL",2024,3,"2024-03",4,68,2.83333333333333,177.875823974609,169.777038574219,170.981460571289,-0.0455305573260292,71657590,0.0228281470695027,-0.0683587043955319
"Apple","AAPL",2024,5,"2024-05",3,332,20.75,167.618698120117,190.598922729492,184.609336853027,0.137098216768795,60750513.6363636,0.0516340144641831,0.0854642023046116
"Apple","AAPL",2024,6,"2024-06",1,0,0,192.363662719727,208.811172485352,204.491753026059,0.0855021657057393,90418531.5789474,0.0335163117307183,0.0519858539750209
"Apple","AAPL",2024,7,"2024-07",1,24,8,214.888534545898,220.172744750977,222.669767899947,0.0245904706653833,52413627.2727273,0.00862268241888154,0.0159677882465018
"Apple","AAPL",2024,9,"2024-09",1,32,8,221.11247253418,231.266372680664,222.093125915527,0.045921878716791,61604885,0.0422414096872726,0.00368046902951835
"Apple","AAPL",2025,1,"2025-01",2,7,1,242.30192565918,234.501754760742,233.09772644043,-0.032191947617491,60008820,0.0293053626862604,-0.0614973103037514
"Apple","AAPL",2025,2,"2025-02",1,72,72,226.562469482422,240.568893432617,237.193694265265,0.0618214657625897,45382752.6315789,-0.00668435357227191,0.0685058193348616
"Apple","AAPL",2025,4,"2025-04",1,5,5,222.01692199707,211.383117675781,200.126392909459,-0.0478963685544176,76538980.952381,-0.0113632118227609,-0.0365331567316567
"Apple","AAPL",2025,9,"2025-09",1,4,1,229.071929931641,253.911666870117,241.802111671084,0.108436406616425,60263638.0952381,0.042540444017692,0.0658959625987328
"Apple","AAPL",2025,11,"2025-11",1,3,1,268.290985107422,278.332885742188,271.083987587377,0.0374291392263699,46188326.3157895,-0.000420371222208485,0.0378495104485784
"Apple","AAPL",2025,12,"2025-12",1,0,0,282.575012207031,272.573547363281,276.005299886068,-0.035394017204969,42725485.7142857,0.0122728451421439,-0.047666862347113
"Broadcom","AVGO",2020,11,"2020-11",1,93,93,31.2661514282227,35.7462348937988,33.6726487159729,0.143288612794608,15049850,0.0940686758352157,0.0492199369593922
"Broadcom","AVGO",2025,9,"2025-09",1,2,2,296.539276123047,328.590667724609,337.258980887277,0.10808481095861,30185228.5714286,0.042540444017692,0.0655443669409177
"Broadcom","AVGO",2025,12,"2025-12",1,0,0,384.536010742188,349.117645263672,364.248144240606,-0.0921067585065834,41335147.6190476,0.0122728451421439,-0.104379603648727
"Meta","META",2017,1,"2017-01",6,577,96.1666666666667,115.950080871582,129.305313110352,125.830049133301,0.115180879033287,18947945,0.00931869907587225,0.105862179957415
"Meta","META",2017,2,"2017-02",1,67,67,132.192626953125,134.484634399414,132.788472225792,0.0173383909459776,20247394.7368421,0.0368887903089599,-0.0195503993629823
"Meta","META",2017,3,"2017-03",4,617,68.5555555555556,136.349975585938,140.943969726562,138.322775799295,0.0336926656633652,14873852.173913,-0.0138733496286677,0.0475660152920329
"Meta","META",2017,4,"2017-04",4,1396,116.333333333333,141.172149658203,149.080108642578,141.852082101922,0.0560164239442499,14504542.1052632,0.0107509887641124,0.0452654351801375
"Meta","META",2017,5,"2017-05",6,6490,811.25,151.272903442383,150.280670166016,149.064312327992,-0.00655922676029757,18344859.0909091,0.00982693762394455,-0.0163861643842421
"Meta","META",2017,6,"2017-06",6,1955,217.222222222222,150.350128173828,149.804412841797,150.895396839489,-0.00362962997544185,18852595.4545455,-0.00273661815923322,-0.000893011816208625
"Meta","META",2017,7,"2017-07",3,278,55.6,147.274261474609,167.932159423828,159.282532501221,0.14026821620002,20995380,0.0169987109548734,0.123269505245146
"Meta","META",2017,8,"2017-08",4,6918,768.666666666667,168.537384033203,170.630981445312,167.842856365701,0.0124221544324962,13200991.3043478,-0.00189803344726924,0.0143201878797655
"Meta","META",2017,9,"2017-09",2,67,16.75,170.680603027344,169.539505004883,169.262717437744,-0.00668557529222069,15240915,0.017286167349619,-0.0239717426418397
"Meta","META",2017,10,"2017-10",6,1162,129.111111111111,168.150482177734,178.657958984375,171.957385670055,0.0624885321204983,14461209.0909091,0.0182434563959875,0.0442450757245107
"Meta","META",2017,11,"2017-11",7,692,43.25,181.237762451172,175.800399780273,178.297484624953,-0.0300012679331292,16714223.8095238,0.0264484088541294,-0.0564496767872587
"Meta","META",2017,12,"2017-12",5,480,36.9230769230769,173.736602783203,175.086029052734,176.035067749023,0.0077670810175512,15854790,0.011880213255067,-0.0041131322375158
"Meta","META",2018,1,"2018-01",2,170,42.5,180.007400512695,185.434799194336,183.522662208194,0.0301509752720297,23602652.3809524,0.0474810899944376,-0.0173301147224079
"Meta","META",2018,2,"2018-02",8,597,35.1176470588235,191.586532592773,176.931533813477,178.86582304302,-0.0764928441522912,27171136.8421053,-0.0383241210399322,-0.0381687231123589
"Meta","META",2018,3,"2018-03",8,506,50.6,174.570068359375,158.545806884766,172.138663155692,-0.0917927203970692,47438176.1904762,-0.0137432192022127,-0.0780495011948565
"Meta","META",2018,4,"2018-04",10,325,16.25,154.180084228516,170.660736083984,162.534990583147,0.106892222415978,35717747.6190476,0.0256286771728297,0.0812635452431485
"Meta","META",2018,5,"2018-05",8,335,27.9166666666667,172.506271362305,190.286712646484,181.505640896884,0.103071274706509,18233822.7272727,0.0190108368897324,0.0840604378167766
"Meta","META",2018,6,"2018-06",15,6398,246.076923076923,192.479522705078,192.806976318359,193.747193836031,0.0017012387015474,18441219.047619,-0.00594232445591484,0.00764356315746224
"Meta","META",2018,7,"2018-07",13,2952,140.571428571429,195.823272705078,171.236206054688,198.410122825986,-0.125557428954935,30810985.7142857,0.0328528077457129,-0.158410236700647
"Meta","META",2018,8,"2018-08",8,545,34.0625,170.313461303711,174.361694335938,176.110147890837,0.0237693074947703,23862291.3043478,0.0313361634284932,-0.00756685593372291
"Meta","META",2018,9,"2018-09",7,401,28.6428571428571,169.827285766602,163.179473876953,163.09746511359,-0.0391445453517093,26340463.1578947,0.00595846679699434,-0.0451030121487037
"Meta","META",2018,10,"2018-10",9,375,18.75,161.175170898438,150.608108520508,152.987262228261,-0.0655625945300743,27062882.6086957,-0.0727794635349288,0.00721686900485452
"Meta","META",2018,11,"2018-11",17,851,23.6388888888889,150.568420410156,139.515151977539,140.532884870257,-0.0734102702446337,24673890.4761905,0.00722523011155185,-0.0806355003561855
"Meta","META",2018,12,"2018-12",11,1511,100.733333333333,139.991424560547,130.069259643555,136.093058937474,-0.0708769479854876,29409800,-0.10160659970693,0.0307296517214426
"Meta","META",2019,1,"2019-01",9,1734,96.3333333333333,134.62353515625,165.39208984375,144.290537516276,0.228552568106228,25121328.5714286,0.0773178273144959,0.151234740791732
"Meta","META",2019,2,"2019-02",14,837,26.15625,164.419692993164,160.192886352539,163.530379445929,-0.0257074232634696,15907536.8421053,0.0288043953304125,-0.0545118185938821
"Meta","META",2019,3,"2019-03",10,581,38.7333333333333,161.01643371582,165.39208984375,166.107903616769,0.0271752145228377,18473147.6190476,0.0109534083936888,0.0162218061291489
"Meta","META",2019,4,"2019-04",13,3731,98.1842105263158,167.386459350586,191.894119262695,179.138501848493,0.146413634694183,18189776.1904762,0.0274275992612404,0.118986035432942
"Meta","META",2019,5,"2019-05",13,2731,91.0333333333333,191.527008056641,176.088165283203,184.633366671475,-0.0806092202352565,13037340.9090909,-0.0587160657864434,-0.0218931544488131
"Meta","META",2019,6,"2019-06",27,1885,31.9491525423729,162.871856689453,191.497207641602,179.863027191162,0.175753819806501,21321430,0.0718942090780336,0.103859610728468
"Meta","META",2019,7,"2019-07",11,4920,153.75,191.497207641602,192.717651367188,198.04133051092,0.00637316721542003,15955495.4545455,0.00541431091157427,0.000958856303845761
"Meta","META",2019,8,"2019-08",8,152,12.6666666666667,191.22932434082,184.22428894043,183.061157920144,-0.0366315962498818,13394977.2727273,-0.00917540091233253,-0.0274561953375493
"Meta","META",2019,9,"2019-09",29,3239,44.9861111111111,180.969863891602,176.693389892578,184.288803863525,-0.0236308626589065,13226925,0.0242475648269224,-0.0478784274858289
"Meta","META",2019,10,"2019-10",30,4965,62.0625,174.441070556641,190.15771484375,182.948228918988,0.0900971556581121,14182921.7391304,0.0330958451130856,0.0570013105450265
"Meta","META",2019,11,"2019-11",27,9123,116.961538461538,192.112380981445,200.069961547852,194.194560241699,0.0414214873906269,12915195,0.0241513674943359,0.017270119896291
"Meta","META",2019,12,"2019-12",19,830,16.9387755102041,198.145050048828,203.651870727539,200.379433768136,0.0277918659959152,13155100,0.0375448903485319,-0.00975302435261676
"Meta","META",2020,1,"2020-01",13,451,15.551724137931,208.146560668945,200.337860107422,214.956471761068,-0.0375153955771726,16538790.4761905,-0.00992374638362237,-0.0275916491935502
"Meta","META",2020,2,"2020-02",30,6792,91.7837837837838,202.600112915039,190.97135925293,205.889547247636,-0.0573975675274472,16713015.7894737,-0.0907070528847628,0.0333094853573156
"Meta","META",2020,3,"2020-03",16,403,13,194.910461425781,165.501235961914,164.457154707475,-0.15088582341213,29521259.0909091,-0.163625327491459,0.0127395040793294
"Meta","META",2020,4,"2020-04",29,11969,102.299145299145,158.357299804688,203.116058349609,175.625122070312,0.282644113028738,25777838.0952381,0.178882789573214,0.103761323455524
"Meta","META",2020,5,"2020-05",21,1986,33.1,200.695037841797,223.337371826172,214.862872314453,0.112819600463781,25473825,0.0754581361580075,0.0373614643057738
"Meta","META",2020,6,"2020-06",51,14422,140.019417475728,230.104309082031,225.301956176758,230.239562988281,-0.020870330175179,24911081.8181818,0.0145824594707529,-0.0354527896459319
"Meta","META",2020,7,"2020-07",35,3003,42.9,235.700347900391,251.694808959961,237.349228598855,0.0678593018722642,23527259.0909091,0.0498289410990567,0.0180303607732076
"Meta","META",2020,8,"2020-08",23,2038,30.4179104477612,249.998153686523,290.917022705078,266.692852928525,0.163676684868095,27344719.047619,0.0624352941516473,0.101241390716448
"Meta","META",2020,9,"2020-09",12,785,41.3157894736842,293.139617919922,259.860748291016,264.476436796642,-0.113525663521869,23767395.2380952,-0.0464037845761189,-0.06712187894575
"Meta","META",2020,10,"2020-10",47,3830,29.921875,264.553955078125,261.061279296875,267.6802964644,-0.013202130280829,20640981.8181818,-0.0327851651354078,0.0195830348545788
"Meta","META",2020,11,"2020-11",24,1467,20.6619718309859,259.324920654297,274.813415527344,274.155072021484,0.0597262107859445,17838580,0.0940686758352157,-0.0343424650492712
"Meta","META",2020,12,"2020-12",21,795,15.5882352941176,284.318756103516,271.033050537109,274.377725774592,-0.046728206568156,16540954.5454545,0.0255621560528204,-0.0722903626209764
"Meta","META",2021,1,"2021-01",25,758,13.7818181818182,266.845886230469,256.318542480469,262.549124466745,-0.0394510250793515,23822794.7368421,0.00367235168125953,-0.043123376760611
"Meta","META",2021,2,"2021-02",30,3916,55.1549295774648,259.969909667969,255.614120483398,264.264090287058,-0.0167549744127445,16725010.5263158,0.00988107504264371,-0.0266360494553882
"Meta","META",2021,3,"2021-03",28,4808,96.16,262.847351074219,292.236694335938,273.36176200535,0.111811449275059,21626813.0434783,0.0182145314170351,0.0935969178580243
"Meta","META",2021,4,"2021-04",40,2184,19.1578947368421,296.334533691406,322.548797607422,305.357520693824,0.0884617246240843,20059890.4761905,0.0401256259494158,0.0483360986746685
"Meta","META",2021,5,"2021-05",15,7041,146.6875,320.068298339844,326.17041015625,314.865107727051,0.019065030332767,17671185,0.00273089318107071,0.0163341371516963
"Meta","META",2021,6,"2021-06",35,1117,11.8829787234043,326.567260742188,345.002593994141,333.806363192472,0.0564518721504882,15673200,0.022717527688955,0.0337343444615332
"Meta","META",2021,7,"2021-07",23,2277,39.2586206896552,351.630615234375,353.525756835938,350.625619070871,0.00538958076872606,15972395.2380952,0.0174353868897148,-0.0120458061209888
"Meta","META",2021,8,"2021-08",8,103,7.92307692307692,349.209625244141,376.426025390625,360.190232710405,0.0779371419887317,10278740.9090909,0.0308901464055709,0.0470469955831608
"Meta","META",2021,9,"2021-09",14,671,15.9761904761905,379.0751953125,336.747406005859,361.133154006231,-0.111660667408604,16101038.0952381,-0.0478659381591774,-0.0637947292494265
"Meta","META",2021,10,"2021-10",29,719,10.8939393939394,340.339202880859,321.050598144531,326.106134323847,-0.0566746486242444,28018214.2857143,0.0569973747139205,-0.113672023338165
"Meta","META",2021,11,"2021-11",16,206,7.10344827586207,327.410675048828,321.933624267578,333.909657796224,-0.0167283818111098,21005952.3809524,-0.0101155745134089,-0.0066128072977009
"Meta","META",2021,12,"2021-12",6,501,26.3684210526316,308.181549072266,333.731079101562,328.269808682528,0.0829041521343828,19920313.6363636,0.0560908244836523,0.0268133276507305
"Meta","META",2022,1,"2022-01",4,92,13.1428571428571,335.904022216797,310.820861816406,316.919981384277,-0.0746735934712971,21361865,-0.0585857886638526,-0.0160878048074444
"Meta","META",2022,2,"2022-02",4,78,15.6,316.516143798828,209.386840820312,226.658669722708,-0.338463945923103,59370505.2631579,-0.0379629556043325,-0.30050099031877
"Meta","META",2022,4,"2022-04",4,201,33.5,223.099273681641,198.909057617188,206.613603210449,-0.108428035937814,33612750,-0.0910564117568774,-0.0173716241809365
"Meta","META",2022,5,"2022-05",1,4,1,209.486083984375,192.132247924805,196.200799124581,-0.0828400423049804,32407085.7142857,-0.00559033857887072,-0.0772497037261097
"Meta","META",2022,6,"2022-06",3,185,26.4285714285714,187.171173095703,159.99446105957,172.149539039249,-0.145197102666216,32665504.7619048,-0.0770135054996721,-0.0681835971665435
"Meta","META",2022,7,"2022-07",4,22,4.4,158.783966064453,157.861175537109,166.056378936768,-0.0058116102665503,29324120,0.0797212148257223,-0.0855328250922726
"Meta","META",2022,8,"2022-08",1,0,0,158.68473815918,161.661331176758,167.243213819421,0.0187579035772945,23996647.826087,-0.039729203028256,0.0584871066055505
"Meta","META",2022,11,"2022-11",1,9,9,94.458740234375,117.18042755127,105.567279634022,0.240546160794825,50656723.8095238,0.0580923741844199,0.182453786610405
"Meta","META",2022,12,"2022-12",1,0,0,119.50220489502,119.402992248535,117.046242123558,-0.000830216033014047,31096180.952381,-0.0581542974569267,0.0573240814239126
"Meta","META",2023,1,"2023-01",7,236,15.7333333333333,123.76872253418,147.810073852539,136.180823898315,0.194244158185604,27438530,0.0660175130015768,0.128226645184028
"Meta","META",2023,2,"2023-02",1,4,2,151.927734375,173.577850341797,175.104816637541,0.14250272378418,40640573.6842105,-0.0361865649013495,0.178689288685529
"Meta","META",2023,4,"2023-04",2,213,53.25,211.410949707031,238.448806762695,215.510883532072,0.127892415663108,23509889.4736842,0.0109031660486166,0.116989249614491
"Meta","META",2023,6,"2023-06",2,76,25.3333333333333,270.487335205078,284.745483398438,274.905065627325,0.05271281253353,22911928.5714286,0.0543375445318832,-0.00162473199835324
"Meta","META",2023,7,"2023-07",1,49,7,283.792938232422,316.119232177734,300.780624389648,0.113908027968045,31256995,0.0299332124061156,0.0839748155619299
"Meta","META",2023,8,"2023-08",1,126,18,320.197265625,293.586120605469,297.523027502972,-0.0831085954703216,18456778.2608696,-0.0150915226621423,-0.0680170728081794
"Meta","META",2023,12,"2023-12",1,4,4,322.290863037109,351.203948974609,336.307334899902,0.0897111561433589,16731295,0.0381315143506739,0.0515796417926849
"Meta","META",2024,1,"2024-01",2,9,1,343.593658447266,387.102233886719,371.001906622024,0.126627993182624,16535009.5238095,0.0216790023098188,0.104948990872805
"Meta","META",2024,5,"2024-05",1,100,5,436.232635498047,463.686492919922,464.619307084517,0.0629339833562221,12839600,0.0516340144641831,0.011299968892039
"Meta","META",2024,7,"2024-07",2,7,3.5,501.779357910156,472.100952148438,489.461951515891,-0.0591463265554114,14727518.1818182,0.00862268241888154,-0.0677690089742929
"Meta","META",2024,10,"2024-10",1,20,1,573.703430175781,564.856201171875,578.494798743207,-0.015421258682723,11559926.0869565,-0.000578025782789577,-0.0148432328999334
"Meta","META",2025,1,"2025-01",1,8,8,596.845336914062,686.425964355469,629.130307006836,0.150090185682903,15895720,0.0293053626862604,0.120784822996642
"Meta","META",2025,4,"2025-04",1,0,0,584.177429199219,547.292602539062,531.874494280134,-0.0631397668183062,21493895.2380952,-0.0113632118227609,-0.0517765549955453
"Meta","META",2025,10,"2025-10",1,0,0,716.142272949219,647.267456054688,718.415434464164,-0.0961747679143291,17903852.173913,0.0192215991545151,-0.115396367068844
"Meta","META",2025,11,"2025-11",1,0,0,636.645263671875,646.8681640625,616.499460320724,0.0160574514159801,21910889.4736842,-0.000420371222208485,0.0164778226381886
"Microsoft","MSFT",2017,1,"2017-01",11,3287,182.611111111111,56.0497016906738,57.9036979675293,56.5978441238403,0.0330777188982606,24672675,0.00931869907587225,0.0237590198223883
"Microsoft","MSFT",2017,2,"2017-02",19,1859,50.2432432432432,56.9453620910645,57.6510238647461,57.607548964651,0.0123919095035901,23197052.6315789,0.0368887903089599,-0.0244968808053698
"Microsoft","MSFT",2017,3,"2017-03",15,1537,54.8928571428571,58.5160598754883,59.3450584411621,58.4271226965863,0.0141670264101477,21268247.826087,-0.0138733496286677,0.0280403760388154
"Microsoft","MSFT",2017,4,"2017-04",8,144,12,59.0657157897949,61.6878509521484,59.6257998817845,0.0443935221522627,22799536.8421053,0.0107509887641124,0.0336425333881503
"Microsoft","MSFT",2017,5,"2017-05",13,1876,58.625,62.5438919067383,63.292064666748,62.2778545726429,0.0119623633451752,23509931.8181818,0.00982693762394455,0.00213542572123064
"Microsoft","MSFT",2017,6,"2017-06",8,1270,74.7058823529412,63.5276794433594,62.4673919677734,63.9066592129794,-0.0166901653716358,28623490.9090909,-0.00273661815923322,-0.0139535472124026
"Microsoft","MSFT",2017,7,"2017-07",12,3000,120,61.7786254882812,65.8838882446289,65.2590599060059,0.0664511831381937,23492560,0.0169987109548734,0.0494524721833203
"Microsoft","MSFT",2017,8,"2017-08",7,395,26.3333333333333,65.7751693725586,68.1208572387695,66.189335366954,0.0356622094414486,19307413.0434783,-0.00189803344726924,0.0375602428887178
"Microsoft","MSFT",2017,9,"2017-09",9,764,42.4444444444444,67.3646926879883,67.8657684326172,67.733198928833,0.00743825473901779,18799195,0.017286167349619,-0.00984791261060118
"Microsoft","MSFT",2017,10,"2017-10",7,638,45.5714285714286,67.9750900268555,75.7829895019531,71.0085424943404,0.114864128491966,20452272.7272727,0.0182434563959875,0.0966206720959781
"Microsoft","MSFT",2017,11,"2017-11",23,1085,21.7,75.7829895019531,77.0700378417969,76.4726791381836,0.0169833408302081,20091714.2857143,0.0264484088541294,-0.00946506802392138
"Microsoft","MSFT",2017,12,"2017-12",10,1333,63.4761904761905,77.152473449707,78.3244857788086,77.608910369873,0.0151908587851763,23310165,0.011880213255067,0.00331064553010929
"Microsoft","MSFT",2018,1,"2018-01",16,1196,56.9523809523809,78.6999206542969,86.9956741333008,82.477168128604,0.105409934470512,27345638.0952381,0.0474810899944376,0.0579288444760741
"Microsoft","MSFT",2018,2,"2018-02",16,3988,124.625,86.3089370727539,86.2636108398438,83.8710676494398,-0.000525162682422431,38192805.2631579,-0.0383241210399322,0.0377989583575098
"Microsoft","MSFT",2018,3,"2018-03",19,1561,31.8571428571429,85.4172439575195,83.9636993408203,85.4623656499953,-0.0170169926978926,35750228.5714286,-0.0137432192022127,-0.00327377349567983
"Microsoft","MSFT",2018,4,"2018-04",15,4395,141.774193548387,81.4338607788086,86.0336227416992,85.7528039841425,0.0564846357387444,31815747.6190476,0.0256286771728297,0.0308559585659146
"Microsoft","MSFT",2018,5,"2018-05",19,999,22.2,87.3951263427734,91.3218460083008,89.412895896218,0.0449306480790051,23155359.0909091,0.0190108368897324,0.0259198111892728
"Microsoft","MSFT",2018,6,"2018-06",20,839,24.6764705882353,93.1235198974609,91.1093368530273,92.9127829415458,-0.0216291549830959,28694533.3333333,-0.00594232445591484,-0.015686830527181
"Microsoft","MSFT",2018,7,"2018-07",22,4517,107.547619047619,92.4028701782227,98.0111465454102,96.6793685186477,0.0606937463779047,27112014.2857143,0.0328528077457129,0.0278409386321918
"Microsoft","MSFT",2018,8,"2018-08",12,1127,32.2,98.1959381103516,104.185180664062,100.636136925739,0.0609927729085931,19853395.6521739,0.0313361634284932,0.0296566094800999
"Microsoft","MSFT",2018,9,"2018-09",23,2135,30.9420289855072,103.610107421875,106.07723236084,104.099727028295,0.0238116241779319,25276605.2631579,0.00595846679699434,0.0178531573809376
"Microsoft","MSFT",2018,10,"2018-10",25,3573,83.0930232558139,107.22730255127,99.0653991699219,101.288955356764,-0.0761177721266012,40328173.9130435,-0.0727794635349288,-0.00333830859167238
"Microsoft","MSFT",2018,11,"2018-11",22,1259,27.3695652173913,98.2399215698242,103.293876647949,99.7621100289481,0.0514450235440476,34296600,0.00722523011155185,0.0442197934324958
"Microsoft","MSFT",2018,12,"2018-12",20,1445,40.1388888888889,104.411682128906,94.6123123168945,97.2425673635382,-0.093853193552743,49700768.4210526,-0.10160659970693,0.00775340615418708
"Microsoft","MSFT",2019,1,"2019-01",33,4269,52.7037037037037,94.1931533813477,97.2763977050781,97.0018296014695,0.0327332105683705,34010133.3333333,0.0773178273144959,-0.0445846167461255
"Microsoft","MSFT",2019,2,"2019-02",30,2469,44.8909090909091,95.7394256591797,104.801452636719,100.697086936549,0.0946530325949389,24689257.8947368,0.0288043953304125,0.0658486372645264
"Microsoft","MSFT",2019,3,"2019-03",20,833,22.5135135135135,105.269203186035,110.330139160156,107.705000014532,0.0480761307291102,28052180.952381,0.0109534083936888,0.0371227223354215
"Microsoft","MSFT",2019,4,"2019-04",34,7891,102.480519480519,111.340446472168,122.173240661621,114.871645246233,0.0972943304314935,20626557.1428571,0.0274275992612404,0.0698667311702531
"Microsoft","MSFT",2019,5,"2019-05",43,6111,71.0581395348837,119.628761291504,116.128028869629,118.432814164595,-0.0292633007654792,24873581.8181818,-0.0587160657864434,0.0294527650209642
"Microsoft","MSFT",2019,6,"2019-06",45,2683,33.1234567901235,112.522514343262,125.780395507812,123.934386062622,0.117824252701164,25416215,0.0718942090780336,0.04593004362313
"Microsoft","MSFT",2019,7,"2019-07",40,12806,105.834710743802,127.395263671875,127.949317932129,129.670107061213,0.00434909622449508,22003631.8181818,0.00541431091157427,-0.0010652146870792
"Microsoft","MSFT",2019,8,"2019-08",27,7808,123.936507936508,129.629974365234,129.873260498047,128.30101776123,0.00187677374776792,26567363.6363636,-0.00917540091233253,0.0110521746601004
"Microsoft","MSFT",2019,9,"2019-09",41,5118,44.8947368421053,128.158660888672,130.975433349609,130.11393661499,0.0219787912998276,23627240,0.0242475648269224,-0.00226877352709477
"Microsoft","MSFT",2019,10,"2019-10",50,2303,22.1442307692308,129.128997802734,135.064010620117,131.16305641506,0.0459618901902229,23892321.7391304,0.0330958451130856,0.0128660450771373
"Microsoft","MSFT",2019,11,"2019-11",35,2659,30.5632183908046,135.393737792969,143.095245361328,139.684964752197,0.0568823026374808,19618590,0.0241513674943359,0.0327309351431449
"Microsoft","MSFT",2019,12,"2019-12",19,935,23.375,141.365417480469,149.069351196289,145.741556803385,0.0544965936728104,21443014.2857143,0.0375448903485319,0.0169517033242784
"Microsoft","MSFT",2020,1,"2020-01",33,5209,64.3086419753086,151.829528808594,160.913604736328,155.023661295573,0.0598307588715918,26596666.6666667,-0.00992374638362237,0.0697545052552142
"Microsoft","MSFT",2020,2,"2020-02",44,4159,44.2446808510638,164.836517333984,153.561737060547,169.12594765111,-0.0683997724278113,46711700,-0.0907070528847628,0.0223072804569515
"Microsoft","MSFT",2020,3,"2020-03",45,1749,16.5,163.779632568359,149.486022949219,144.598953940652,-0.0872734258527211,73304340.9090909,-0.163625327491459,0.0763519016387381
"Microsoft","MSFT",2020,4,"2020-04",60,6682,43.3896103896104,144.178009033203,169.864868164062,160.224736531576,0.178160728554269,46890714.2857143,0.178882789573214,-0.000722061018945425
"Microsoft","MSFT",2020,5,"2020-05",37,7751,86.1222222222222,165.466857910156,174.17790222168,173.003047180176,0.0526452512699146,34442250,0.0754581361580075,-0.0228128848880929
"Microsoft","MSFT",2020,6,"2020-06",82,6399,36.5657142857143,173.778732299805,193.434936523438,183.159668662331,0.113110528333938,34771154.5454545,0.0145824594707529,0.0985280688631847
"Microsoft","MSFT",2020,7,"2020-07",55,2078,16.1085271317829,194.566009521484,194.860702514648,196.828632701527,0.00151461703865352,35008672.7272727,0.0498289410990567,-0.0483143240604032
"Microsoft","MSFT",2020,8,"2020-08",30,5384,67.3,205.819869995117,214.88298034668,203.956947689965,0.0440341855807095,32972566.6666667,0.0624352941516473,-0.0184011085709377
"Microsoft","MSFT",2020,9,"2020-09",24,1229,16.3866666666667,216.540878295898,200.400588989258,198.949594406855,-0.0745369162333648,36579823.8095238,-0.0464037845761189,-0.0281331316572459
"Microsoft","MSFT",2020,10,"2020-10",62,3981,23.6964285714286,202.43000793457,192.911651611328,202.840143377131,-0.0470204809077453,28709909.0909091,-0.0327851651354078,-0.0142353157723374
"Microsoft","MSFT",2020,11,"2020-11",37,857,10.9871794871795,192.778213500977,204.498001098633,204.241898345947,0.0607941498409875,28672150,0.0940686758352157,-0.0332745259942282
"Microsoft","MSFT",2020,12,"2020-12",43,1779,14.702479338843,206.542282104492,212.474624633789,208.217091647061,0.0287221699540225,27034622.7272727,0.0255621560528204,0.00316001390120203
"Microsoft","MSFT",2021,1,"2021-01",34,1574,17.8863636363636,207.956115722656,221.588073730469,212.049769351357,0.0655520899707175,34109284.2105263,0.00367235168125953,0.061879738289458
"Microsoft","MSFT",2021,2,"2021-02",39,1441,13.7238095238095,228.934204101562,222.500564575195,229.551567479184,-0.0281025701319538,25840115.7894737,0.00988107504264371,-0.0379836451745975
"Microsoft","MSFT",2021,3,"2021-03",34,2162,25.1395348837209,226.86669921875,225.746444702148,223.739871481191,-0.00493794162148667,31519382.6086957,0.0182145314170351,-0.0231524730385218
"Microsoft","MSFT",2021,4,"2021-04",45,1990,18.256880733945,232.046676635742,241.458770751953,244.714221046084,0.0405612105834451,27079123.8095238,0.0401256259494158,0.000435584634029311
"Microsoft","MSFT",2021,5,"2021-05",38,2235,22.1287128712871,241.152328491211,239.617080688477,237.097406005859,-0.00636629889638544,24754245,0.00273089318107071,-0.00909719207745615
"Microsoft","MSFT",2021,6,"2021-06",81,4466,20.3926940639269,237.428970336914,259.981811523438,248.578895568848,0.0949877395101395,23116918.1818182,0.022717527688955,0.0722702118211845
"Microsoft","MSFT",2021,7,"2021-07",44,5841,65.6292134831461,260.653656005859,273.427215576172,270.156924293155,0.0490058714926498,24889176.1904762,0.0174353868897148,0.031570484602935
"Microsoft","MSFT",2021,8,"2021-08",22,2046,20.2574257425743,273.340911865234,290.267883300781,282.703258167614,0.0619262272889922,20059495.4545455,0.0308901464055709,0.0310360808834212
"Microsoft","MSFT",2021,9,"2021-09",25,3728,58.25,290.219757080078,271.07568359375,285.454701741536,-0.0659640600589637,23948509.5238095,-0.0478659381591774,-0.0180981218997863
"Microsoft","MSFT",2021,10,"2021-10",38,19962,232.116279069767,277.9794921875,318.863861083984,291.866303943452,0.147076924901019,24595990.4761905,0.0569973747139205,0.0900795501870987
"Microsoft","MSFT",2021,11,"2021-11",29,2624,35.9452054794521,316.700439453125,318.455108642578,323.20563906715,0.00554046970216735,24280247.6190476,-0.0101155745134089,0.0156560442155763
"Microsoft","MSFT",2021,12,"2021-12",8,139,8.6875,317.963745117188,323.974700927734,320.591377951882,0.0189045320507579,28439763.6363636,0.0560908244836523,-0.0371862924328944
"Microsoft","MSFT",2022,1,"2022-01",20,4444,83.8490566037736,322.462371826172,299.564880371094,297.409027099609,-0.0710082584997587,47376570,-0.0585857886638526,-0.0124224698359061
"Microsoft","MSFT",2022,2,"2022-02",7,835,20.875,297.426361083984,288.417510986328,288.009025172183,-0.0302893464615008,36686873.6842105,-0.0379629556043325,0.00767360914283171
"Microsoft","MSFT",2022,3,"2022-03",9,1441,60.0416666666667,284.710784912109,297.606994628906,285.482603653618,0.0452958243951944,31927573.9130435,0.0520522223053739,-0.00675639791017953
"Microsoft","MSFT",2022,4,"2022-04",10,1504,107.428571428571,298.678497314453,267.885833740234,278.78443145752,-0.103096352268706,31367170,-0.0910564117568774,-0.012039940511829
"Microsoft","MSFT",2022,5,"2022-05",6,880,38.2608695652174,274.594604492188,263.043243408203,257.721503121512,-0.0420669630612244,35376285.7142857,-0.00559033857887072,-0.0364766244823537
"Microsoft","MSFT",2022,6,"2022-06",18,2824,47.864406779661,263.575378417969,248.49153137207,251.073944091797,-0.0572278303703277,29589157.1428571,-0.0770135054996721,0.0197856751293444
"Microsoft","MSFT",2022,7,"2022-07",12,25563,568.066666666667,251.152236938477,271.625244140625,253.700257873535,0.0815163243286724,26744590,0.0797212148257223,0.00179510950295017
"Microsoft","MSFT",2022,8,"2022-08",13,1129,19.135593220339,268.983856201172,253.517837524414,271.726246709409,-0.0574979439107708,20745982.6086957,-0.039729203028256,-0.0177687408825148
"Microsoft","MSFT",2022,9,"2022-09",3,6130,766.25,252.480438232422,225.816757202148,240.17635672433,-0.105606918369367,27408885.7142857,-0.0961039542920953,-0.00950296407727191
"Microsoft","MSFT",2022,10,"2022-10",12,813,36.9545454545455,233.418365478516,225.070205688477,229.829951695033,-0.0357647941408768,31963100,0.0526175711988618,-0.0883823653397386
"Microsoft","MSFT",2022,11,"2022-11",9,434,11.7297297297297,221.23063659668,248.077529907227,230.376961117699,0.121352511223347,29299809.5238095,0.0580923741844199,0.0632601370389275
"Microsoft","MSFT",2022,12,"2022-12",5,97,10.7777777777778,247.640029907227,233.181625366211,238.842835925874,-0.058384763345539,28159938.0952381,-0.0581542974569267,-0.000230465888612336
"Microsoft","MSFT",2023,1,"2023-01",13,516,13.5789473684211,232.948272705078,240.950454711914,230.712902832031,0.0343517550652416,33308405,0.0660175130015768,-0.0316657579363353
"Microsoft","MSFT",2023,2,"2023-02",2,159,26.5,245.753723144531,243.123306274414,252.803228277909,-0.0107034670175483,32394789.4736842,-0.0361865649013495,0.0254830978838012
"Microsoft","MSFT",2023,3,"2023-03",4,1064,133,240.052841186523,281.021759033203,260.008611927862,0.170666248498373,32505869.5652174,0.0399657260631874,0.130700522435186
"Microsoft","MSFT",2023,4,"2023-04",16,1256,28.5454545454545,279.978820800781,299.503112792969,281.354212710732,0.0697348890046222,29027368.4210526,0.0109031660486166,0.0588317229560057
"Microsoft","MSFT",2023,5,"2023-05",12,477,13.6285714285714,297.846038818359,320.799407958984,306.88237138228,0.0770645439223822,27311677.2727273,0.00286956181484145,0.0741949821075407
"Microsoft","MSFT",2023,6,"2023-06",16,1930,41.9565217391304,324.892639160156,332.668609619141,326.925923665365,0.0239339693231745,26081057.1428571,0.0543375445318832,-0.0304035752087088
"Microsoft","MSFT",2023,7,"2023-07",9,1195,54.3181818181818,330.177520751953,328.155426025391,333.793974304199,-0.00612426527995407,33337340,0.0299332124061156,-0.0360574776860696
"Microsoft","MSFT",2023,8,"2023-08",9,1083,25.1860465116279,328.565704345703,320.861907958984,317.336088761039,-0.0234467453079434,20846791.3043478,-0.0150915226621423,-0.0083552226458012
"Microsoft","MSFT",2023,9,"2023-09",2,239,79.6666666666667,321.742950439453,309.104644775391,319.180075073242,-0.0392807539273213,20837115,-0.0504277706479366,0.0111470167206153
"Microsoft","MSFT",2023,10,"2023-10",7,211,17.5833333333333,315.027313232422,330.994079589844,322.019303755327,0.0506837524454328,24588645.4545455,-0.0220573056591408,0.0727410581045735
"Microsoft","MSFT",2023,11,"2023-11",4,283,35.375,338.786560058594,371.688232421875,360.987544468471,0.0971162266814564,26852095.2380952,0.0778553213297589,0.0192609053516975
"Microsoft","MSFT",2023,12,"2023-12",4,18,1.5,367.372100830078,368.872985839844,365.476945495605,0.00408546268585549,26104085,0.0381315143506739,-0.0340460516648184
"Microsoft","MSFT",2024,1,"2024-01",9,295,11.8,363.801483154297,390.002380371094,382.027382986886,0.0720197647069087,25166247.6190476,0.0216790023098188,0.0503407623970899
"Microsoft","MSFT",2024,2,"2024-02",1,12,12,396.084259033203,406.506713867188,401.605541992188,0.0263137314757835,22204560,0.038742910567078,-0.0124291790912945
"Microsoft","MSFT",2024,3,"2024-03",5,684,23.5862068965517,408.334625244141,413.464569091797,409.601866149902,0.0125630880422866,21322265,0.0228281470695027,-0.0102650590272161
"Microsoft","MSFT",2024,4,"2024-04",4,401,14.8518518518519,417.248199462891,382.615905761719,406.136814464222,-0.0830016612312596,20049263.6363636,-0.0396813890292619,-0.0433202722019976
"Microsoft","MSFT",2024,5,"2024-05",10,596,42.5714285714286,388.129180908203,408.706878662109,410.747772216797,0.0530176517667532,18808181.8181818,0.0516340144641831,0.00138363730257
"Microsoft","MSFT",2024,6,"2024-06",7,485,37.3076923076923,407.121765136719,440.034545898438,431.559822484067,0.0808425969332935,17985110.5263158,0.0335163117307183,0.0473262852025752
"Microsoft","MSFT",2024,7,"2024-07",5,1086,38.7857142857143,449.663208007812,411.877044677734,438.448533491655,-0.0840321437403916,20020418.1818182,0.00862268241888154,-0.0926548261592732
"Microsoft","MSFT",2024,8,"2024-08",11,638,15.1904761904762,410.656219482422,411.425964355469,406.552129572088,0.00187442643390873,20541772.7272727,0.0370353536562418,-0.0351609272223331
"Microsoft","MSFT",2024,9,"2024-09",1,0,0,403.831451416016,424.405670166016,418.421817016602,0.0509475393208169,18844905,0.0422414096872726,0.00870612963354424
"Microsoft","MSFT",2024,10,"2024-10",16,852,17.04,414.927368164062,400.783782958984,414.00494782821,-0.0340868939729368,19162847.826087,-0.000578025782789577,-0.0335088681901473
"Microsoft","MSFT",2024,11,"2024-11",10,1487,22.8769230769231,404.748687744141,418.495452880859,413.445950317383,0.0339637052644595,22115310,0.0529919160164404,-0.0190282107519809
"Microsoft","MSFT",2024,12,"2024-12",5,291,13.8571428571429,425.92724609375,416.558410644531,434.257011776879,-0.0219963280939219,20947733.3333333,-0.0273715754039929,0.00537524731007093
"Microsoft","MSFT",2025,1,"2025-01",7,890,16.1818181818182,413.672576904297,410.193908691406,423.379968261719,-0.00840923089203328,23125060,0.0293053626862604,-0.0377145935782937
"Microsoft","MSFT",2025,2,"2025-02",2,1,0.166666666666667,406.102478027344,393.122406005859,403.599778024774,-0.0319625531086033,22760468.4210526,-0.00668435357227191,-0.0252781995363314
"Microsoft","MSFT",2025,3,"2025-03",11,324,12.4615384615385,384.705200195312,371.732879638672,383.873420352028,-0.0337201590985894,23418409.5238095,-0.040663503287542,0.00694334418895264
"Microsoft","MSFT",2025,4,"2025-04",17,1298,11.4867256637168,378.466644287109,391.409301757812,374.546609061105,0.0341976173226105,26816385.7142857,-0.0113632118227609,0.0455608291453714
"Microsoft","MSFT",2025,5,"2025-05",2,43,8.6,421.255615234375,456.711944580078,444.206263950893,0.0841682058670629,22711542.8571429,0.0548790353532401,0.0292891705138228
"Microsoft","MSFT",2025,6,"2025-06",5,114,5.18181818181818,458.309234619141,493.468383789062,474.757345581055,0.0767149045101382,20062755,0.0453188975228278,0.0313960069873104
"Microsoft","MSFT",2025,7,"2025-07",7,254,19.5384615384615,488.150848388672,529.272399902344,502.280724265359,0.084239434694028,18040086.3636364,0.0228106079919178,0.0614288267021102
"Microsoft","MSFT",2025,8,"2025-08",8,65,1.75675675675676,519.956787109375,503.501220703125,512.516283307757,-0.0316479500108699,21661357.1428571,0.0356283507641691,-0.067276300775039
"Microsoft","MSFT",2025,9,"2025-09",2,4,1.33333333333333,501.941070556641,514.690368652344,504.755647205171,0.025399989846546,20191690.4761905,0.042540444017692,-0.017140454171146
"Microsoft","MSFT",2025,10,"2025-10",7,47,1.88,516.439270019531,514.551208496094,517.922915251359,-0.0036559216795541,20367260.8695652,0.0192215991545151,-0.0228775208340692
"Microsoft","MSFT",2025,11,"2025-11",3,0,0,513.776123046875,489.828674316406,493.954223632812,-0.0466106688423975,25235826.3157895,-0.000420371222208485,-0.046190297620189
"Microsoft","MSFT",2025,12,"2025-12",1,0,0,484.582000732422,485.318756103516,481.72995867048,0.00152039359691483,22902709.5238095,0.0122728451421439,-0.0107524515452291
"NVIDIA","NVDA",2017,1,"2017-01",1,16,8,2.51207089424133,2.68863821029663,2.59934484958649,0.0702875529747431,669842000,0.00931869907587225,0.0609688538988708
"NVIDIA","NVDA",2017,3,"2017-03",1,519,519,2.53447437286377,2.68586611747742,2.5605672131414,0.0597329948310292,621259130.434783,-0.0138733496286677,0.0736063444596969
"NVIDIA","NVDA",2017,5,"2017-05",2,875,72.9166666666667,2.62940359115601,3.56295990943909,3.08925165913322,0.355044893611272,873156545.454545,0.00982693762394455,0.345217955987328
"NVIDIA","NVDA",2017,9,"2017-09",2,621,88.7142857142857,4.21113204956055,4.41642570495605,4.30424270629883,0.0487502298620465,722366800,0.017286167349619,0.0314640625124276
"NVIDIA","NVDA",2017,10,"2017-10",3,6317,789.625,4.42210817337036,5.10913991928101,4.7582127831199,0.155362944318708,519212000,0.0182434563959875,0.137119487922721
"NVIDIA","NVDA",2017,11,"2017-11",3,1769,176.9,5.11877632141113,4.9618878364563,5.1982311748323,-0.0306496074654779,563376000,0.0264484088541294,-0.0570980163196073
"NVIDIA","NVDA",2017,12,"2017-12",1,8,4,4.88698196411133,4.7836446762085,4.77376842498779,-0.0211454203558992,505610800,0.011880213255067,-0.0330256336109662
"NVIDIA","NVDA",2018,1,"2018-01",2,27,5.4,4.9282660484314,6.07659006118774,5.62514700208391,0.233007715385383,545534095.238095,0.0474810899944376,0.185526625390945
"NVIDIA","NVDA",2018,2,"2018-02",2,316,63.2,5.94556331634521,5.98636341094971,5.85277901197735,0.00686227568922306,785027789.473684,-0.0383241210399322,0.0451863967291553
"NVIDIA","NVDA",2018,3,"2018-03",3,5927,592.7,5.74418926239014,5.72885131835938,5.95790445236933,-0.00267016689912819,672306666.666667,-0.0137432192022127,0.0110730523030846
"NVIDIA","NVDA",2018,4,"2018-04",7,745,32.3913043478261,5.4681224822998,5.56336116790771,5.58971141633533,0.0174170724807639,530667047.619048,0.0256286771728297,-0.00821160469206585
"NVIDIA","NVDA",2018,5,"2018-05",1,5,5,5.61877059936523,6.24229288101196,6.09627097303217,0.110971300682247,544465454.545455,0.0190108368897324,0.0919604637925146
"NVIDIA","NVDA",2018,6,"2018-06",3,21,7,6.37669801712036,5.86383008956909,6.34822048459734,-0.0804284484186495,418359047.619048,-0.00594232445591484,-0.0744861239627347
"NVIDIA","NVDA",2018,7,"2018-07",3,19,2.11111111111111,5.99600553512573,6.06085824966431,6.15516428720383,0.0108159864360789,301041714.285714,0.0328528077457129,-0.0220368213096339
"NVIDIA","NVDA",2018,8,"2018-08",4,946,78.8333333333333,6.10070943832397,6.95128631591797,6.45658082547395,0.139422617351806,474688521.73913,0.0313361634284932,0.108086453923313
"NVIDIA","NVDA",2018,10,"2018-10",1,2,2,7.16625499725342,5.22139072418213,5.94448925101239,-0.271391999561373,564259826.086957,-0.0727794635349288,-0.198612536026445
"NVIDIA","NVDA",2018,11,"2018-11",4,114,10.3636363636364,5.40168476104736,4.05153656005859,4.48807336035229,-0.249949462198342,769635238.095238,0.00722523011155185,-0.257174692309894
"NVIDIA","NVDA",2018,12,"2018-12",3,281,35.125,4.21540307998657,3.30955243110657,3.56142587410776,-0.214890636006009,655337263.157895,-0.10160659970693,-0.113284036299079
"NVIDIA","NVDA",2019,1,"2019-01",9,576,27.4285714285714,3.37698340415955,3.56365633010864,3.59449195861816,0.0552780110554187,803380571.428571,0.0773178273144959,-0.0220398162590773
"NVIDIA","NVDA",2019,2,"2019-02",3,20,6.66666666666667,3.58795213699341,3.82814764976501,3.79765358724092,0.0669450158755135,602406736.842105,0.0288043953304125,0.0381406205451011
"NVIDIA","NVDA",2019,3,"2019-03",1,32,32,3.88249588012695,4.45599699020386,4.15235428583054,0.147714544402337,574692380.952381,0.0109534083936888,0.136761136008648
"NVIDIA","NVDA",2019,4,"2019-04",2,1258,179.714285714286,4.52349805831909,4.49173259735107,4.6441167195638,-0.00702232222905418,449418095.238095,0.0274275992612404,-0.0344499214902946
"NVIDIA","NVDA",2019,5,"2019-05",6,281,23.4166666666667,4.47858190536499,3.36543941497803,3.96989758448167,-0.248547981014594,508216000,-0.0587160657864434,-0.189831915228151
"NVIDIA","NVDA",2019,6,"2019-06",4,364,60.6666666666667,3.32370162010193,4.08021926879883,3.7184441447258,0.227612985510324,411667000,0.0718942090780336,0.15571877643229
"NVIDIA","NVDA",2019,7,"2019-07",4,185,13.2142857142857,4.12841606140137,4.19177055358887,4.17344118248333,0.0153459562324236,382544727.272727,0.00541431091157427,0.00993164532084933
"NVIDIA","NVDA",2019,8,"2019-08",1,36,6,4.09736108779907,4.16582775115967,3.98500776290894,0.0167099413240567,429560363.636364,-0.00917540091233253,0.0258853422363892
"NVIDIA","NVDA",2019,9,"2019-09",10,1096,60.8888888888889,4.08276462554932,4.32896757125854,4.40830147266388,0.0603029976718541,317388400,0.0242475648269224,0.0360554328449317
"NVIDIA","NVDA",2019,10,"2019-10",6,843,30.1071428571429,4.32722854614258,4.99919176101685,4.74172063495802,0.155287202353404,334616173.913043,0.0330958451130856,0.122191357240318
"NVIDIA","NVDA",2019,11,"2019-11",6,507,42.25,5.03823614120483,5.39411211013794,5.23845906257629,0.0706350315783337,366090000,0.0241513674943359,0.0464836640839977
"NVIDIA","NVDA",2019,12,"2019-12",7,408,29.1428571428571,5.20770311355591,5.85602331161499,5.59101865405128,0.124492541898457,311596761.904762,0.0375448903485319,0.0869476515499247
"NVIDIA","NVDA",2020,1,"2020-01",10,2070,76.6666666666667,5.97075462341309,5.88414621353149,6.09277418681553,-0.0145054378121611,291686285.714286,-0.00992374638362237,-0.00458169142853871
"NVIDIA","NVDA",2020,2,"2020-02",7,541,25.7619047619048,5.98120737075806,6.72537994384766,6.74323877535368,0.124418453827205,623613263.157895,-0.0907070528847628,0.215125506711968
"NVIDIA","NVDA",2020,3,"2020-03",11,420,16.1538461538462,6.88375949859619,6.56426334381104,6.0650381825187,-0.0464130327113129,716997818.181818,-0.163625327491459,0.117212294780146
"NVIDIA","NVDA",2020,4,"2020-04",5,533,31.3529411764706,6.0530161857605,7.27846097946167,6.89787165323893,0.202451927451307,537062095.238095,0.178882789573214,0.0235691378780931
"NVIDIA","NVDA",2020,5,"2020-05",4,346,49.4285714285714,7.04189014434814,8.84083652496338,8.15185110569,0.255463567840387,627443800,0.0754581361580075,0.180005431682379
"NVIDIA","NVDA",2020,6,"2020-06",7,1179,51.2608695652174,8.7718563079834,9.46497631072998,9.0837459564209,0.0790163425403769,441793818.181818,0.0145824594707529,0.064433883069624
"NVIDIA","NVDA",2020,7,"2020-07",12,628,25.12,9.49711227416992,10.5781183242798,10.1912429549477,0.113824709964729,367929636.363636,0.0498289410990567,0.0639957688656728
"NVIDIA","NVDA",2020,8,"2020-08",9,225,9,10.9722547531128,13.3283452987671,11.9337464741298,0.2147316662499,460597333.333333,0.0624352941516473,0.152296372098253
"NVIDIA","NVDA",2020,9,"2020-09",6,9964,711.714285714286,13.7774238586426,13.4878416061401,12.7326817285447,-0.0210186066331106,755073904.761905,-0.0464037845761189,0.0253851779430082
"NVIDIA","NVDA",2020,10,"2020-10",14,381,12.7,13.5715770721436,12.4944849014282,13.5169992013411,-0.0793638178518049,364652545.454545,-0.0327851651354078,-0.046578652716397
"NVIDIA","NVDA",2020,11,"2020-11",7,242,11.5238095238095,12.5410852432251,13.3592491149902,13.3367446422577,0.0652386819718909,379741000,0.0940686758352157,-0.0288299938633247
"NVIDIA","NVDA",2020,12,"2020-12",7,918,38.25,13.3477821350098,13.0176858901978,13.1865781003779,-0.0247304189919467,232772545.454545,0.0255621560528204,-0.0502925750447671
"NVIDIA","NVDA",2021,1,"2021-01",5,36,7.2,13.0760173797607,12.9526205062866,13.2498751690513,-0.00943688509202478,323903789.473684,0.00367235168125953,-0.0131092367732843
"NVIDIA","NVDA",2021,2,"2021-02",4,77,19.25,13.1991662979126,13.6753015518188,14.2364679135774,0.036073130920515,351596000,0.00988107504264371,0.0261920558778713
"NVIDIA","NVDA",2021,3,"2021-03",3,71,7.1,13.802188873291,13.3146915435791,12.8425927784132,-0.0353202911644894,332550260.869565,0.0182145314170351,-0.0535348225815245
"NVIDIA","NVDA",2021,4,"2021-04",12,1189,28.3095238095238,13.7770233154297,14.9717645645142,14.9725601105463,0.0867198393826054,319942666.666667,0.0401256259494158,0.0465942134331896
"NVIDIA","NVDA",2021,5,"2021-05",8,2843,189.533333333333,14.7994480133057,16.2036571502686,14.6512723445892,0.0948825345175317,352719000,0.00273089318107071,0.092151641336461
"NVIDIA","NVDA",2021,6,"2021-06",12,93,5.8125,16.2236099243164,19.9567852020264,18.1759647889571,0.230107558991207,466967818.181818,0.022717527688955,0.207390031302252
"NVIDIA","NVDA",2021,7,"2021-07",11,1392,38.6666666666667,20.165807723999,19.4544372558594,19.6014431544713,-0.0352760711535029,372527476.190476,0.0174353868897148,-0.0527114580432178
"NVIDIA","NVDA",2021,8,"2021-08",2,331,47.2857142857143,19.7048664093018,22.3377780914307,20.6650235436179,0.1336173322589,291653909.090909,0.0308901464055709,0.102727185853329
"NVIDIA","NVDA",2021,9,"2021-09",4,224,22.4,22.3936614990234,20.6722965240479,21.8902943020775,-0.0768684020275404,238046952.380952,-0.0478659381591774,-0.029002463868363
"NVIDIA","NVDA",2021,10,"2021-10",8,132,6.94736842105263,20.6982460021973,25.5130615234375,22.0637845538911,0.232619494460019,236718000,0.0569973747139205,0.175622119746098
"NVIDIA","NVDA",2021,11,"2021-11",10,608,13.5111111111111,25.7725143432617,32.6070671081543,30.3244168417794,0.265187659762793,514817619.047619,-0.0101155745134089,0.275303234276201
"NVIDIA","NVDA",2021,12,"2021-12",1,122,61,31.3725242614746,29.3525466918945,29.871243910356,-0.0643868358422343,502659318.181818,0.0560908244836523,-0.120477660325887
"NVIDIA","NVDA",2022,1,"2022-01",4,297,24.75,30.0611400604248,24.4373359680176,25.7190361022949,-0.187078869301132,534108200,-0.0585857886638526,-0.128493080637279
"NVIDIA","NVDA",2022,3,"2022-03",1,1,1,23.4303379058838,27.2364082336426,24.8063147171684,0.162441973438335,506286913.043478,0.0520522223053739,0.110389751132961
"NVIDIA","NVDA",2022,4,"2022-04",1,38,19,26.6634540557861,18.5132923126221,21.9207902908325,-0.305667890068257,555719500,-0.0910564117568774,-0.21461147831138
"NVIDIA","NVDA",2022,5,"2022-05",4,24,4.8,19.4975032806396,18.6380634307861,17.758239201137,-0.0440794822538591,658715285.714286,-0.00559033857887072,-0.0384891436749884
"NVIDIA","NVDA",2022,7,"2022-07",5,5317,664.625,14.4996719360352,18.133825302124,16.3041684150696,0.250636937312845,528223800,0.0797212148257223,0.170915722487123
"NVIDIA","NVDA",2022,8,"2022-08",1,100,50,18.4113788604736,15.0697536468506,17.7337291966314,-0.18149782473908,524767304.347826,-0.039729203028256,-0.141768621710824
"NVIDIA","NVDA",2022,9,"2022-09",2,1394,278.8,13.9146137237549,12.1231021881104,13.156594821385,-0.128750360679153,625265619.047619,-0.0961039542920953,-0.0326464063870576
"NVIDIA","NVDA",2022,10,"2022-10",2,383,63.8333333333333,12.4956150054932,13.4793252944946,12.4534786315191,0.0787244396189398,597584619.047619,0.0526175711988618,0.026106868420078
"NVIDIA","NVDA",2022,11,"2022-11",2,1187,593.5,13.5252647399902,16.9051609039307,15.2937221072969,0.249895009740332,504790619.047619,0.0580923741844199,0.191802635555912
"NVIDIA","NVDA",2022,12,"2022-12",2,41,20.5,17.1169376373291,14.598593711853,16.1953382037935,-0.147125845687724,426007238.095238,-0.0581542974569267,-0.0889715482307972
"NVIDIA","NVDA",2023,1,"2023-01",5,1530,90,14.2999086380005,19.5164051055908,17.2550916194916,0.364792293408648,472748000,0.0660175130015768,0.298774780407071
"NVIDIA","NVDA",2023,2,"2023-02",1,187,187,20.920919418335,23.1915264129639,22.0193958282471,0.108532849308667,547025210.526316,-0.0361865649013495,0.144719414210016
"NVIDIA","NVDA",2023,4,"2023-04",2,2346,156.4,27.9402656555176,27.7244567871094,27.1253027664988,-0.00772393759848113,391392105.263158,0.0109031660486166,-0.0186271036470977
"NVIDIA","NVDA",2023,5,"2023-05",4,142,8.875,28.884428024292,37.800537109375,31.0292581211437,0.308682210275533,531719045.454545,0.00286956181484145,0.305812648460692
"NVIDIA","NVDA",2023,6,"2023-06",1,0,0,39.7348289489746,42.2689590454102,40.8891212826683,0.0637760414091563,501288095.238095,0.0543375445318832,0.00943849687727305
"NVIDIA","NVDA",2023,7,"2023-07",7,663,41.4375,42.3798713684082,46.6925086975098,44.7276372909546,0.101761453960344,435342250,0.0299332124061156,0.0718282415542282
"NVIDIA","NVDA",2023,8,"2023-08",2,48,9.6,46.4706764221191,49.3164520263672,45.2186090220576,0.0612380929943493,592702260.869565,-0.0150915226621423,0.0763296156564915
"NVIDIA","NVDA",2023,10,"2023-10",2,117,23.4,44.7507019042969,40.7515068054199,43.6046905517578,-0.089366086534901,460959136.363636,-0.0220573056591408,-0.0673087808757602
"NVIDIA","NVDA",2023,11,"2023-11",2,1809,301.5,42.2954292297363,46.7373199462891,47.4982630411784,0.105020584905894,435458000,0.0778553213297589,0.0271652635761346
"NVIDIA","NVDA",2024,1,"2024-01",4,239,21.7272727272727,48.1385688781738,61.4894180297852,56.2248215448289,0.277342045323342,462201761.904762,0.0216790023098188,0.255663043013524
"NVIDIA","NVDA",2024,2,"2024-02",2,90,18,62.9884986877441,79.0636749267578,72.506134223938,0.255208118528176,553067800,0.038742910567078,0.216465207961098
"NVIDIA","NVDA",2024,3,"2024-03",2,62,31,82.2287368774414,90.305046081543,89.3917121887207,0.0982176002063485,607460900,0.0228281470695027,0.0753894531368458
"NVIDIA","NVDA",2024,4,"2024-04",3,31,7.75,90.3120346069336,86.3532791137695,85.6555720242587,-0.0438341967423701,457833363.636364,-0.0396813890292619,-0.00415280771310814
"NVIDIA","NVDA",2024,5,"2024-05",3,1097,73.1333333333333,82.9941558837891,109.571166992188,96.1659102006392,0.320227500664172,438417000,0.0516340144641831,0.268593486199989
"NVIDIA","NVDA",2024,6,"2024-06",2,35,4.375,114.935134887695,123.480461120605,124.525958814119,0.074349120843334,390746142.105263,0.0335163117307183,0.0408328091126157
"NVIDIA","NVDA",2024,7,"2024-07",3,198,14.1428571428571,124.240104675293,116.963592529297,121.853974082253,-0.0585681424288363,291156300,0.00862268241888154,-0.0671908248477179
"NVIDIA","NVDA",2024,8,"2024-08",2,5,2.5,109.157371520996,119.312477111816,117.065374547785,0.0930317893269078,368425809.090909,0.0370353536562418,0.055996435670666
"NVIDIA","NVDA",2024,9,"2024-09",2,10,2.5,107.947952270508,121.391860961914,115.006157302856,0.124540655090122,313558160,0.0422414096872726,0.0822992454028492
"NVIDIA","NVDA",2024,10,"2024-10",1,0,0,116.95361328125,132.707382202148,134.272403551185,0.134701002208575,244692052.173913,-0.000578025782789577,0.135279027991364
"NVIDIA","NVDA",2024,11,"2024-11",1,12,3,135.346328735352,138.195205688477,142.455504608154,0.0210487937112467,224870730,0.0529919160164404,-0.0319431223051936
"NVIDIA","NVDA",2024,12,"2024-12",4,36,4.5,138.575042724609,134.246017456055,137.172707693917,-0.0312395737604626,194564533.333333,-0.0273715754039929,-0.00386799835646972
"NVIDIA","NVDA",2025,1,"2025-01",1,0,0,138.264694213867,120.030670166016,135.678045654297,-0.131877657933755,297420040,0.0293053626862604,-0.161183020620015
"NVIDIA","NVDA",2025,2,"2025-02",1,72,72,116.621795654297,124.87907409668,130.312038220857,0.0708039041592186,250275284.210526,-0.00668435357227191,0.0774882577314905
"NVIDIA","NVDA",2025,3,"2025-03",5,155,11.9230769230769,114.022636413574,108.354461669922,114.892813546317,-0.0497109602262938,294188109.52381,-0.040663503287542,-0.00904745693875172
"NVIDIA","NVDA",2025,4,"2025-04",4,133,11.0833333333333,110.124053955078,108.894332885742,105.449436006092,-0.0111666890672002,324333638.095238,-0.0113632118227609,0.000196522755560657
"NVIDIA","NVDA",2025,5,"2025-05",1,2,1,111.583702087402,135.098175048828,127.281911577497,0.210733938035208,226514466.666667,0.0548790353532401,0.155854902681968
"NVIDIA","NVDA",2025,6,"2025-06",2,58,19.3333333333333,137.347640991211,157.963760375977,145.66735534668,0.150101736265604,191064840,0.0453188975228278,0.104782838742776
"NVIDIA","NVDA",2025,7,"2025-07",4,38,2,153.274536132812,177.840438842773,168.036166797985,0.160273867595819,163491109.090909,0.0228106079919178,0.137463259603901
"NVIDIA","NVDA",2025,8,"2025-08",2,8,4,173.691131591797,174.15104675293,179.384469168527,0.00264789086764481,171851961.904762,0.0356283507641691,-0.0329804598965243
"NVIDIA","NVDA",2025,9,"2025-09",1,5,5,170.751617431641,186.559509277344,175.721304030645,0.0925782846656297,185261680.952381,0.042540444017692,0.0500378406479377
"NVIDIA","NVDA",2025,10,"2025-10",3,4,0.666666666666667,187.219451904297,202.4677734375,188.232374771782,0.0814462459862225,175261626.086957,0.0192215991545151,0.0622246468317075
"NVIDIA","NVDA",2025,11,"2025-11",1,0,0,206.857284545898,176.980560302734,187.962520398592,-0.144431579041322,218955173.684211,-0.000420371222208485,-0.144011207819113
"NVIDIA","NVDA",2025,12,"2025-12",1,0,0,179.900253295898,187.529846191406,182.126328241257,0.0424101287003678,167123485.714286,0.0122728451421439,0.0301372835582238
"Tesla","TSLA",2017,4,"2017-04",1,1,1,19.9013328552246,20.9379997253418,20.3172281164872,0.0520903236812622,92329421.0526316,0.0107509887641124,0.0413393349171498
