Date,Ticker,Adj_Close
2017-01-03,AAPL,26.721237182617188
2017-01-04,AAPL,26.69133186340332
2017-01-05,AAPL,26.827064514160156
2017-01-06,AAPL,27.126140594482422
2017-01-09,AAPL,27.37459945678711
2017-01-10,AAPL,27.402210235595703
2017-01-11,AAPL,27.549442291259766
2017-01-12,AAPL,27.434412002563477
2017-01-13,AAPL,27.3861026763916
2017-01-17,AAPL,27.606964111328125
2017-01-18,AAPL,27.604660034179688
2017-01-19,AAPL,27.55634880065918
2017-01-20,AAPL,27.606964111328125
2017-01-23,AAPL,27.625362396240234
2017-01-24,AAPL,27.60005760192871
2017-01-25,AAPL,28.039464950561523
2017-01-26,AAPL,28.053274154663086
2017-01-27,AAPL,28.055574417114258
2017-01-30,AAPL,27.981956481933594
2017-01-31,AAPL,27.917537689208984
2017-02-01,AAPL,29.619964599609375
2017-02-02,AAPL,29.569355010986328
2017-02-03,AAPL,29.695884704589844
2017-02-06,AAPL,29.974262237548828
2017-02-07,AAPL,30.2595157623291
2017-02-08,AAPL,30.376848220825195
2017-02-09,AAPL,30.59636116027832
2017-02-10,AAPL,30.52705192565918
2017-02-13,AAPL,30.797372817993164
2017-02-14,AAPL,31.19710922241211
2017-02-15,AAPL,31.310319900512695
2017-02-16,AAPL,31.27336311340332
2017-02-17,AAPL,31.358840942382813
2017-02-21,AAPL,31.585285186767578
2017-02-22,AAPL,31.680011749267578
2017-02-23,AAPL,31.54599380493164
2017-02-24,AAPL,31.576038360595703
2017-02-27,AAPL,31.63840675354004
2017-02-28,AAPL,31.65229034423828
2017-03-01,AAPL,32.299232482910156
2017-03-02,AAPL,32.10747528076172
2017-03-03,AAPL,32.29692077636719
2017-03-06,AAPL,32.195247650146484
2017-03-07,AAPL,32.23684310913086
2017-03-08,AAPL,32.11669921875
2017-03-09,AAPL,32.04277038574219
2017-03-10,AAPL,32.1490592956543
2017-03-13,AAPL,32.16291809082031
2017-03-14,AAPL,32.11439514160156
2017-03-15,AAPL,32.45405197143555
2017-03-16,AAPL,32.507198333740234
2017-03-17,AAPL,32.3454475402832
2017-03-20,AAPL,32.68510055541992
2017-03-21,AAPL,32.31078338623047
2017-03-22,AAPL,32.67586135864258
2017-03-23,AAPL,32.56032943725586
2017-03-24,AAPL,32.49563980102539
2017-03-27,AAPL,32.55110168457031
2017-03-28,AAPL,33.22576141357422
2017-03-29,AAPL,33.29970169067383
2017-03-30,AAPL,33.25579833984375
2017-03-31,AAPL,33.19342803955078
2017-04-03,AAPL,33.20267105102539
2017-04-04,AAPL,33.44990158081055
2017-04-05,AAPL,33.2765998840332
2017-04-06,AAPL,33.19342803955078
2017-04-07,AAPL,33.119483947753906
2017-04-10,AAPL,33.080204010009766
2017-04-11,AAPL,32.72438049316406
2017-04-12,AAPL,32.76365280151367
2017-04-13,AAPL,32.590362548828125
2017-04-17,AAPL,32.770591735839844
2017-04-18,AAPL,32.62502670288086
2017-04-19,AAPL,32.5048828125
2017-04-20,AAPL,32.91154098510742
2017-04-21,AAPL,32.87225341796875
2017-04-24,AAPL,33.18879318237305
2017-04-25,AAPL,33.39443588256836
2017-04-26,AAPL,33.19804382324219
2017-04-27,AAPL,33.223453521728516
2017-04-28,AAPL,33.19110870361328
2017-05-01,AAPL,33.86809539794922
2017-05-02,AAPL,34.082984924316406
2017-05-03,AAPL,33.9790153503418
2017-05-04,AAPL,33.85655212402344
2017-05-05,AAPL,34.41801071166992
2017-05-08,AAPL,35.353790283203125
2017-05-09,AAPL,35.58021545410156
2017-05-10,AAPL,35.411556243896484
2017-05-11,AAPL,35.717803955078125
2017-05-12,AAPL,36.21662902832031
2017-05-15,AAPL,36.123817443847656
2017-05-16,AAPL,36.07046127319336
2017-05-17,AAPL,34.859375
2017-05-18,AAPL,35.39067840576172
2017-05-19,AAPL,35.51131820678711
2017-05-22,AAPL,35.727081298828125
2017-05-23,AAPL,35.68299865722656
2017-05-24,AAPL,35.57627487182617
2017-05-25,AAPL,35.699249267578125
2017-05-26,AAPL,35.638919830322266
2017-05-30,AAPL,35.65284729003906
2017-05-31,AAPL,35.44171905517578
2017-06-01,AAPL,35.539146423339844
2017-06-02,AAPL,36.06582260131836
2017-06-05,AAPL,35.71316146850586
2017-06-06,AAPL,35.833805084228516
2017-06-07,AAPL,36.04725646972656
2017-06-08,AAPL,35.95909118652344
2017-06-09,AAPL,34.56472396850586
2017-06-12,AAPL,33.73876953125
2017-06-13,AAPL,34.01021194458008
2017-06-14,AAPL,33.678443908691406
2017-06-15,AAPL,33.47661209106445
2017-06-16,AAPL,33.0079460144043
2017-06-19,AAPL,33.952213287353516
2017-06-20,AAPL,33.64365005493164
2017-06-21,AAPL,33.843170166015625
2017-06-22,AAPL,33.78749465942383
2017-06-23,AAPL,33.938297271728516
2017-06-26,AAPL,33.83159255981445
2017-06-27,AAPL,33.346675872802734
2017-06-28,AAPL,33.833892822265625
2017-06-29,AAPL,33.33506393432617
2017-06-30,AAPL,33.41394805908203
2017-07-03,AAPL,33.293304443359375
2017-07-05,AAPL,33.4301872253418
2017-07-06,AAPL,33.11467361450195
2017-07-07,AAPL,33.45107650756836
2017-07-10,AAPL,33.655242919921875
2017-07-11,AAPL,33.764286041259766
2017-07-12,AAPL,33.8129997253418
2017-07-13,AAPL,34.28398513793945
2017-07-14,AAPL,34.578643798828125
2017-07-17,AAPL,34.69927978515625
2017-07-18,AAPL,34.81993103027344
2017-07-19,AAPL,35.038028717041016
2017-07-20,AAPL,34.8802490234375
2017-07-21,AAPL,34.8640022277832
2017-07-24,AAPL,35.2862663269043
2017-07-25,AAPL,35.43708419799805
2017-07-26,AAPL,35.6041259765625
2017-07-27,AAPL,34.93129348754883
2017-07-28,AAPL,34.68537139892578
2017-07-31,AAPL,34.50670623779297
2017-08-01,AAPL,34.8129768371582
2017-08-02,AAPL,36.45791244506836
2017-08-03,AAPL,36.09367752075195
2017-08-04,AAPL,36.28390884399414
2017-08-07,AAPL,36.84537124633789
2017-08-08,AAPL,37.14002227783203
2017-08-09,AAPL,37.367393493652344
2017-08-10,AAPL,36.177181243896484
2017-08-11,AAPL,36.68027877807617
2017-08-14,AAPL,37.232303619384766
2017-08-15,AAPL,37.63991928100586
2017-08-16,AAPL,37.48849868774414
2017-08-17,AAPL,36.768795013427734
2017-08-18,AAPL,36.68492889404297
2017-08-21,AAPL,36.61738967895508
2017-08-22,AAPL,37.21599197387695
2017-08-23,AAPL,37.2625732421875
2017-08-24,AAPL,37.09722137451172
2017-08-25,AAPL,37.23463439941406
2017-08-28,AAPL,37.60963439941406
2017-08-29,AAPL,37.945037841796875
2017-08-30,AAPL,38.04751968383789
2017-08-31,AAPL,38.19892501831055
2017-09-01,AAPL,38.2105712890625
2017-09-05,AAPL,37.751712799072266
2017-09-06,AAPL,37.71211624145508
2017-09-07,AAPL,37.56072998046875
2017-09-08,AAPL,36.94813537597656
2017-09-11,AAPL,37.616615295410156
2017-09-12,AAPL,37.46755599975586
2017-09-13,AAPL,37.185726165771484
2017-09-14,AAPL,36.866607666015625
2017-09-15,AAPL,37.239288330078125
2017-09-18,AAPL,36.957454681396484
2017-09-19,AAPL,36.971439361572266
2017-09-20,AAPL,36.35187530517578
2017-09-21,AAPL,35.727638244628906
2017-09-22,AAPL,35.37825393676758
2017-09-25,AAPL,35.06614303588867
2017-09-26,AAPL,35.669395446777344
2017-09-27,AAPL,35.92329025268555
2017-09-28,AAPL,35.7020149230957
2017-09-29,AAPL,35.89766311645508
2017-10-02,AAPL,35.825462341308594
2017-10-03,AAPL,35.98151779174805
2017-10-04,AAPL,35.74859619140625
2017-10-05,AAPL,36.193477630615234
2017-10-06,AAPL,36.172508239746094
2017-10-09,AAPL,36.29829025268555
2017-10-10,AAPL,36.312259674072266
2017-10-11,AAPL,36.46367263793945
2017-10-12,AAPL,36.33555603027344
2017-10-13,AAPL,36.56614685058594
2017-10-16,AAPL,37.239288330078125
2017-10-17,AAPL,37.3767204284668
2017-10-18,AAPL,37.21133804321289
2017-10-19,AAPL,36.33089828491211
2017-10-20,AAPL,36.39379119873047
2017-10-23,AAPL,36.375152587890625
2017-10-24,AAPL,36.59177017211914
2017-10-25,AAPL,36.431053161621094
2017-10-26,AAPL,36.66397476196289
2017-10-27,AAPL,37.97765350341797
2017-10-30,AAPL,38.83246994018555
2017-10-31,AAPL,39.37282943725586
2017-11-01,AAPL,38.87206268310547
2017-11-02,AAPL,39.15621566772461
2017-11-03,AAPL,40.17875289916992
2017-11-06,AAPL,40.58635711669922
2017-11-07,AAPL,40.716793060302734
2017-11-08,AAPL,41.04986572265625
2017-11-09,AAPL,40.96601867675781
2017-11-10,AAPL,40.830440521240234
2017-11-13,AAPL,40.66679763793945
2017-11-14,AAPL,40.05201721191406
2017-11-15,AAPL,39.52372360229492
2017-11-16,AAPL,39.995914459228516
2017-11-17,AAPL,39.77383804321289
2017-11-20,AAPL,39.734100341796875
2017-11-21,AAPL,40.47279357910156
2017-11-22,AAPL,40.89822769165039
2017-11-24,AAPL,40.90055465698242
2017-11-27,AAPL,40.69485092163086
2017-11-28,AAPL,40.4564208984375
2017-11-29,AAPL,39.617225646972656
2017-11-30,AAPL,40.171241760253906
2017-12-01,AAPL,39.984230041503906
2017-12-04,AAPL,39.69203186035156
2017-12-05,AAPL,39.65463638305664
2017-12-06,AAPL,39.507362365722656
2017-12-07,AAPL,39.579833984375
2017-12-08,AAPL,39.591522216796875
2017-12-11,AAPL,40.36290740966797
2017-12-12,AAPL,40.13618087768555
2017-12-13,AAPL,40.2694206237793
2017-12-14,AAPL,40.257728576660156
2017-12-15,AAPL,40.66679763793945
2017-12-18,AAPL,41.2395133972168
2017-12-19,AAPL,40.80004119873047
2017-12-20,AAPL,40.755638122558594
2017-12-21,AAPL,40.9099006652832
2017-12-22,AAPL,40.9099006652832
2017-12-26,AAPL,39.87203598022461
2017-12-27,AAPL,39.8790397644043
2017-12-28,AAPL,39.991241455078125
2017-12-29,AAPL,39.55878829956055
2018-01-02,AAPL,40.26706314086914
2018-01-03,AAPL,40.26007080078125
2018-01-04,AAPL,40.44706726074219
2018-01-05,AAPL,40.907569885253906
2018-01-08,AAPL,40.755638122558594
2018-01-09,AAPL,40.75095748901367
2018-01-10,AAPL,40.74161148071289
2018-01-11,AAPL,40.973026275634766
2018-01-12,AAPL,41.39613342285156
2018-01-16,AAPL,41.18574523925781
2018-01-17,AAPL,41.8659782409668
2018-01-18,AAPL,41.90336608886719
2018-01-19,AAPL,41.71637725830078
2018-01-22,AAPL,41.375091552734375
2018-01-23,AAPL,41.38444137573242
2018-01-24,AAPL,40.72523880004883
2018-01-25,AAPL,39.99825668334961
2018-01-26,AAPL,40.09176254272461
2018-01-29,AAPL,39.26192855834961
2018-01-30,AAPL,39.030494689941406
2018-01-31,AAPL,39.138023376464844
2018-02-01,AAPL,39.2198371887207
2018-02-02,AAPL,37.51809310913086
2018-02-05,AAPL,36.58072280883789
2018-02-06,AAPL,38.109500885009766
2018-02-07,AAPL,37.293678283691406
2018-02-08,AAPL,36.26749038696289
2018-02-09,AAPL,36.711090087890625
2018-02-12,AAPL,38.18976974487305
2018-02-13,AAPL,38.57234191894531
2018-02-14,AAPL,39.28351593017578
2018-02-15,AAPL,40.602596282958984
2018-02-16,AAPL,40.47114562988281
2018-02-20,AAPL,40.33502197265625
2018-02-21,AAPL,40.15195083618164
2018-02-22,AAPL,40.48757553100586
2018-02-23,AAPL,41.19171142578125
2018-02-26,AAPL,42.00614929199219
2018-02-27,AAPL,41.870018005371094
2018-02-28,AAPL,41.80664825439453
2018-03-01,AAPL,41.07435989379883
2018-03-02,AAPL,41.35835266113281
2018-03-05,AAPL,41.501529693603516
2018-03-06,AAPL,41.46632766723633
2018-03-07,AAPL,41.081398010253906
2018-03-08,AAPL,41.52969741821289
2018-03-09,AAPL,42.243221282958984
2018-03-12,AAPL,42.65161895751953
2018-03-13,AAPL,42.240867614746094
2018-03-14,AAPL,41.881771087646484
2018-03-15,AAPL,41.931053161621094
2018-03-16,AAPL,41.78318405151367
2018-03-19,AAPL,41.144771575927734
2018-03-20,AAPL,41.13068771362305
2018-03-21,AAPL,40.19890213012695
2018-03-22,AAPL,39.630882263183594
2018-03-23,AAPL,38.713172912597656
2018-03-26,AAPL,40.550960540771484
2018-03-27,AAPL,39.51118469238281
2018-03-28,AAPL,39.074615478515625
2018-03-29,AAPL,39.3797492980957
2018-04-02,AAPL,39.12157440185547
2018-04-03,AAPL,39.522926330566406
2018-04-04,AAPL,40.278690338134766
2018-04-05,AAPL,40.55799865722656
2018-04-06,AAPL,39.52056884765625
2018-04-09,AAPL,39.91253662109375
2018-04-10,AAPL,40.663612365722656
2018-04-11,AAPL,40.4734992980957
2018-04-12,AAPL,40.87250900268555
2018-04-13,AAPL,41.01097869873047
2018-04-16,AAPL,41.266822814941406
2018-04-17,AAPL,41.83482360839844
2018-04-18,AAPL,41.740936279296875
2018-04-19,AAPL,40.55799865722656
2018-04-20,AAPL,38.896236419677734
2018-04-23,AAPL,38.78358459472656
2018-04-24,AAPL,38.243743896484375
2018-04-25,AAPL,38.41038513183594
2018-04-26,AAPL,38.5441780090332
2018-04-27,AAPL,38.09821701049805
2018-04-30,AAPL,38.788265228271484
2018-05-01,AAPL,39.68956756591797
2018-05-02,AAPL,41.442867279052734
2018-05-03,AAPL,41.5179557800293
2018-05-04,AAPL,43.14685821533203
2018-05-07,AAPL,43.459022521972656
2018-05-08,AAPL,43.667911529541016
2018-05-09,AAPL,43.97537612915039
2018-05-10,AAPL,44.60441207885742
2018-05-11,AAPL,44.43476486206055
2018-05-14,AAPL,44.331092834472656
2018-05-15,AAPL,43.928184509277344
2018-05-16,AAPL,44.338157653808594
2018-05-17,AAPL,44.05778121948242
2018-05-18,AAPL,43.89755630493164
2018-05-21,AAPL,44.20856857299805
2018-05-22,AAPL,44.09783172607422
2018-05-23,AAPL,44.38056564331055
2018-05-24,AAPL,44.331092834472656
2018-05-25,AAPL,44.432411193847656
2018-05-29,AAPL,44.272178649902344
2018-05-30,AAPL,44.17793655395508
2018-05-31,AAPL,44.02949905395508
2018-06-01,AAPL,44.82353591918945
2018-06-04,AAPL,45.19816207885742
2018-06-05,AAPL,45.546871185302734
2018-06-06,AAPL,45.70473098754883
2018-06-07,AAPL,45.58221435546875
2018-06-08,AAPL,45.16752243041992
2018-06-11,AAPL,45.056785583496094
2018-06-12,AAPL,45.30417251586914
2018-06-13,AAPL,44.93190383911133
2018-06-14,AAPL,44.955482482910156
2018-06-15,AAPL,44.4936637878418
2018-06-18,AAPL,44.47011184692383
2018-06-19,AAPL,43.751468658447266
2018-06-20,AAPL,43.94232177734375
2018-06-21,AAPL,43.69728088378906
2018-06-22,AAPL,43.57004928588867
2018-06-25,AAPL,42.922119140625
2018-06-26,AAPL,43.454593658447266
2018-06-27,AAPL,43.3909797668457
2018-06-28,AAPL,43.70671081542969
2018-06-29,AAPL,43.61483383178711
2018-07-02,AAPL,44.1025390625
2018-07-03,AAPL,43.334434509277344
2018-07-05,AAPL,43.68315124511719
2018-07-06,AAPL,44.28868103027344
2018-07-09,AAPL,44.90363311767578
2018-07-10,AAPL,44.84944152832031
2018-07-11,AAPL,44.26748275756836
2018-07-12,AAPL,45.009666442871094
2018-07-13,AAPL,45.080345153808594
2018-07-16,AAPL,44.98139190673828
2018-07-17,AAPL,45.10862731933594
2018-07-18,AAPL,44.86121368408203
2018-07-19,AAPL,45.209938049316406
2018-07-20,AAPL,45.10626220703125
2018-07-23,AAPL,45.14633560180664
2018-07-24,AAPL,45.47382736206055
2018-07-25,AAPL,45.90264129638672
2018-07-26,AAPL,45.7589111328125
2018-07-27,AAPL,44.997886657714844
2018-07-30,AAPL,44.74577331542969
2018-07-31,AAPL,44.83530807495117
2018-08-01,AAPL,47.4765625
2018-08-02,AAPL,48.86433410644531
2018-08-03,AAPL,49.00571823120117
2018-08-06,AAPL,49.26016616821289
2018-08-07,AAPL,48.79835891723633
2018-08-08,AAPL,48.83133316040039
2018-08-09,AAPL,49.21541213989258
2018-08-10,AAPL,49.068817138671875
2018-08-13,AAPL,49.38563537597656
2018-08-14,AAPL,49.593719482421875
2018-08-15,AAPL,49.70956802368164
2018-08-16,AAPL,50.437808990478516
2018-08-17,AAPL,51.44504928588867
2018-08-20,AAPL,50.94378662109375
2018-08-21,AAPL,50.84449768066406
2018-08-22,AAPL,50.84685516357422
2018-08-23,AAPL,50.950897216796875
2018-08-24,AAPL,51.10930252075195
2018-08-27,AAPL,51.530174255371094
2018-08-28,AAPL,51.946311950683594
2018-08-29,AAPL,52.72184371948242
2018-08-30,AAPL,53.206546783447266
2018-08-31,AAPL,53.82130432128906
2018-09-04,AAPL,53.993892669677734
2018-09-05,AAPL,53.6416015625
2018-09-06,AAPL,52.750221252441406
2018-09-07,AAPL,52.324623107910156
2018-09-10,AAPL,51.622371673583984
2018-09-11,AAPL,52.92754364013672
2018-09-12,AAPL,52.270240783691406
2018-09-13,AAPL,53.5328369140625
2018-09-14,AAPL,52.925174713134766
2018-09-17,AAPL,51.5159912109375
2018-09-18,AAPL,51.601104736328125
2018-09-19,AAPL,51.6318473815918
2018-09-20,AAPL,52.02432632446289
2018-09-21,AAPL,51.463966369628906
2018-09-24,AAPL,52.20402526855469
2018-09-25,AAPL,52.535057067871094
2018-09-26,AAPL,52.11655044555664
2018-09-27,AAPL,53.1876335144043
2018-09-28,AAPL,53.37442398071289
2018-10-01,AAPL,53.73381042480469
2018-10-02,AAPL,54.21143341064453
2018-10-03,AAPL,54.87111282348633
2018-10-04,AAPL,53.906410217285156
2018-10-05,AAPL,53.031585693359375
2018-10-08,AAPL,52.908634185791016
2018-10-09,AAPL,53.6416015625
2018-10-10,AAPL,51.15658950805664
2018-10-11,AAPL,50.70499038696289
2018-10-12,AAPL,52.516136169433594
2018-10-15,AAPL,51.39303970336914
2018-10-16,AAPL,52.52558135986328
2018-10-17,AAPL,52.29861068725586
2018-10-18,AAPL,51.076202392578125
2018-10-19,AAPL,51.85409164428711
2018-10-22,AAPL,52.170921325683594
2018-10-23,AAPL,52.662723541259766
2018-10-24,AAPL,50.85630416870117
2018-10-25,AAPL,51.96996307373047
2018-10-26,AAPL,51.14241027832031
2018-10-29,AAPL,50.18244934082031
2018-10-30,AAPL,50.43307876586914
2018-10-31,AAPL,51.74769973754883
2018-11-01,AAPL,52.54214096069336
2018-11-02,AAPL,49.05698776245117
2018-11-05,AAPL,47.66434860229492
2018-11-06,AAPL,48.179786682128906
2018-11-07,AAPL,49.64100646972656
2018-11-08,AAPL,49.46779251098633
2018-11-09,AAPL,48.513980865478516
2018-11-12,AAPL,46.07012939453125
2018-11-13,AAPL,45.60982894897461
2018-11-14,AAPL,44.32147979736328
2018-11-15,AAPL,45.415287017822266
2018-11-16,AAPL,45.91828918457031
2018-11-19,AAPL,44.098445892333984
2018-11-20,AAPL,41.99151611328125
2018-11-21,AAPL,41.944053649902344
2018-11-23,AAPL,40.87873077392578
2018-11-26,AAPL,41.43156814575195
2018-11-27,AAPL,41.34140396118164
2018-11-28,AAPL,42.931095123291016
2018-11-29,AAPL,42.60128402709961
2018-11-30,AAPL,42.37114334106445
2018-12-03,AAPL,43.85169219970703
2018-12-04,AAPL,41.922706604003906
2018-12-06,AAPL,41.45529556274414
2018-12-07,AAPL,39.97712326049805
2018-12-10,AAPL,40.240482330322266
2018-12-11,AAPL,40.010337829589844
2018-12-12,AAPL,40.121849060058594
2018-12-13,AAPL,40.56079864501953
2018-12-14,AAPL,39.26294708251953
2018-12-17,AAPL,38.89755630493164
2018-12-18,AAPL,39.402931213378906
2018-12-19,AAPL,38.173885345458984
2018-12-20,AAPL,37.21057891845703
2018-12-21,AAPL,35.76325225830078
2018-12-24,AAPL,34.83790969848633
2018-12-26,AAPL,37.291255950927734
2018-12-27,AAPL,37.04924392700195
2018-12-28,AAPL,37.068214416503906
2018-12-31,AAPL,37.4265022277832
2019-01-02,AAPL,37.46919631958008
2019-01-03,AAPL,33.736995697021484
2019-01-04,AAPL,35.17720031738281
2019-01-07,AAPL,35.098907470703125
2019-01-08,AAPL,35.76800537109375
2019-01-09,AAPL,36.37540054321289
2019-01-10,AAPL,36.491668701171875
2019-01-11,AAPL,36.13338851928711
2019-01-14,AAPL,35.590049743652344
2019-01-15,AAPL,36.31846237182617
2019-01-16,AAPL,36.762142181396484
2019-01-17,AAPL,36.980430603027344
2019-01-18,AAPL,37.20820999145508
2019-01-22,AAPL,36.37303161621094
2019-01-23,AAPL,36.520137786865234
2019-01-24,AAPL,36.23066711425781
2019-01-25,AAPL,37.431251525878906
2019-01-28,AAPL,37.084835052490234
2019-01-29,AAPL,36.70045852661133
2019-01-30,AAPL,39.20836639404297
2019-01-31,AAPL,39.490718841552734
2019-02-01,AAPL,39.509700775146484
2019-02-04,AAPL,40.63197708129883
2019-02-05,AAPL,41.327171325683594
2019-02-06,AAPL,41.34140396118164
2019-02-07,AAPL,40.55841827392578
2019-02-08,AAPL,40.606082916259766
2019-02-11,AAPL,40.3725471496582
2019-02-12,AAPL,40.720455169677734
2019-02-13,AAPL,40.551265716552734
2019-02-14,AAPL,40.699005126953125
2019-02-15,AAPL,40.608463287353516
2019-02-19,AAPL,40.72998046875
2019-02-20,AAPL,40.992103576660156
2019-02-21,AAPL,40.7609748840332
2019-02-22,AAPL,41.21609115600586
2019-02-25,AAPL,41.51633071899414
2019-02-26,AAPL,41.5401496887207
2019-02-27,AAPL,41.6688346862793
2019-02-28,AAPL,41.25896453857422
2019-03-01,AAPL,41.692665100097656
2019-03-04,AAPL,41.9023551940918
2019-03-05,AAPL,41.82609176635742
2019-03-06,AAPL,41.58543014526367
2019-03-07,AAPL,41.10409164428711
2019-03-08,AAPL,41.2017936706543
2019-03-11,AAPL,42.629112243652344
2019-03-12,AAPL,43.10806655883789
2019-03-13,AAPL,43.298702239990234
2019-03-14,AAPL,43.78002166748047
2019-03-15,AAPL,44.34953308105469
2019-03-18,AAPL,44.80226516723633
2019-03-19,AAPL,44.447227478027344
2019-03-20,AAPL,44.835628509521484
2019-03-21,AAPL,46.48694610595703
2019-03-22,AAPL,45.524269104003906
2019-03-25,AAPL,44.973838806152344
2019-03-26,AAPL,44.509185791015625
2019-03-27,AAPL,44.90950012207031
2019-03-28,AAPL,44.96907424926758
2019-03-29,AAPL,45.26215744018555
2019-04-01,AAPL,45.56955337524414
2019-04-02,AAPL,46.23197555541992
2019-04-03,AAPL,46.548885345458984
2019-04-04,AAPL,46.62990951538086
2019-04-05,AAPL,46.942073822021484
2019-04-08,AAPL,47.68074417114258
2019-04-09,AAPL,47.53778076171875
2019-04-10,AAPL,47.804656982421875
2019-04-11,AAPL,47.406715393066406
2019-04-12,AAPL,47.38764953613281
2019-04-15,AAPL,47.473445892333984
2019-04-16,AAPL,47.478206634521484
2019-04-17,AAPL,48.402748107910156
2019-04-18,AAPL,48.576698303222656
2019-04-22,AAPL,48.736351013183594
2019-04-23,AAPL,49.43928909301758
2019-04-24,AAPL,49.363037109375
2019-04-25,AAPL,48.915061950683594
2019-04-26,AAPL,48.681549072265625
2019-04-29,AAPL,48.755409240722656
2019-04-30,AAPL,47.81656265258789
2019-05-01,AAPL,50.16366958618164
2019-05-02,AAPL,49.83722686767578
2019-05-03,AAPL,50.45676803588867
2019-05-06,AAPL,49.677574157714844
2019-05-07,AAPL,48.33841323852539
2019-05-08,AAPL,48.34794235229492
2019-05-09,AAPL,47.82847595214844
2019-05-10,AAPL,47.1658935546875
2019-05-13,AAPL,44.42463684082031
2019-05-14,AAPL,45.12788772583008
2019-05-15,AAPL,45.66848373413086
2019-05-16,AAPL,45.46756362915039
2019-05-17,AAPL,45.209232330322266
2019-05-20,AAPL,43.795528411865234
2019-05-21,AAPL,44.635135650634766
2019-05-22,AAPL,43.72138595581055
2019-05-23,AAPL,42.975067138671875
2019-05-24,AAPL,42.810028076171875
2019-05-28,AAPL,42.633018493652344
2019-05-29,AAPL,42.4296989440918
2019-05-30,AAPL,42.64975357055664
2019-05-31,AAPL,41.87712860107422
2019-06-03,AAPL,41.453739166259766
2019-06-04,AAPL,42.970279693603516
2019-06-05,AAPL,43.663970947265625
2019-06-06,AAPL,44.30503845214844
2019-06-07,AAPL,45.48429870605469
2019-06-10,AAPL,46.0655632019043
2019-06-11,AAPL,46.5989875793457
2019-06-12,AAPL,46.45067596435547
2019-06-13,AAPL,46.44110107421875
2019-06-14,AAPL,46.103843688964844
2019-06-17,AAPL,46.3789176940918
2019-06-18,AAPL,47.46967697143555
2019-06-19,AAPL,47.3309440612793
2019-06-20,AAPL,47.711273193359375
2019-06-21,AAPL,47.548622131347656
2019-06-24,AAPL,47.50077438354492
2019-06-25,AAPL,46.78077697753906
2019-06-26,AAPL,47.792606353759766
2019-06-27,AAPL,47.778255462646484
2019-06-28,AAPL,47.3428955078125
2019-07-01,AAPL,48.21120834350586
2019-07-02,AAPL,48.49346923828125
2019-07-03,AAPL,48.895328521728516
2019-07-05,AAPL,48.85226821899414
2019-07-08,AAPL,47.845237731933594
2019-07-09,AAPL,48.13705062866211
2019-07-10,AAPL,48.61305236816406
2019-07-11,AAPL,48.2590446472168
2019-07-12,AAPL,48.62980651855469
2019-07-15,AAPL,49.0866813659668
2019-07-16,AAPL,48.91686248779297
2019-07-17,AAPL,48.64177703857422
2019-07-18,AAPL,49.194332122802734
2019-07-19,AAPL,48.459983825683594
2019-07-22,AAPL,49.56748580932617
2019-07-23,AAPL,49.954994201660156
2019-07-24,AAPL,49.91432571411133
2019-07-25,AAPL,49.51964569091797
2019-07-26,AAPL,49.69186782836914
2019-07-29,AAPL,50.15592956542969
2019-07-30,AAPL,49.94063186645508
2019-07-31,AAPL,50.95964431762695
2019-08-01,AAPL,49.85691452026367
2019-08-02,AAPL,48.802040100097656
2019-08-05,AAPL,46.24736022949219
2019-08-06,AAPL,47.12284851074219
2019-08-07,AAPL,47.61081314086914
2019-08-08,AAPL,48.66090774536133
2019-08-09,AAPL,48.25992202758789
2019-08-12,AAPL,48.13746643066406
2019-08-13,AAPL,50.17601776123047
2019-08-14,AAPL,48.68252182006836
2019-08-15,AAPL,48.440006256103516
2019-08-16,AAPL,49.58293151855469
2019-08-19,AAPL,50.50735092163086
2019-08-20,AAPL,50.509761810302734
2019-08-21,AAPL,51.05722427368164
2019-08-22,AAPL,51.013999938964844
2019-08-23,AAPL,48.656089782714844
2019-08-26,AAPL,49.58053970336914
2019-08-27,AAPL,49.02107620239258
2019-08-28,AAPL,49.35002517700195
2019-08-29,AAPL,50.18561553955078
2019-08-30,AAPL,50.120792388916016
2019-09-03,AAPL,49.39084243774414
2019-09-04,AAPL,50.228824615478516
2019-09-05,AAPL,51.210880279541016
2019-09-06,AAPL,51.20608901977539
2019-09-09,AAPL,51.42458724975586
2019-09-10,AAPL,52.03206253051758
2019-09-11,AAPL,53.68642807006836
2019-09-12,AAPL,53.566375732421875
2019-09-13,AAPL,52.5242919921875
2019-09-16,AAPL,52.8004150390625
2019-09-17,AAPL,52.99251174926758
2019-09-18,AAPL,53.48954391479492
2019-09-19,AAPL,53.05493927001953
2019-09-20,AAPL,52.27938461303711
2019-09-23,AAPL,52.51709747314453
2019-09-24,AAPL,52.267372131347656
2019-09-25,AAPL,53.071746826171875
2019-09-26,AAPL,52.79802703857422
2019-09-27,AAPL,52.54110336303711
2019-09-30,AAPL,53.777671813964844
2019-10-01,AAPL,53.92654037475586
2019-10-02,AAPL,52.57470703125
2019-10-03,AAPL,53.02132034301758
2019-10-04,AAPL,54.507606506347656
2019-10-07,AAPL,54.51961135864258
2019-10-08,AAPL,53.88092041015625
2019-10-09,AAPL,54.512413024902344
2019-10-10,AAPL,55.24714660644531
2019-10-11,AAPL,56.716636657714844
2019-10-14,AAPL,56.63500213623047
2019-10-15,AAPL,56.502933502197266
2019-10-16,AAPL,56.27482604980469
2019-10-17,AAPL,56.49333572387695
2019-10-18,AAPL,56.76466751098633
2019-10-21,AAPL,57.749107360839844
2019-10-22,AAPL,57.61704635620117
2019-10-23,AAPL,58.39020919799805
2019-10-24,AAPL,58.48625564575195
2019-10-25,AAPL,59.20658874511719
2019-10-28,AAPL,59.79966735839844
2019-10-29,AAPL,58.416622161865234
2019-10-30,AAPL,58.4094123840332
2019-10-31,AAPL,59.73002243041992
2019-11-01,AAPL,61.42521667480469
2019-11-04,AAPL,61.8286018371582
2019-11-05,AAPL,61.739768981933594
2019-11-06,AAPL,61.766170501708984
2019-11-07,AAPL,62.47903060913086
2019-11-08,AAPL,62.650020599365234
2019-11-11,AAPL,63.14612579345703
2019-11-12,AAPL,63.08831024169922
2019-11-13,AAPL,63.692813873291016
2019-11-14,AAPL,63.25210952758789
2019-11-15,AAPL,64.00348663330078
2019-11-18,AAPL,64.326202392578125
2019-11-19,AAPL,64.13114929199219
2019-11-20,AAPL,63.384544372558594
2019-11-21,AAPL,63.10038375854492
2019-11-22,AAPL,63.044986724853516
2019-11-25,AAPL,64.15040588378906
2019-11-26,AAPL,63.64947509765625
2019-11-27,AAPL,64.504425048828125
2019-11-29,AAPL,64.36235809326172
2019-12-02,AAPL,63.6181755065918
2019-12-03,AAPL,62.48384475708008
2019-12-04,AAPL,63.03535079956055
2019-12-05,AAPL,63.960147857666016
2019-12-06,AAPL,65.195587158203125
2019-12-09,AAPL,64.28288269042969
2019-12-10,AAPL,64.65856170654297
2019-12-11,AAPL,65.21007537841797
2019-12-12,AAPL,65.3762435913086
2019-12-13,AAPL,66.26490020751953
2019-12-16,AAPL,67.39923858642578
2019-12-17,AAPL,67.53167724609375
2019-12-18,AAPL,67.37032318115234
2019-12-19,AAPL,67.43775939941406
2019-12-20,AAPL,67.2980728149414
2019-12-23,AAPL,68.39630126953125
2019-12-24,AAPL,68.46131134033203
2019-12-26,AAPL,69.81958770751953
2019-12-27,AAPL,69.79310607910156
2019-12-30,AAPL,70.20732879638672
2019-12-31,AAPL,70.7203140258789
2020-01-02,AAPL,72.33384704589844
2020-01-03,AAPL,71.6306381225586
2020-01-06,AAPL,72.20143127441406
2020-01-07,AAPL,71.8618392944336
2020-01-08,AAPL,73.017822265625
2020-01-09,AAPL,74.56877899169922
2020-01-10,AAPL,74.73738098144531
2020-01-13,AAPL,76.33409881591797
2020-01-14,AAPL,75.30332946777344
2020-01-15,AAPL,74.9806137084961
2020-01-16,AAPL,75.91986083984375
2020-01-17,AAPL,76.76036071777344
2020-01-21,AAPL,76.24015808105469
2020-01-22,AAPL,76.51231384277344
2020-01-23,AAPL,76.880767822265625
2020-01-24,AAPL,76.659210205078125
2020-01-27,AAPL,74.405029296875
2020-01-28,AAPL,76.50988006591797
2020-01-29,AAPL,78.1114273071289
2020-01-30,AAPL,77.99825286865234
2020-01-31,AAPL,74.5398941040039
2020-02-03,AAPL,74.33519744873047
2020-02-04,AAPL,76.7892837524414
2020-02-05,AAPL,77.41544342041016
2020-02-06,AAPL,78.32093048095703
2020-02-07,AAPL,77.25636291503906
2020-02-10,AAPL,77.6233139038086
2020-02-11,AAPL,77.15496826171875
2020-02-12,AAPL,78.98723602294922
2020-02-13,AAPL,78.42475891113281
2020-02-14,AAPL,78.4440689086914
2020-02-18,AAPL,77.00770568847656
2020-02-19,AAPL,78.123016357421875
2020-02-20,AAPL,77.32151794433594
2020-02-21,AAPL,75.57137298583984
2020-02-24,AAPL,71.98170471191406
2020-02-25,AAPL,69.54352569580078
2020-02-26,AAPL,70.64676666259766
2020-02-27,AAPL,66.0286865234375
2020-02-28,AAPL,65.99004364013672
2020-03-02,AAPL,72.13377380371094
2020-03-03,AAPL,69.8428726196289
2020-03-04,AAPL,73.08250427246094
2020-03-05,AAPL,70.7119140625
2020-03-06,AAPL,69.772857666015625
2020-03-09,AAPL,64.2543716430664
2020-03-10,AAPL,68.882080078125
2020-03-11,AAPL,66.48976135253906
2020-03-12,AAPL,59.92359161376953
2020-03-13,AAPL,67.10294342041016
2020-03-16,AAPL,58.47034454345703
2020-03-17,AAPL,61.041297912597656
2020-03-18,AAPL,59.54700469970703
2020-03-19,AAPL,59.09074783325195
2020-03-20,AAPL,55.33934783935547
2020-03-23,AAPL,54.1636962890625
2020-03-24,AAPL,59.59770202636719
2020-03-25,AAPL,59.269386291503906
2020-03-26,AAPL,62.38832473754883
2020-03-27,AAPL,59.80531311035156
2020-03-30,AAPL,61.51202392578125
2020-03-31,AAPL,61.38650131225586
2020-04-01,AAPL,58.15650939941406
2020-04-02,AAPL,59.126953125
2020-04-03,AAPL,58.2772216796875
2020-04-06,AAPL,63.36118698120117
2020-04-07,AAPL,62.6273078918457
2020-04-08,AAPL,64.23023986816406
2020-04-09,AAPL,64.6937026977539
2020-04-13,AAPL,65.96350860595703
2020-04-14,AAPL,69.29486083984375
2020-04-15,AAPL,68.66239929199219
2020-04-16,AAPL,69.20799255371094
2020-04-17,AAPL,68.26891326904297
2020-04-20,AAPL,66.85185241699219
2020-04-21,AAPL,64.78544616699219
2020-04-22,AAPL,66.6514892578125
2020-04-23,AAPL,66.39322662353516
2020-04-24,AAPL,68.3099365234375
2020-04-27,AAPL,68.3582534790039
2020-04-28,AAPL,67.25019073486328
2020-04-29,AAPL,69.45904541015625
2020-04-30,AAPL,70.92436218261719
2020-05-01,AAPL,69.78251647949219
2020-05-04,AAPL,70.76983642578125
2020-05-05,AAPL,71.83204650878906
2020-05-06,AAPL,72.5731430053711
2020-05-07,AAPL,73.32390594482422
2020-05-08,AAPL,75.06912994384766
2020-05-11,AAPL,76.25038146972656
2020-05-12,AAPL,75.37896728515625
2020-05-13,AAPL,74.46881866455078
2020-05-14,AAPL,74.92630767822266
2020-05-15,AAPL,74.48335266113281
2020-05-18,AAPL,76.23826599121094
2020-05-19,AAPL,75.79771423339844
2020-05-20,AAPL,77.27185821533203
2020-05-21,AAPL,76.695770263671875
2020-05-22,AAPL,77.18955993652344
2020-05-26,AAPL,76.66670227050781
2020-05-27,AAPL,77.00074005126953
2020-05-28,AAPL,77.0346450805664
2020-05-29,AAPL,76.95958709716797
2020-06-01,AAPL,77.90605163574219
2020-06-02,AAPL,78.26670837402344
2020-06-03,AAPL,78.69757080078125
2020-06-04,AAPL,78.019805908203125
2020-06-05,AAPL,80.24189758300781
2020-06-08,AAPL,80.71631622314453
2020-06-09,AAPL,83.265167236328125
2020-06-10,AAPL,85.407379150390625
2020-06-11,AAPL,81.30692291259766
2020-06-12,AAPL,82.00889587402344
2020-06-15,AAPL,83.02310943603516
2020-06-16,AAPL,85.22343444824219
2020-06-17,AAPL,85.10478973388672
2020-06-18,AAPL,85.138702392578125
2020-06-19,AAPL,84.65218353271484
2020-06-22,AAPL,86.86698150634766
2020-06-23,AAPL,88.72114562988281
2020-06-24,AAPL,87.15502166748047
2020-06-25,AAPL,88.31208801269531
2020-06-26,AAPL,85.598602294921875
2020-06-29,AAPL,87.57135772705078
2020-06-30,AAPL,88.3023910522461
2020-07-01,AAPL,88.135345458984375
2020-07-02,AAPL,88.135345458984375
2020-07-06,AAPL,90.49300384521484
2020-07-07,AAPL,90.21220397949219
2020-07-08,AAPL,92.31327056884766
2020-07-09,AAPL,92.71025085449219
2020-07-10,AAPL,92.87242889404297
2020-07-13,AAPL,92.44398498535156
2020-07-14,AAPL,93.97380828857422
2020-07-15,AAPL,94.62007904052734
2020-07-16,AAPL,93.455780029296875
2020-07-17,AAPL,93.26695251464844
2020-07-20,AAPL,95.23247528076172
2020-07-21,AAPL,93.91809844970703
2020-07-22,AAPL,94.18194580078125
2020-07-23,AAPL,89.89510345458984
2020-07-24,AAPL,89.67242431640625
2020-07-27,AAPL,91.797698974609375
2020-07-28,AAPL,90.2896728515625
2020-07-29,AAPL,92.02037048339844
2020-07-30,AAPL,93.13384246826172
2020-07-31,AAPL,102.8838882446289
2020-08-03,AAPL,105.476318359375
2020-08-04,AAPL,106.18070220947266
2020-08-05,AAPL,106.5655746459961
2020-08-06,AAPL,110.28357696533203
2020-08-07,AAPL,107.77619171142578
2020-08-10,AAPL,109.34270477294922
2020-08-11,AAPL,106.09087371826172
2020-08-12,AAPL,109.6167221069336
2020-08-13,AAPL,111.55667114257813
2020-08-14,AAPL,111.4572525024414
2020-08-17,AAPL,111.16625213623047
2020-08-18,AAPL,112.09257507324219
2020-08-19,AAPL,112.23320770263672
2020-08-20,AAPL,114.72362518310547
2020-08-21,AAPL,120.63562774658203
2020-08-24,AAPL,122.0784683227539
2020-08-25,AAPL,121.07695007324219
2020-08-26,AAPL,122.72349548339844
2020-08-27,AAPL,121.25640869140625
2020-08-28,AAPL,121.05998992919922
2020-08-31,AAPL,125.1653823852539
2020-09-01,AAPL,130.15106201171875
2020-09-02,AAPL,127.45454406738281
2020-09-03,AAPL,117.25041961669922
2020-09-04,AAPL,117.32801818847656
2020-09-08,AAPL,109.43242645263672
2020-09-09,AAPL,113.79730224609375
2020-09-10,AAPL,110.08230590820313
2020-09-11,AAPL,108.63707733154297
2020-09-14,AAPL,111.89615631103516
2020-09-15,AAPL,112.07075500488281
2020-09-16,AAPL,108.76313781738281
2020-09-17,AAPL,107.02689361572266
2020-09-18,AAPL,103.6319808959961
2020-09-21,AAPL,106.77468872070313
2020-09-22,AAPL,108.4527587890625
2020-09-23,AAPL,103.90355682373047
2020-09-24,AAPL,104.97054290771484
2020-09-25,AAPL,108.90864562988281
2020-09-28,AAPL,111.50817108154297
2020-09-29,AAPL,110.66429901123047
2020-09-30,AAPL,112.33267211914063
2020-10-01,AAPL,113.2832260131836
2020-10-02,AAPL,109.62641906738281
2020-10-05,AAPL,113.00193786621094
2020-10-06,AAPL,109.76222229003906
2020-10-07,AAPL,111.62456512451172
2020-10-08,AAPL,111.51787567138672
2020-10-09,AAPL,113.45780181884766
2020-10-12,AAPL,120.66471862792969
2020-10-13,AAPL,117.46380615234375
2020-10-14,AAPL,117.55110168457031
2020-10-15,AAPL,117.08551025390625
2020-10-16,AAPL,115.44625091552734
2020-10-19,AAPL,112.49754333496094
2020-10-20,AAPL,113.98159790039063
2020-10-21,AAPL,113.3608169555664
2020-10-22,AAPL,112.27446746826172
2020-10-23,AAPL,111.58578491210938
2020-10-26,AAPL,111.595458984375
2020-10-27,AAPL,113.09893035888672
2020-10-28,AAPL,107.86106872558594
2020-10-29,AAPL,111.85736846923828
2020-10-30,AAPL,105.59132385253906
2020-11-02,AAPL,105.50402069091797
2020-11-03,AAPL,107.12388610839844
2020-11-04,AAPL,111.49848175048828
2020-11-05,AAPL,115.45597839355469
2020-11-06,AAPL,115.3248062133789
2020-11-09,AAPL,113.0219955444336
2020-11-10,AAPL,112.68192291259766
2020-11-11,AAPL,116.10209655761719
2020-11-12,AAPL,115.83003997802734
2020-11-13,AAPL,115.87864685058594
2020-11-16,AAPL,116.88914489746094
2020-11-17,AAPL,116.00495147705078
2020-11-18,AAPL,114.68350982666016
2020-11-19,AAPL,115.2762222290039
2020-11-20,AAPL,114.01309204101563
2020-11-23,AAPL,110.62200927734375
2020-11-24,AAPL,111.90461730957031
2020-11-25,AAPL,112.74018096923828
2020-11-27,AAPL,113.28433990478516
2020-11-30,AAPL,115.67457580566406
2020-12-01,AAPL,119.24052429199219
2020-12-02,AAPL,119.59031677246094
2020-12-03,AAPL,119.45428466796875
2020-12-04,AAPL,118.78385925292969
2020-12-07,AAPL,120.24131774902344
2020-12-08,AAPL,120.85347747802734
2020-12-09,AAPL,118.32717895507813
2020-12-10,AAPL,119.74578094482422
2020-12-11,AAPL,118.93932342529297
2020-12-14,AAPL,118.32717895507813
2020-12-15,AAPL,124.25421142578125
2020-12-16,AAPL,124.18621826171875
2020-12-17,AAPL,125.05096435546875
2020-12-18,AAPL,123.06883239746094
2020-12-21,AAPL,124.59429931640625
2020-12-22,AAPL,128.14083862304688
2020-12-23,AAPL,127.24690246582031
2020-12-24,AAPL,128.22824096679688
2020-12-28,AAPL,132.814453125
2020-12-29,AAPL,131.04603576660156
2020-12-30,AAPL,129.9286651611328
2020-12-31,AAPL,128.92784118652344
2021-01-04,AAPL,125.74085235595703
2021-01-05,AAPL,127.29548645019531
2021-01-06,AAPL,123.01054382324219
2021-01-07,AAPL,127.20803833007813
2021-01-08,AAPL,128.3060302734375
2021-01-11,AAPL,125.32303619384766
2021-01-12,AAPL,125.14812469482422
2021-01-13,AAPL,127.17889404296875
2021-01-14,AAPL,125.2550277709961
2021-01-15,AAPL,123.53521728515625
2021-01-19,AAPL,124.20563507080078
2021-01-20,AAPL,128.28660583496094
2021-01-21,AAPL,132.98931884765625
2021-01-22,AAPL,135.12696838378906
2021-01-25,AAPL,138.86778259277344
2021-01-26,AAPL,139.1009979248047
2021-01-27,AAPL,138.03216552734375
2021-01-28,AAPL,133.203125
2021-01-29,AAPL,128.21852111816406
2021-02-01,AAPL,130.33673095703125
2021-02-02,AAPL,131.16262817382813
2021-02-03,AAPL,130.14244079589844
2021-02-04,AAPL,133.49461364746094
2021-02-05,AAPL,133.08099365234375
2021-02-08,AAPL,133.22702026367188
2021-02-09,AAPL,132.35118103027344
2021-02-10,AAPL,131.7478790283203
2021-02-11,AAPL,131.49488830566406
2021-02-12,AAPL,131.7284393310547
2021-02-16,AAPL,129.60707092285156
2021-02-17,AAPL,127.32023620605469
2021-02-18,AAPL,126.22068786621094
2021-02-19,AAPL,126.37638092041016
2021-02-22,AAPL,122.6104736328125
2021-02-23,AAPL,122.4742431640625
2021-02-24,AAPL,121.97795867919922
2021-02-25,AAPL,117.73523712158203
2021-02-26,AAPL,117.99800872802734
2021-03-01,AAPL,124.35232543945313
2021-03-02,AAPL,121.75414276123047
2021-03-03,AAPL,118.7764663696289
2021-03-04,AAPL,116.89838409423828
2021-03-05,AAPL,118.1536636352539
2021-03-08,AAPL,113.22982025146484
2021-03-09,AAPL,117.83257293701172
2021-03-10,AAPL,116.7524185180664
2021-03-11,AAPL,118.67913818359375
2021-03-12,AAPL,117.774169921875
2021-03-15,AAPL,120.6545639038086
2021-03-16,AAPL,122.19204711914063
2021-03-17,AAPL,121.40385437011719
2021-03-18,AAPL,117.28761291503906
2021-03-19,AAPL,116.76215362548828
2021-03-22,AAPL,120.07068634033203
2021-03-23,AAPL,119.24356079101563
2021-03-24,AAPL,116.85944366455078
2021-03-25,AAPL,117.34600830078125
2021-03-26,AAPL,117.94932556152344
2021-03-29,AAPL,118.1244888305664
2021-03-30,AAPL,116.674560546875
2021-03-31,AAPL,118.86405944824219
2021-04-01,AAPL,119.6911849975586
2021-04-05,AAPL,122.51316833496094
2021-04-06,AAPL,122.81484985351563
2021-04-07,AAPL,124.4593734741211
2021-04-08,AAPL,126.85319519042969
2021-04-09,AAPL,129.42214965820313
2021-04-12,AAPL,127.70954132080078
2021-04-13,AAPL,130.81369018554688
2021-04-14,AAPL,128.478271484375
2021-04-15,AAPL,130.8818359375
2021-04-16,AAPL,130.5509796142578
2021-04-19,AAPL,131.21267700195313
2021-04-20,AAPL,129.5292205810547
2021-04-21,AAPL,129.90869140625
2021-04-22,AAPL,128.3906707763672
2021-04-23,AAPL,130.70668029785156
2021-04-26,AAPL,131.09591674804688
2021-04-27,AAPL,130.77479553222656
2021-04-28,AAPL,129.98660278320313
2021-04-29,AAPL,129.88925170898438
2021-04-30,AAPL,127.92362976074219
2021-05-03,AAPL,128.9745330810547
2021-05-04,AAPL,124.41072845458984
2021-05-05,AAPL,124.65397644042969
2021-05-06,AAPL,126.24987030029297
2021-05-07,AAPL,126.92243957519531
2021-05-10,AAPL,123.64727783203125
2021-05-11,AAPL,122.73101806640625
2021-05-12,AAPL,119.67029571533203
2021-05-13,AAPL,121.81474304199219
2021-05-14,AAPL,124.23211669921875
2021-05-17,AAPL,123.08193969726563
2021-05-18,AAPL,121.6977767944336
2021-05-19,AAPL,121.54183959960938
2021-05-20,AAPL,124.09567260742188
2021-05-21,AAPL,122.26314544677734
2021-05-24,AAPL,123.8909683227539
2021-05-25,AAPL,123.69601440429688
2021-05-26,AAPL,123.64727783203125
2021-05-27,AAPL,122.11691284179688
2021-05-28,AAPL,121.4638442993164
2021-06-01,AAPL,121.14216613769531
2021-06-02,AAPL,121.90247344970703
2021-06-03,AAPL,120.42086029052734
2021-06-04,AAPL,122.7115249633789
2021-06-07,AAPL,122.72126770019531
2021-06-08,AAPL,123.54005432128906
2021-06-09,AAPL,123.92019653320313
2021-06-10,AAPL,122.92598724365234
2021-06-11,AAPL,124.13465881347656
2021-06-14,AAPL,127.18559265136719
2021-06-15,AAPL,126.36685180664063
2021-06-16,AAPL,126.86398315429688
2021-06-17,AAPL,128.46253967285156
2021-06-18,AAPL,127.1661148071289
2021-06-21,AAPL,128.95965576171875
2021-06-22,AAPL,130.5972442626953
2021-06-23,AAPL,130.32431030273438
2021-06-24,AAPL,130.0416717529297
2021-06-25,AAPL,129.7492218017578
2021-06-28,AAPL,131.37705993652344
2021-06-29,AAPL,132.88795471191406
2021-06-30,AAPL,133.50198364257813
2021-07-01,AAPL,133.80419921875
2021-07-02,AAPL,136.42626953125
2021-07-06,AAPL,138.4342803955078
2021-07-07,AAPL,140.91989135742188
2021-07-08,AAPL,139.6234588623047
2021-07-09,AAPL,141.4462432861328
2021-07-12,AAPL,140.85166931152344
2021-07-13,AAPL,141.96290588378906
2021-07-14,AAPL,145.3842315673828
2021-07-15,AAPL,144.73118591308594
2021-07-16,AAPL,142.69390869140625
2021-07-19,AAPL,138.85340881347656
2021-07-20,AAPL,142.45999145507813
2021-07-21,AAPL,141.7289276123047
2021-07-22,AAPL,143.09356689453125
2021-07-23,AAPL,144.80911254882813
2021-07-26,AAPL,145.22830200195313
2021-07-27,AAPL,143.0643310546875
2021-07-28,AAPL,141.3195343017578
2021-07-29,AAPL,141.96290588378906
2021-07-30,AAPL,142.1772918701172
2021-08-02,AAPL,141.8459014892578
2021-08-03,AAPL,143.6394500732422
2021-08-04,AAPL,143.23977661132813
2021-08-05,AAPL,143.34701538085938
2021-08-06,AAPL,142.66368103027344
2021-08-09,AAPL,142.6148681640625
2021-08-10,AAPL,142.1365203857422
2021-08-11,AAPL,142.39031982421875
2021-08-12,AAPL,145.34825134277344
2021-08-13,AAPL,145.55325317382813
2021-08-16,AAPL,147.52520751953125
2021-08-17,AAPL,146.61737060546875
2021-08-18,AAPL,142.8784637451172
2021-08-19,AAPL,143.21035766601563
2021-08-20,AAPL,144.66488647460938
2021-08-23,AAPL,146.14878845214844
2021-08-24,AAPL,146.0608673095703
2021-08-25,AAPL,144.83084106445313
2021-08-26,AAPL,144.03038024902344
2021-08-27,AAPL,145.06517028808594
2021-08-30,AAPL,149.47763061523438
2021-08-31,AAPL,148.21832275390625
2021-09-01,AAPL,148.88214111328125
2021-09-02,AAPL,149.99501037597656
2021-09-03,AAPL,150.6295928955078
2021-09-07,AAPL,152.9626922607422
2021-09-08,AAPL,151.42030334472656
2021-09-09,AAPL,150.405029296875
2021-09-10,AAPL,145.42636108398438
2021-09-13,AAPL,145.9925537109375
2021-09-14,AAPL,144.5965576171875
2021-09-15,AAPL,145.48492431640625
2021-09-16,AAPL,145.2506561279297
2021-09-17,AAPL,142.58558654785156
2021-09-20,AAPL,139.5397491455078
2021-09-21,AAPL,140.01812744140625
2021-09-22,AAPL,142.38059997558594
2021-09-23,AAPL,143.3372344970703
2021-09-24,AAPL,143.4251251220703
2021-09-27,AAPL,141.9119873046875
2021-09-28,AAPL,138.5343017578125
2021-09-29,AAPL,139.43240356445313
2021-09-30,AAPL,138.13401794433594
2021-10-01,AAPL,139.25668334960938
2021-10-04,AAPL,135.83018493652344
2021-10-05,AAPL,137.7533416748047
2021-10-06,AAPL,138.62216186523438
2021-10-07,AAPL,139.8814697265625
2021-10-08,AAPL,139.50071716308594
2021-10-11,AAPL,139.41287231445313
2021-10-12,AAPL,138.143798828125
2021-10-13,AAPL,137.5580596923828
2021-10-14,AAPL,140.3402862548828
2021-10-15,AAPL,141.39459228515625
2021-10-18,AAPL,143.0639190673828
2021-10-19,AAPL,145.22132873535156
2021-10-20,AAPL,145.70945739746094
2021-10-21,AAPL,145.92422485351563
2021-10-22,AAPL,145.15301513671875
2021-10-25,AAPL,145.10418701171875
2021-10-26,AAPL,145.76800537109375
2021-10-27,AAPL,145.30923461914063
2021-10-28,AAPL,148.94070434570313
2021-10-29,AAPL,146.23660278320313
2021-11-01,AAPL,145.4165802001953
2021-11-02,AAPL,146.4513702392578
2021-11-03,AAPL,147.88638305664063
2021-11-04,AAPL,147.36900329589844
2021-11-05,AAPL,147.89691162109375
2021-11-08,AAPL,147.07574462890625
2021-11-09,AAPL,147.43748474121094
2021-11-10,AAPL,144.61204528808594
2021-11-11,AAPL,144.5631866455078
2021-11-12,AAPL,146.63577270507813
2021-11-15,AAPL,146.6455841064453
2021-11-16,AAPL,147.6232452392578
2021-11-17,AAPL,150.0575408935547
2021-11-18,AAPL,154.3395538330078
2021-11-19,AAPL,156.95962524414063
2021-11-22,AAPL,157.41912841796875
2021-11-23,AAPL,157.80038452148438
2021-11-24,AAPL,158.3185272216797
2021-11-26,AAPL,153.30328369140625
2021-11-29,AAPL,156.6565704345703
2021-11-30,AAPL,161.6033935546875
2021-12-01,AAPL,161.0852508544922
2021-12-02,AAPL,160.09783935546875
2021-12-03,AAPL,158.22080993652344
2021-12-06,AAPL,161.62298583984375
2021-12-07,AAPL,167.35191345214844
2021-12-08,AAPL,171.1647186279297
2021-12-09,AAPL,170.65635681152344
2021-12-10,AAPL,175.4369354248047
2021-12-13,AAPL,171.80996704101563
2021-12-14,AAPL,170.43150329589844
2021-12-15,AAPL,175.2903594970703
2021-12-16,AAPL,168.40777587890625
2021-12-17,AAPL,167.3127899169922
2021-12-20,AAPL,165.9539031982422
2021-12-21,AAPL,169.12147521972656
2021-12-22,AAPL,171.71218872070313
2021-12-23,AAPL,172.337890625
2021-12-27,AAPL,176.2972869873047
2021-12-28,AAPL,175.2805633544922
2021-12-29,AAPL,175.36849975585938
2021-12-30,AAPL,174.21490478515625
2021-12-31,AAPL,173.59902954101563
2022-01-03,AAPL,177.9397430419922
2022-01-04,AAPL,175.68138122558594
2022-01-05,AAPL,171.00823974609375
2022-01-06,AAPL,168.15357971191406
2022-01-07,AAPL,168.31980895996094
2022-01-10,AAPL,168.33932495117188
2022-01-11,AAPL,171.1647186279297
2022-01-12,AAPL,171.60462951660156
2022-01-13,AAPL,168.33932495117188
2022-01-14,AAPL,169.1996612548828
2022-01-18,AAPL,166.0028076171875
2022-01-19,AAPL,162.5126495361328
2022-01-20,AAPL,160.83108520507813
2022-01-21,AAPL,158.7780303955078
2022-01-24,AAPL,158.00572204589844
2022-01-25,AAPL,156.20684814453125
2022-01-26,AAPL,156.11888122558594
2022-01-27,AAPL,155.65936279296875
2022-01-28,AAPL,166.5209503173828
2022-01-31,AAPL,170.8714141845703
2022-02-01,AAPL,170.7052001953125
2022-02-02,AAPL,171.90768432617188
2022-02-03,AAPL,169.03347778320313
2022-02-04,AAPL,168.74961853027344
2022-02-07,AAPL,168.0350341796875
2022-02-08,AAPL,171.1380615234375
2022-02-09,AAPL,172.55746459960938
2022-02-10,AAPL,168.48526000976563
2022-02-11,AAPL,165.07876586914063
2022-02-14,AAPL,165.31369018554688
2022-02-15,AAPL,169.1411590576172
2022-02-16,AAPL,168.9062042236328
2022-02-17,AAPL,165.31369018554688
2022-02-18,AAPL,163.76708984375
2022-02-22,AAPL,160.8499755859375
2022-02-23,AAPL,156.6897735595703
2022-02-24,AAPL,159.30337524414063
2022-02-25,AAPL,161.36878967285156
2022-02-28,AAPL,161.63311767578125
2022-03-01,AAPL,159.75363159179688
2022-03-02,AAPL,163.04269409179688
2022-03-03,AAPL,162.7196807861328
2022-03-04,AAPL,159.72430419921875
2022-03-07,AAPL,155.93601989746094
2022-03-08,AAPL,154.11529541015625
2022-03-09,AAPL,159.50894165039063
2022-03-10,AAPL,155.17250061035156
2022-03-11,AAPL,151.46250915527344
2022-03-14,AAPL,147.43930053710938
2022-03-15,AAPL,151.81491088867188
2022-03-16,AAPL,156.2198944091797
2022-03-17,AAPL,157.22813415527344
2022-03-18,AAPL,160.51719665527344
2022-03-21,AAPL,161.8875732421875
2022-03-22,AAPL,165.25497436523438
2022-03-23,AAPL,166.6156463623047
2022-03-24,AAPL,170.3940887451172
2022-03-25,AAPL,171.03038024902344
2022-03-28,AAPL,171.89175415039063
2022-03-29,AAPL,175.18084716796875
2022-03-30,AAPL,174.0159454345703
2022-03-31,AAPL,170.92271423339844
2022-04-01,AAPL,170.62901306152344
2022-04-04,AAPL,174.6718292236328
2022-04-05,AAPL,171.36322021484375
2022-04-06,AAPL,168.20138549804688
2022-04-07,AAPL,168.50485229492188
2022-04-08,AAPL,166.4981689453125
2022-04-11,AAPL,162.24977111816406
2022-04-12,AAPL,164.11947631835938
2022-04-13,AAPL,166.8016357421875
2022-04-14,AAPL,161.7995147705078
2022-04-18,AAPL,161.58419799804688
2022-04-19,AAPL,163.86497497558594
2022-04-20,AAPL,163.6985321044922
2022-04-21,AAPL,162.9056854248047
2022-04-22,AAPL,158.37342834472656
2022-04-25,AAPL,159.44039916992188
2022-04-26,AAPL,153.4888153076172
2022-04-27,AAPL,153.2636260986328
2022-04-28,AAPL,160.18435668945313
2022-04-29,AAPL,154.32083129882813
2022-05-02,AAPL,154.6243133544922
2022-05-03,AAPL,156.11221313476563
2022-05-04,AAPL,162.51409912109375
2022-05-05,AAPL,153.45944213867188
2022-05-06,AAPL,154.1848602294922
2022-05-09,AAPL,149.06759643554688
2022-05-10,AAPL,151.4693603515625
2022-05-11,AAPL,143.61700439453125
2022-05-12,AAPL,139.75454711914063
2022-05-13,AAPL,144.21499633789063
2022-05-16,AAPL,142.67588806152344
2022-05-17,AAPL,146.30307006835938
2022-05-18,AAPL,138.04879760742188
2022-05-19,AAPL,134.6470947265625
2022-05-20,AAPL,134.88233947753906
2022-05-23,AAPL,140.293701171875
2022-05-24,AAPL,137.5978546142578
2022-05-25,AAPL,137.75466918945313
2022-05-26,AAPL,140.95053100585938
2022-05-27,AAPL,146.69522094726563
2022-05-31,AAPL,145.9109649658203
2022-06-01,AAPL,145.7835235595703
2022-06-02,AAPL,148.2343292236328
2022-06-03,AAPL,142.51902770996094
2022-06-06,AAPL,143.2641143798828
2022-06-07,AAPL,145.7835235595703
2022-06-08,AAPL,145.0482940673828
2022-06-09,AAPL,139.8329620361328
2022-06-10,AAPL,134.431396484375
2022-06-13,AAPL,129.28475952148438
2022-06-14,AAPL,130.14739990234375
2022-06-15,AAPL,132.76486206054688
2022-06-16,AAPL,127.50053405761719
2022-06-17,AAPL,128.97097778320313
2022-06-21,AAPL,133.19619750976563
2022-06-22,AAPL,132.68643188476563
2022-06-23,AAPL,135.54898071289063
2022-06-24,AAPL,138.8722686767578
2022-06-27,AAPL,138.8722686767578
2022-06-28,AAPL,134.7353057861328
2022-06-29,AAPL,136.49008178710938
2022-06-30,AAPL,134.0294647216797
2022-07-01,AAPL,136.19598388671875
2022-07-05,AAPL,138.7742462158203
2022-07-06,AAPL,140.10745239257813
2022-07-07,AAPL,143.46998596191406
2022-07-08,AAPL,144.14634704589844
2022-07-11,AAPL,142.0190887451172
2022-07-12,AAPL,142.98960876464844
2022-07-13,AAPL,142.62689208984375
2022-07-14,AAPL,145.54823303222656
2022-07-15,AAPL,147.21478271484375
2022-07-18,AAPL,144.17584228515625
2022-07-19,AAPL,148.02847290039063
2022-07-20,AAPL,150.0283203125
2022-07-21,AAPL,152.29287719726563
2022-07-22,AAPL,151.0576629638672
2022-07-25,AAPL,149.94009399414063
2022-07-26,AAPL,148.61666870117188
2022-07-27,AAPL,153.7044677734375
2022-07-28,AAPL,154.2534942626953
2022-07-29,AAPL,159.31190490722656
2022-08-01,AAPL,158.33163452148438
2022-08-02,AAPL,156.8611602783203
2022-08-03,AAPL,162.8607177734375
2022-08-04,AAPL,162.5469970703125
2022-08-05,AAPL,162.3212127685547
2022-08-08,AAPL,161.8500213623047
2022-08-09,AAPL,161.89907836914063
2022-08-10,AAPL,166.1399688720703
2022-08-11,AAPL,165.4037322998047
2022-08-12,AAPL,168.9475860595703
2022-08-15,AAPL,170.0176239013672
2022-08-16,AAPL,169.86053466796875
2022-08-17,AAPL,171.3527069091797
2022-08-18,AAPL,170.9600067138672
2022-08-19,AAPL,168.37820434570313
2022-08-22,AAPL,164.50054931640625
2022-08-23,AAPL,164.16676330566406
2022-08-24,AAPL,164.46127319335938
2022-08-25,AAPL,166.91549682617188
2022-08-26,AAPL,160.62295532226563
2022-08-29,AAPL,158.42393493652344
2022-08-30,AAPL,155.99917602539063
2022-08-31,AAPL,154.3401336669922
2022-09-01,AAPL,155.0666046142578
2022-09-02,AAPL,152.95596313476563
2022-09-06,AAPL,151.69940185546875
2022-09-07,AAPL,153.1032257080078
2022-09-08,AAPL,151.63070678710938
2022-09-09,AAPL,154.4873809814453
2022-09-12,AAPL,160.43637084960938
2022-09-13,AAPL,151.0220489501953
2022-09-14,AAPL,152.4651336669922
2022-09-15,AAPL,149.57894897460938
2022-09-16,AAPL,147.93955993652344
2022-09-19,AAPL,151.65032958984375
2022-09-20,AAPL,154.02597045898438
2022-09-21,AAPL,150.9042510986328
2022-09-22,AAPL,149.9422149658203
2022-09-23,AAPL,147.67453002929688
2022-09-26,AAPL,148.00827026367188
2022-09-27,AAPL,148.9801483154297
2022-09-28,AAPL,147.09530639648438
2022-09-29,AAPL,139.87014770507813
2022-09-30,AAPL,135.66851806640625
2022-10-03,AAPL,139.84066772460938
2022-10-04,AAPL,143.42381286621094
2022-10-05,AAPL,143.71832275390625
2022-10-06,AAPL,142.76609802246094
2022-10-07,AAPL,137.5238800048828
2022-10-10,AAPL,137.84786987304688
2022-10-11,AAPL,136.43426513671875
2022-10-12,AAPL,135.8059844970703
2022-10-13,AAPL,140.3707733154297
2022-10-14,AAPL,135.8452606201172
2022-10-17,AAPL,139.8014373779297
2022-10-18,AAPL,141.11688232421875
2022-10-19,AAPL,141.224853515625
2022-10-20,AAPL,140.763427734375
2022-10-21,AAPL,144.5723876953125
2022-10-24,AAPL,146.71246337890625
2022-10-25,AAPL,149.54953002929688
2022-10-26,AAPL,146.6143035888672
2022-10-27,AAPL,142.1476287841797
2022-10-28,AAPL,152.88723754882813
2022-10-31,AAPL,150.53123474121094
2022-11-01,AAPL,147.89051818847656
2022-11-02,AAPL,142.37342834472656
2022-11-03,AAPL,136.33607482910156
2022-11-04,AAPL,136.0706024169922
2022-11-07,AAPL,136.6015625
2022-11-08,AAPL,137.17193603515625
2022-11-09,AAPL,132.61917114257813
2022-11-10,AAPL,144.41891479492188
2022-11-11,AAPL,147.20167541503906
2022-11-14,AAPL,145.80532836914063
2022-11-15,AAPL,147.5359649658203
2022-11-16,AAPL,146.30685424804688
2022-11-17,AAPL,148.2046356201172
2022-11-18,AAPL,148.76512145996094
2022-11-21,AAPL,145.53988647460938
2022-11-22,AAPL,147.67367553710938
2022-11-23,AAPL,148.54881286621094
2022-11-25,AAPL,145.63819885253906
2022-11-28,AAPL,141.81309509277344
2022-11-29,AAPL,138.81399536132813
2022-11-30,AAPL,145.55950927734375
2022-12-01,AAPL,145.8348846435547
2022-12-02,AAPL,145.3432159423828
2022-12-05,AAPL,144.1829071044922
2022-12-06,AAPL,140.5249786376953
2022-12-07,AAPL,138.58786010742188
2022-12-08,AAPL,140.26930236816406
2022-12-09,AAPL,139.78750610351563
2022-12-12,AAPL,142.07861328125
2022-12-13,AAPL,143.0422821044922
2022-12-14,AAPL,140.8200225830078
2022-12-15,AAPL,134.2219696044922
2022-12-16,AAPL,132.26516723632813
2022-12-19,AAPL,130.16090393066406
2022-12-20,AAPL,130.09205627441406
2022-12-21,AAPL,133.18948364257813
2022-12-22,AAPL,130.02320861816406
2022-12-23,AAPL,129.65939331054688
2022-12-27,AAPL,127.85994720458984
2022-12-28,AAPL,123.93653869628906
2022-12-29,AAPL,127.44696807861328
2022-12-30,AAPL,127.76161193847656
2023-01-03,AAPL,122.98271179199219
2023-01-04,AAPL,124.25117492675781
2023-01-05,AAPL,122.93354034423828
2023-01-06,AAPL,127.45677947998047
2023-01-09,AAPL,127.97793579101563
2023-01-10,AAPL,128.54827880859375
2023-01-11,AAPL,131.26222229003906
2023-01-12,AAPL,131.1835174560547
2023-01-13,AAPL,132.51097106933594
2023-01-17,AAPL,133.6713104248047
2023-01-18,AAPL,132.95350646972656
2023-01-19,AAPL,133.01251220703125
2023-01-20,AAPL,135.56907653808594
2023-01-23,AAPL,138.75503540039063
2023-01-24,AAPL,140.15133666992188
2023-01-25,AAPL,139.4925537109375
2023-01-26,AAPL,141.5574951171875
2023-01-27,AAPL,143.4945831298828
2023-01-30,AAPL,140.61346435546875
2023-01-31,AAPL,141.8819580078125
2023-02-01,AAPL,143.00291442871094
2023-02-02,AAPL,148.302978515625
2023-02-03,AAPL,151.92153930664063
2023-02-06,AAPL,149.1977996826172
2023-02-07,AAPL,152.0690460205078
2023-02-08,AAPL,149.38461303710938
2023-02-09,AAPL,148.3520965576172
2023-02-10,AAPL,148.71652221679688
2023-02-13,AAPL,151.5133819580078
2023-02-14,AAPL,150.87327575683594
2023-02-15,AAPL,152.9709014892578
2023-02-16,AAPL,151.37551879882813
2023-02-17,AAPL,150.23313903808594
2023-02-21,AAPL,146.22494506835938
2023-02-22,AAPL,146.64842224121094
2023-02-23,AAPL,147.13096618652344
2023-02-24,AAPL,144.48184204101563
2023-02-27,AAPL,145.67344665527344
2023-02-28,AAPL,145.1711883544922
2023-03-01,AAPL,143.1031036376953
2023-03-02,AAPL,143.6940155029297
2023-03-03,AAPL,148.73622131347656
2023-03-06,AAPL,151.4936981201172
2023-03-07,AAPL,149.297607421875
2023-03-08,AAPL,150.54830932617188
2023-03-09,AAPL,148.3029022216797
2023-03-10,AAPL,146.24464416503906
2023-03-13,AAPL,148.18472290039063
2023-03-14,AAPL,150.2725372314453
2023-03-15,AAPL,150.66644287109375
2023-03-16,AAPL,153.48301696777344
2023-03-17,AAPL,152.6459197998047
2023-03-20,AAPL,155.0094451904297
2023-03-21,AAPL,156.86093139648438
2023-03-22,AAPL,155.43295288085938
2023-03-23,AAPL,156.51625061035156
2023-03-24,AAPL,157.81617736816406
2023-03-27,AAPL,155.87611389160156
2023-03-28,AAPL,155.25564575195313
2023-03-29,AAPL,158.32833862304688
2023-03-30,AAPL,159.89414978027344
2023-03-31,AAPL,162.3955535888672
2023-04-03,AAPL,163.64627075195313
2023-04-04,AAPL,163.11447143554688
2023-04-05,AAPL,161.2728729248047
2023-04-06,AAPL,162.15921020507813
2023-04-10,AAPL,159.56915283203125
2023-04-11,AAPL,158.35784912109375
2023-04-12,AAPL,157.66848754882813
2023-04-13,AAPL,163.04556274414063
2023-04-14,AAPL,162.7008514404297
2023-04-17,AAPL,162.72055053710938
2023-04-18,AAPL,163.94174194335938
2023-04-19,AAPL,165.08412170410156
2023-04-20,AAPL,164.11898803710938
2023-04-21,AAPL,162.51376342773438
2023-04-24,AAPL,162.8190460205078
2023-04-25,AAPL,161.28274536132813
2023-04-26,AAPL,161.2728729248047
2023-04-27,AAPL,165.85226440429688
2023-04-28,AAPL,167.10296630859375
2023-05-01,AAPL,167.01434326171875
2023-05-02,AAPL,165.9803009033203
2023-05-03,AAPL,164.9068603515625
2023-05-04,AAPL,163.27203369140625
2023-05-05,AAPL,170.9338836669922
2023-05-08,AAPL,170.8649444580078
2023-05-09,AAPL,169.16123962402344
2023-05-10,AAPL,170.92404174804688
2023-05-11,AAPL,171.1111602783203
2023-05-12,AAPL,170.18417358398438
2023-05-15,AAPL,169.69107055664063
2023-05-16,AAPL,169.69107055664063
2023-05-17,AAPL,170.30250549316406
2023-05-18,AAPL,172.62989807128906
2023-05-19,AAPL,172.73834228515625
2023-05-22,AAPL,171.79161071777344
2023-05-23,AAPL,169.18812561035156
2023-05-24,AAPL,169.46424865722656
2023-05-25,AAPL,170.59837341308594
2023-05-26,AAPL,173.0045928955078
2023-05-30,AAPL,174.8487548828125
2023-05-31,AAPL,174.79945373535156
2023-06-01,AAPL,177.60018920898438
2023-06-02,AAPL,178.4483184814453
2023-06-05,AAPL,177.0972442626953
2023-06-06,AAPL,176.73236083984375
2023-06-07,AAPL,175.36160278320313
2023-06-08,AAPL,178.07357788085938
2023-06-09,AAPL,178.4581756591797
2023-06-12,AAPL,181.24903869628906
2023-06-13,AAPL,180.7756805419922
2023-06-14,AAPL,181.40682983398438
2023-06-15,AAPL,183.43832397460938
2023-06-16,AAPL,182.36341857910156
2023-06-20,AAPL,182.45216369628906
2023-06-21,AAPL,181.41668701171875
2023-06-22,AAPL,184.41465759277344
2023-06-23,AAPL,184.0990753173828
2023-06-26,AAPL,182.70858764648438
2023-06-27,AAPL,185.4600067138672
2023-06-28,AAPL,186.63351440429688
2023-06-29,AAPL,186.9688262939453
2023-06-30,AAPL,191.2882843017578
2023-07-03,AAPL,189.79917907714844
2023-07-05,AAPL,188.684814453125
2023-07-06,AAPL,189.15817260742188
2023-07-07,AAPL,188.0437469482422
2023-07-10,AAPL,186.0023956298828
2023-07-11,AAPL,185.47972106933594
2023-07-12,AAPL,187.14634704589844
2023-07-13,AAPL,187.9057159423828
2023-07-14,AAPL,188.0536346435547
2023-07-17,AAPL,191.30801391601563
2023-07-18,AAPL,191.05162048339844
2023-07-19,AAPL,192.4026641845703
2023-07-20,AAPL,190.45994567871094
2023-07-21,AAPL,189.28634643554688
2023-07-24,AAPL,190.08517456054688
2023-07-25,AAPL,190.94313049316406
2023-07-26,AAPL,191.8109893798828
2023-07-27,AAPL,190.54864501953125
2023-07-28,AAPL,193.12257385253906
2023-07-31,AAPL,193.7340087890625
2023-08-01,AAPL,192.9056396484375
2023-08-02,AAPL,189.91754150390625
2023-08-03,AAPL,188.52699279785156
2023-08-04,AAPL,179.4739227294922
2023-08-07,AAPL,176.37734985351563
2023-08-08,AAPL,177.31419372558594
2023-08-09,AAPL,175.72645568847656
2023-08-10,AAPL,175.509521484375
2023-08-11,AAPL,175.5687255859375
2023-08-14,AAPL,177.21788024902344
2023-08-15,AAPL,175.23300170898438
2023-08-16,AAPL,174.36402893066406
2023-08-17,AAPL,171.8260955810547
2023-08-18,AAPL,172.30999755859375
2023-08-21,AAPL,173.64309692382813
2023-08-22,AAPL,175.01573181152344
2023-08-23,AAPL,178.8571319580078
2023-08-24,AAPL,174.17640686035156
2023-08-25,AAPL,176.3784942626953
2023-08-28,AAPL,177.93878173828125
2023-08-29,AAPL,181.81968688964844
2023-08-30,AAPL,185.3055419921875
2023-08-31,AAPL,185.52281188964844
2023-09-01,AAPL,187.0929412841797
2023-09-05,AAPL,187.32994079589844
2023-09-06,AAPL,180.62477111816406
2023-09-07,AAPL,175.3415985107422
2023-09-08,AAPL,175.95387268066406
2023-09-11,AAPL,177.11912536621094
2023-09-12,AAPL,174.0973663330078
2023-09-13,AAPL,172.03347778320313
2023-09-14,AAPL,173.54440307617188
2023-09-15,AAPL,172.8234405517578
2023-09-18,AAPL,175.74652099609375
2023-09-19,AAPL,176.83277893066406
2023-09-20,AAPL,173.2974853515625
2023-09-21,AAPL,171.7569580078125
2023-09-22,AAPL,172.60623168945313
2023-09-25,AAPL,173.880126953125
2023-09-26,AAPL,169.81158447265625
2023-09-27,AAPL,168.3007049560547
2023-09-28,AAPL,168.5574493408203
2023-09-29,AAPL,169.07098388671875
2023-10-02,AAPL,171.57923889160156
2023-10-03,AAPL,170.24609375
2023-10-04,AAPL,171.49032592773438
2023-10-05,AAPL,172.72474670410156
2023-10-06,AAPL,175.27247619628906
2023-10-09,AAPL,176.75376892089844
2023-10-10,AAPL,176.16122436523438
2023-10-11,AAPL,177.5536346435547
2023-10-12,AAPL,178.4522705078125
2023-10-13,AAPL,176.6155242919922
2023-10-16,AAPL,176.48715209960938
2023-10-17,AAPL,174.93675231933594
2023-10-18,AAPL,173.64309692382813
2023-10-19,AAPL,173.2678680419922
2023-10-20,AAPL,170.72010803222656
2023-10-23,AAPL,170.83860778808594
2023-10-24,AAPL,171.27310180664063
2023-10-25,AAPL,168.9623565673828
2023-10-26,AAPL,164.80491638183594
2023-10-27,AAPL,166.11831665039063
2023-10-30,AAPL,168.16244506835938
2023-10-31,AAPL,168.63645935058594
2023-11-01,AAPL,171.79649353027344
2023-11-02,AAPL,175.3515167236328
2023-11-03,AAPL,174.44297790527344
2023-11-06,AAPL,176.99075317382813
2023-11-07,AAPL,179.5484161376953
2023-11-08,AAPL,180.60504150390625
2023-11-09,AAPL,180.1310272216797
2023-11-10,AAPL,184.3136749267578
2023-11-13,AAPL,182.73158264160156
2023-11-14,AAPL,185.34202575683594
2023-11-15,AAPL,185.90562438964844
2023-11-16,AAPL,187.58665466308594
2023-11-17,AAPL,187.56686401367188
2023-11-20,AAPL,189.30715942382813
2023-11-21,AAPL,188.50621032714844
2023-11-22,AAPL,189.1687469482422
2023-11-24,AAPL,187.8437042236328
2023-11-27,AAPL,187.66571044921875
2023-11-28,AAPL,188.26889038085938
2023-11-29,AAPL,187.2504119873047
2023-11-30,AAPL,187.82394409179688
2023-12-01,AAPL,189.09951782226563
2023-12-04,AAPL,187.30975341796875
2023-12-05,AAPL,191.25511169433594
2023-12-06,AAPL,190.1674346923828
2023-12-07,AAPL,192.09559631347656
2023-12-08,AAPL,193.51950073242188
2023-12-11,AAPL,191.01780700683594
2023-12-12,AAPL,192.5306854248047
2023-12-13,AAPL,195.7443084716797
2023-12-14,AAPL,195.8926239013672
2023-12-15,AAPL,195.3586883544922
2023-12-18,AAPL,193.69747924804688
2023-12-19,AAPL,194.7357177734375
2023-12-20,AAPL,192.64932250976563
2023-12-21,AAPL,192.5009765625
2023-12-22,AAPL,191.43310546875
2023-12-26,AAPL,190.88925170898438
2023-12-27,AAPL,190.9881134033203
2023-12-28,AAPL,191.41329956054688
2023-12-29,AAPL,190.3750762939453
2024-01-02,AAPL,183.56216430664063
2024-01-03,AAPL,182.187744140625
2024-01-04,AAPL,179.8739471435547
2024-01-05,AAPL,179.15208435058594
2024-01-08,AAPL,183.4830780029297
2024-01-09,AAPL,183.0677947998047
2024-01-10,AAPL,184.1060333251953
2024-01-11,AAPL,183.51272583007813
2024-01-12,AAPL,183.83905029296875
2024-01-16,AAPL,181.57470703125
2024-01-17,AAPL,180.63531494140625
2024-01-18,AAPL,186.51870727539063
2024-01-19,AAPL,189.41592407226563
2024-01-22,AAPL,191.71983337402344
2024-01-23,AAPL,192.9954071044922
2024-01-24,AAPL,192.3230438232422
2024-01-25,AAPL,191.99668884277344
2024-01-26,AAPL,190.2662811279297
2024-01-29,AAPL,189.5840301513672
2024-01-30,AAPL,185.935302734375
2024-01-31,AAPL,182.33607482910156
2024-02-01,AAPL,184.76853942871094
2024-02-02,AAPL,183.76983642578125
2024-02-05,AAPL,185.57936096191406
2024-02-06,AAPL,187.1812286376953
2024-02-07,AAPL,187.28997802734375
2024-02-08,AAPL,186.21221923828125
2024-02-09,AAPL,186.9745330810547
2024-02-12,AAPL,185.2914276123047
2024-02-13,AAPL,183.20236206054688
2024-02-14,AAPL,182.3212127685547
2024-02-15,AAPL,182.03408813476563
2024-02-16,AAPL,180.49949645996094
2024-02-20,AAPL,179.7569122314453
2024-02-21,AAPL,180.5093994140625
2024-02-22,AAPL,182.5390167236328
2024-02-23,AAPL,180.70741271972656
2024-02-26,AAPL,179.3609161376953
2024-02-27,AAPL,180.8163299560547
2024-02-28,AAPL,179.6183319091797
2024-02-29,AAPL,178.95497131347656
2024-03-01,AAPL,177.87582397460938
2024-03-04,AAPL,173.361083984375
2024-03-05,AAPL,168.43055725097656
2024-03-06,AAPL,167.44046020507813
2024-03-07,AAPL,167.3216552734375
2024-03-08,AAPL,169.03445434570313
2024-03-11,AAPL,171.03443908691406
2024-03-12,AAPL,171.5096435546875
2024-03-13,AAPL,169.43052673339844
2024-03-14,AAPL,171.28195190429688
2024-03-15,AAPL,170.9057159423828
2024-03-18,AAPL,171.99478149414063
2024-03-19,AAPL,174.33135986328125
2024-03-20,AAPL,176.89564514160156
2024-03-21,AAPL,169.66815185546875
2024-03-22,AAPL,170.56912231445313
2024-03-25,AAPL,169.1533203125
2024-03-26,AAPL,168.02462768554688
2024-03-27,AAPL,171.58885192871094
2024-03-28,AAPL,169.77703857421875
2024-04-01,AAPL,168.34144592285156
2024-04-02,AAPL,167.1632537841797
2024-04-03,AAPL,167.9652099609375
2024-04-04,AAPL,167.14346313476563
2024-04-05,AAPL,167.89590454101563
2024-04-08,AAPL,166.7771453857422
2024-04-09,AAPL,167.9850311279297
2024-04-10,AAPL,166.11378479003906
2024-04-11,AAPL,173.3016815185547
2024-04-12,AAPL,174.7966766357422
2024-04-15,AAPL,170.9750213623047
2024-04-16,AAPL,167.69789123535156
2024-04-17,AAPL,166.33160400390625
2024-04-18,AAPL,165.38111877441406
2024-04-19,AAPL,163.36138916015625
2024-04-22,AAPL,164.1930389404297
2024-04-23,AAPL,165.24249267578125
2024-04-24,AAPL,167.34149169921875
2024-04-25,AAPL,168.2028350830078
2024-04-26,AAPL,167.6186981201172
2024-04-29,AAPL,171.77696228027344
2024-04-30,AAPL,168.63845825195313
2024-05-01,AAPL,167.6186981201172
2024-05-02,AAPL,171.3116455078125
2024-05-03,AAPL,181.55886840820313
2024-05-06,AAPL,179.90545654296875
2024-05-07,AAPL,180.58856201171875
2024-05-08,AAPL,180.92523193359375
2024-05-09,AAPL,182.73704528808594
2024-05-10,AAPL,181.47796630859375
2024-05-13,AAPL,184.6802215576172
2024-05-14,AAPL,185.82032775878906
2024-05-15,AAPL,188.09068298339844
2024-05-16,AAPL,188.20962524414063
2024-05-17,AAPL,188.23939514160156
2024-05-20,AAPL,189.39930725097656
2024-05-21,AAPL,190.69808959960938
2024-05-22,AAPL,189.26052856445313
2024-05-23,AAPL,185.27505493164063
2024-05-24,AAPL,188.3484344482422
2024-05-28,AAPL,188.35836791992188
2024-05-29,AAPL,188.65579223632813
2024-05-30,AAPL,189.64718627929688
2024-05-31,AAPL,190.5989227294922
2024-06-03,AAPL,192.36366271972656
2024-06-04,AAPL,192.68092346191406
2024-06-05,AAPL,194.18783569335938
2024-06-06,AAPL,192.8097686767578
2024-06-07,AAPL,195.1990966796875
2024-06-10,AAPL,191.46145629882813
2024-06-11,AAPL,205.37098693847656
2024-06-12,AAPL,211.2401580810547
2024-06-13,AAPL,212.40008544921875
2024-06-14,AAPL,210.6651153564453
2024-06-17,AAPL,214.80921936035156
2024-06-18,AAPL,212.44964599609375
2024-06-20,AAPL,207.87924194335938
2024-06-21,AAPL,205.7080535888672
2024-06-24,AAPL,206.3524627685547
2024-06-25,AAPL,207.27452087402344
2024-06-26,AAPL,211.41860961914063
2024-06-27,AAPL,212.26129150390625
2024-06-28,AAPL,208.81117248535156
2024-07-01,AAPL,214.88853454589844
2024-07-02,AAPL,218.37828063964844
2024-07-03,AAPL,219.64730834960938
2024-07-05,AAPL,224.3961639404297
2024-07-08,AAPL,225.8634796142578
2024-07-09,AAPL,226.71607971191406
2024-07-10,AAPL,230.97915649414063
2024-07-11,AAPL,225.61563110351563
2024-07-12,AAPL,228.5601043701172
2024-07-15,AAPL,232.386962890625
2024-07-16,AAPL,232.80337524414063
2024-07-17,AAPL,226.9143524169922
2024-07-18,AAPL,222.2547149658203
2024-07-19,AAPL,222.38360595703125
2024-07-22,AAPL,222.03662109375
2024-07-23,AAPL,223.0775909423828
2024-07-24,AAPL,216.66314697265625
2024-07-25,AAPL,215.62217712402344
2024-07-26,AAPL,216.08815002441406
2024-07-29,AAPL,216.36575317382813
2024-07-30,AAPL,216.92095947265625
2024-07-31,AAPL,220.17274475097656
2024-08-01,AAPL,216.48471069335938
2024-08-02,AAPL,217.97181701660156
2024-08-05,AAPL,207.47279357910156
2024-08-06,AAPL,205.45028686523438
2024-08-07,AAPL,208.01806640625
2024-08-08,AAPL,211.4781036376953
2024-08-09,AAPL,214.38291931152344
2024-08-12,AAPL,215.91148376464844
2024-08-13,AAPL,219.6236572265625
2024-08-14,AAPL,220.07028198242188
2024-08-15,AAPL,223.0479736328125
2024-08-16,AAPL,224.3680877685547
2024-08-19,AAPL,224.20925903320313
2024-08-20,AAPL,224.82464599609375
2024-08-21,AAPL,224.71546936035156
2024-08-22,AAPL,222.85939025878906
2024-08-23,AAPL,225.15220642089844
2024-08-26,AAPL,225.48965454101563
2024-08-27,AAPL,226.33334350585938
2024-08-28,AAPL,224.80479431152344
2024-08-29,AAPL,228.08026123046875
2024-08-30,AAPL,227.29612731933594
2024-09-03,AAPL,221.1124725341797
2024-09-04,AAPL,219.20677185058594
2024-09-05,AAPL,220.7253875732422
2024-09-06,AAPL,219.17698669433594
2024-09-09,AAPL,219.26632690429688
2024-09-10,AAPL,218.47225952148438
2024-09-11,AAPL,221.00331115722656
2024-09-12,AAPL,221.1124725341797
2024-09-13,AAPL,220.844482421875
2024-09-16,AAPL,214.71047973632813
2024-09-17,AAPL,215.1769561767578
2024-09-18,AAPL,219.04795837402344
2024-09-19,AAPL,227.1671142578125
2024-09-20,AAPL,226.5020751953125
2024-09-23,AAPL,224.78494262695313
2024-09-24,AAPL,225.67823791503906
2024-09-25,AAPL,224.6856689453125
2024-09-26,AAPL,225.82713317871094
2024-09-27,AAPL,226.09510803222656
2024-09-30,AAPL,231.26637268066406
2024-10-01,AAPL,224.52688598632813
2024-10-02,AAPL,225.0926513671875
2024-10-03,AAPL,223.9908905029297
2024-10-04,AAPL,225.11248779296875
2024-10-07,AAPL,220.04051208496094
2024-10-08,AAPL,224.0901641845703
2024-10-09,AAPL,227.8321075439453
2024-10-10,AAPL,227.3358154296875
2024-10-11,AAPL,225.85690307617188
2024-10-14,AAPL,229.57901000976563
2024-10-15,AAPL,232.1100616455078
2024-10-16,AAPL,230.05545043945313
2024-10-17,AAPL,230.42266845703125
2024-10-18,AAPL,233.25146484375
2024-10-21,AAPL,234.72044372558594
2024-10-22,AAPL,234.10508728027344
2024-10-23,AAPL,229.0430145263672
2024-10-24,AAPL,228.85446166992188
2024-10-25,AAPL,229.68821716308594
2024-10-28,AAPL,231.6633758544922
2024-10-29,AAPL,231.931396484375
2024-10-30,AAPL,228.38795471191406
2024-10-31,AAPL,224.2291259765625
2024-11-01,AAPL,221.25144958496094
2024-11-04,AAPL,220.35813903808594
2024-11-05,AAPL,221.78741455078125
2024-11-06,AAPL,221.06285095214844
2024-11-07,AAPL,225.7874298095703
2024-11-08,AAPL,225.51914978027344
2024-11-11,AAPL,222.8064727783203
2024-11-12,AAPL,222.8064727783203
2024-11-13,AAPL,223.69082641601563
2024-11-14,AAPL,226.77113342285156
2024-11-15,AAPL,223.5715789794922
2024-11-18,AAPL,226.57241821289063
2024-11-19,AAPL,226.83074951171875
2024-11-20,AAPL,227.54617309570313
2024-11-21,AAPL,227.0692596435547
2024-11-22,AAPL,228.41065979003906
2024-11-25,AAPL,231.39163208007813
2024-11-26,AAPL,233.56771850585938
2024-11-27,AAPL,233.4385528564453
2024-11-29,AAPL,235.82330322265625
2024-12-02,AAPL,238.06895446777344
2024-12-03,AAPL,241.10952758789063
2024-12-04,AAPL,241.46725463867188
2024-12-05,AAPL,241.49705505371094
2024-12-06,AAPL,241.2982940673828
2024-12-09,AAPL,245.18348693847656
2024-12-10,AAPL,246.19703674316406
2024-12-11,AAPL,244.92515563964844
2024-12-12,AAPL,246.38583374023438
2024-12-13,AAPL,246.5547332763672
2024-12-16,AAPL,249.44627380371094
2024-12-17,AAPL,251.8707733154297
2024-12-18,AAPL,246.47525024414063
2024-12-19,AAPL,248.20420837402344
2024-12-20,AAPL,252.8743896484375
2024-12-23,AAPL,253.64944458007813
2024-12-24,AAPL,256.5608215332031
2024-12-26,AAPL,257.3755798339844
2024-12-27,AAPL,253.96737670898438
2024-12-30,AAPL,250.59889221191406
2024-12-31,AAPL,248.83021545410156
2025-01-02,AAPL,242.3019256591797
2025-01-03,AAPL,241.81503295898438
2025-01-06,AAPL,243.44461059570313
2025-01-07,AAPL,240.67234802246094
2025-01-08,AAPL,241.1592254638672
2025-01-10,AAPL,235.34637451171875
2025-01-13,AAPL,232.9119110107422
2025-01-14,AAPL,231.7990264892578
2025-01-15,AAPL,236.35986328125
2025-01-16,AAPL,226.81089782714844
2025-01-17,AAPL,228.5199737548828
2025-01-21,AAPL,221.2265625
2025-01-22,AAPL,222.40899658203125
2025-01-23,AAPL,222.2401123046875
2025-01-24,AAPL,221.36569213867188
2025-01-27,AAPL,228.4007568359375
2025-01-28,AAPL,236.7473907470703
2025-01-29,AAPL,237.84042358398438
2025-01-30,AAPL,236.08164978027344
2025-01-31,AAPL,234.5017547607422
2025-02-03,AAPL,226.56246948242188
2025-02-04,AAPL,231.3220672607422
2025-02-05,AAPL,230.9941864013672
2025-02-06,AAPL,231.73941040039063
2025-02-07,AAPL,226.1848907470703
2025-02-10,AAPL,226.45346069335938
2025-02-11,AAPL,231.39735412597656
2025-02-12,AAPL,235.62501525878906
2025-02-13,AAPL,240.26051330566406
2025-02-14,AAPL,243.3143768310547
2025-02-18,AAPL,243.18507385253906
2025-02-19,AAPL,243.58294677734375
2025-02-20,AAPL,244.5379180908203
2025-02-21,AAPL,244.2593994140625
2025-02-24,AAPL,245.80123901367188
2025-02-25,AAPL,245.74156188964844
2025-02-26,AAPL,239.09664916992188
2025-02-27,AAPL,236.05276489257813
2025-02-28,AAPL,240.5688934326172
2025-03-03,AAPL,236.77890014648438
2025-03-04,AAPL,234.68994140625
2025-03-05,AAPL,234.50096130371094
2025-03-06,AAPL,234.0930938720703
2025-03-07,AAPL,237.81346130371094
2025-03-10,AAPL,226.2843475341797
2025-03-11,AAPL,219.67926025390625
2025-03-12,AAPL,215.8395538330078
2025-03-13,AAPL,208.5779266357422
2025-03-14,AAPL,212.36790466308594
2025-03-17,AAPL,212.87522888183594
2025-03-18,AAPL,211.5720977783203
2025-03-19,AAPL,214.1087188720703
2025-03-20,AAPL,212.9746856689453
2025-03-21,AAPL,217.1227569580078
2025-03-24,AAPL,219.56983947753906
2025-03-25,AAPL,222.573974609375
2025-03-26,AAPL,220.36563110351563
2025-03-27,AAPL,222.67343139648438
2025-03-28,AAPL,216.75473022460938
2025-03-31,AAPL,220.9624786376953
2025-04-01,AAPL,222.0169219970703
2025-04-02,AAPL,222.71324157714844
2025-04-03,AAPL,202.12203979492188
2025-04-04,AAPL,187.389892578125
2025-04-07,AAPL,180.50625610351563
2025-04-08,AAPL,171.51377868652344
2025-04-09,AAPL,197.80484008789063
2025-04-10,AAPL,189.41915893554688
2025-04-11,AAPL,197.10850524902344
2025-04-14,AAPL,201.45555114746094
2025-04-15,AAPL,201.07754516601563
2025-04-16,AAPL,193.24891662597656
2025-04-17,AAPL,195.94468688964844
2025-04-21,AAPL,192.14474487304688
2025-04-22,AAPL,198.690185546875
2025-04-23,AAPL,203.52464294433594
2025-04-24,AAPL,207.2748260498047
2025-04-25,AAPL,208.18002319335938
2025-04-28,AAPL,209.03549194335938
2025-04-29,AAPL,210.09988403320313
2025-04-30,AAPL,211.38311767578125
2025-05-01,AAPL,212.19879150390625
2025-05-02,AAPL,204.27069091796875
2025-05-05,AAPL,197.8446502685547
2025-05-06,AAPL,197.4666290283203
2025-05-07,AAPL,195.218505859375
2025-05-08,AAPL,196.45199584960938
2025-05-09,AAPL,197.48654174804688
2025-05-12,AAPL,209.95704650878906
2025-05-13,AAPL,212.08859252929688
2025-05-14,AAPL,211.490966796875
2025-05-15,AAPL,210.61444091796875
2025-05-16,AAPL,210.42520141601563
2025-05-19,AAPL,207.95501708984375
2025-05-20,AAPL,206.04257202148438
2025-05-21,AAPL,201.2914276123047
2025-05-22,AAPL,200.56431579589844
2025-05-23,AAPL,194.49838256835938
2025-05-27,AAPL,199.41885375976563
2025-05-28,AAPL,199.62803649902344
2025-05-29,AAPL,199.15988159179688
2025-05-30,AAPL,200.05633544921875
2025-06-02,AAPL,200.90298461914063
2025-06-03,AAPL,202.46676635742188
2025-06-04,AAPL,202.01856994628906
2025-06-05,AAPL,199.8372039794922
2025-06-06,AAPL,203.11419677734375
2025-06-09,AAPL,200.65394592285156
2025-06-10,AAPL,201.869140625
2025-06-11,AAPL,197.9945068359375
2025-06-12,AAPL,198.412841796875
2025-06-13,AAPL,195.6737060546875
2025-06-16,AAPL,197.63592529296875
2025-06-17,AAPL,194.86691284179688
2025-06-18,AAPL,195.80320739746094
2025-06-20,AAPL,200.20574951171875
2025-06-23,AAPL,200.70376586914063
2025-06-24,AAPL,199.50851440429688
2025-06-25,AAPL,200.76351928710938
2025-06-26,AAPL,200.20574951171875
2025-06-27,AAPL,200.28543090820313
2025-06-30,AAPL,204.35926818847656
2025-07-01,AAPL,206.998779296875
2025-07-02,AAPL,211.6005401611328
2025-07-03,AAPL,212.70616149902344
2025-07-07,AAPL,209.12037658691406
2025-07-08,AAPL,209.1801300048828
2025-07-09,AAPL,210.3056640625
2025-07-10,AAPL,211.5706787109375
2025-07-11,AAPL,210.32559204101563
2025-07-14,AAPL,207.79563903808594
2025-07-15,AAPL,208.28370666503906
2025-07-16,AAPL,209.3295440673828
2025-07-17,AAPL,209.1901092529297
2025-07-18,AAPL,210.34552001953125
2025-07-21,AAPL,211.64036560058594
2025-07-22,AAPL,213.5527801513672
2025-07-23,AAPL,213.3037872314453
2025-07-24,AAPL,212.91531372070313
2025-07-25,AAPL,213.0348663330078
2025-07-28,AAPL,213.2041778564453
2025-07-29,AAPL,210.43515014648438
2025-07-30,AAPL,208.2239227294922
2025-07-31,AAPL,206.7498016357422
2025-08-01,AAPL,201.58029174804688
2025-08-04,AAPL,202.5464630126953
2025-08-05,AAPL,202.11813354492188
2025-08-06,AAPL,212.40733337402344
2025-08-07,AAPL,219.16055297851563
2025-08-08,AAPL,228.44374084472656
2025-08-11,AAPL,226.53909301757813
2025-08-12,AAPL,229.0021209716797
2025-08-13,AAPL,232.6717529296875
2025-08-14,AAPL,232.12330627441406
2025-08-15,AAPL,230.93667602539063
2025-08-18,AAPL,230.23863220214844
2025-08-19,AAPL,229.90957641601563
2025-08-20,AAPL,225.3723907470703
2025-08-21,AAPL,224.26551818847656
2025-08-22,AAPL,227.11746215820313
2025-08-25,AAPL,226.5191650390625
2025-08-26,AAPL,228.6630859375
2025-08-27,AAPL,229.8397674560547
2025-08-28,AAPL,231.90391540527344
2025-08-29,AAPL,231.485107421875
2025-09-02,AAPL,229.07192993164063
2025-09-03,AAPL,237.7972412109375
2025-09-04,AAPL,239.10354614257813
2025-09-05,AAPL,239.01380920410156
2025-09-08,AAPL,237.20892333984375
2025-09-09,AAPL,233.6888885498047
2025-09-10,AAPL,226.1501922607422
2025-09-11,AAPL,229.3810577392578
2025-09-12,AAPL,233.40966796875
2025-09-15,AAPL,236.03224182128906
2025-09-16,AAPL,237.4781494140625
2025-09-17,AAPL,238.3157958984375
2025-09-18,AAPL,237.20892333984375
2025-09-19,AAPL,244.80740356445313
2025-09-22,AAPL,255.35755920410156
2025-09-23,AAPL,253.7122344970703
2025-09-24,AAPL,251.59820556640625
2025-09-25,AAPL,256.1453552246094
2025-09-26,AAPL,254.73931884765625
2025-09-29,AAPL,253.7122344970703
2025-09-30,AAPL,253.9116668701172
2025-10-01,AAPL,254.72933959960938
2025-10-02,AAPL,256.40460205078125
2025-10-03,AAPL,257.2920837402344
2025-10-06,AAPL,255.96585083007813
2025-10-07,AAPL,255.7564697265625
2025-10-08,AAPL,257.33197021484375
2025-10-09,AAPL,253.32330322265625
2025-10-10,AAPL,244.57806396484375
2025-10-13,AAPL,246.96131896972656
2025-10-14,AAPL,247.07101440429688
2025-10-15,AAPL,248.63658142089844
2025-10-16,AAPL,246.75192260742188
2025-10-17,AAPL,251.57826232910156
2025-10-20,AAPL,261.5001525878906
2025-10-21,AAPL,262.0286865234375
2025-10-22,AAPL,257.72088623046875
2025-10-23,AAPL,258.84771728515625
2025-10-24,AAPL,262.07855224609375
2025-10-27,AAPL,268.0516357421875
2025-10-28,AAPL,268.2410888671875
2025-10-29,AAPL,268.93914794921875
2025-10-30,AAPL,270.63433837890625
2025-10-31,AAPL,269.60723876953125
2025-11-03,AAPL,268.2909851074219
2025-11-04,AAPL,269.2781982421875
2025-11-05,AAPL,269.3778991699219
2025-11-06,AAPL,269.0089416503906
2025-11-07,AAPL,267.7126159667969
2025-11-10,AAPL,268.9303283691406
2025-11-11,AAPL,274.73956298828125
2025-11-12,AAPL,272.962890625
2025-11-13,AAPL,272.4438171386719
2025-11-14,AAPL,271.90484619140625
2025-11-17,AAPL,266.9639892578125
2025-11-18,AAPL,266.94403076171875
2025-11-19,AAPL,268.0619812011719
2025-11-20,AAPL,265.7562561035156
2025-11-21,AAPL,270.98651123046875
2025-11-24,AAPL,275.4083557128906
2025-11-25,AAPL,276.45635986328125
2025-11-26,AAPL,277.0353088378906
2025-11-28,AAPL,278.3328857421875
2025-12-01,AAPL,282.57501220703125
2025-12-02,AAPL,285.6592712402344
2025-12-03,AAPL,283.623046875
2025-12-04,AAPL,280.179443359375
2025-12-05,AAPL,278.26300048828125
2025-12-08,AAPL,277.3746643066406
2025-12-09,AAPL,276.6659851074219
2025-12-10,AAPL,278.26300048828125
2025-12-11,AAPL,277.514404296875
2025-12-12,AAPL,277.763916015625
2025-12-15,AAPL,273.6016540527344
2025-12-16,AAPL,274.1007385253906
2025-12-17,AAPL,271.33587646484375
2025-12-18,AAPL,271.68524169921875
2025-12-19,AAPL,273.1625061035156
2025-12-22,AAPL,270.4674987792969
2025-12-23,AAPL,271.85491943359375
2025-12-24,AAPL,273.3022155761719
2025-12-26,AAPL,272.89300537109375
2025-12-29,AAPL,273.2523498535156
2025-12-30,AAPL,272.57354736328125
2017-01-03,MSFT,56.04970169067383
2017-01-04,MSFT,55.79892349243164
2017-01-05,MSFT,55.79892349243164
2017-01-06,MSFT,56.2825927734375
2017-01-09,MSFT,56.10344696044922
2017-01-10,MSFT,56.08552932739258
2017-01-11,MSFT,56.59605026245117
2017-01-12,MSFT,56.07658004760742
2017-01-13,MSFT,56.15717697143555
2017-01-17,MSFT,56.00493240356445
2017-01-18,MSFT,55.978050231933594
2017-01-19,MSFT,55.79892349243164
2017-01-20,MSFT,56.19300842285156
2017-01-23,MSFT,56.390052795410156
2017-01-24,MSFT,56.89162063598633
2017-01-25,MSFT,57.034915924072266
2017-01-26,MSFT,57.5633544921875
2017-01-27,MSFT,58.9157829284668
2017-01-30,MSFT,58.3336181640625
2017-01-31,MSFT,57.9036979675293
2017-02-01,MSFT,56.94536209106445
2017-02-02,MSFT,56.578128814697266
2017-02-03,MSFT,57.034915924072266
2017-02-06,MSFT,56.99909973144531
2017-02-07,MSFT,56.81100845336914
2017-02-08,MSFT,56.73039627075195
2017-02-09,MSFT,57.37527084350586
2017-02-10,MSFT,57.321533203125
2017-02-13,MSFT,57.96639633178711
2017-02-14,MSFT,58.18266296386719
2017-02-15,MSFT,58.1466178894043
2017-02-16,MSFT,58.137596130371094
2017-02-17,MSFT,58.22771072387695
2017-02-21,MSFT,58.11056137084961
2017-02-22,MSFT,57.993431091308594
2017-02-23,MSFT,58.22771072387695
2017-02-24,MSFT,58.22771072387695
2017-02-27,MSFT,57.87629318237305
2017-02-28,MSFT,57.651023864746094
2017-03-01,MSFT,58.51605987548828
2017-03-02,MSFT,57.67805480957031
2017-03-03,MSFT,57.89432144165039
2017-03-06,MSFT,57.912330627441406
2017-03-07,MSFT,58.02947998046875
2017-03-08,MSFT,58.56111526489258
2017-03-09,MSFT,58.32682800292969
2017-03-10,MSFT,58.50703430175781
2017-03-13,MSFT,58.30880355834961
2017-03-14,MSFT,58.038482666015625
2017-03-15,MSFT,58.34485626220703
2017-03-16,MSFT,58.245723724365234
2017-03-17,MSFT,58.45297622680664
2017-03-20,MSFT,58.50703430175781
2017-03-21,MSFT,57.85826873779297
2017-03-22,MSFT,58.597145080566406
2017-03-23,MSFT,58.45297622680664
2017-03-24,MSFT,58.55210494995117
2017-03-27,MSFT,58.660221099853516
2017-03-28,MSFT,58.83143615722656
2017-03-29,MSFT,58.993629455566406
2017-03-30,MSFT,59.20988082885742
2017-03-31,MSFT,59.34505844116211
2017-04-03,MSFT,59.06571578979492
2017-04-04,MSFT,59.22791290283203
2017-04-05,MSFT,59.0747184753418
2017-04-06,MSFT,59.22791290283203
2017-04-07,MSFT,59.182857513427734
2017-04-10,MSFT,59.047698974609375
2017-04-11,MSFT,59.00263214111328
2017-04-12,MSFT,58.777347564697266
2017-04-13,MSFT,58.52505111694336
2017-04-17,MSFT,59.00263214111328
2017-04-18,MSFT,58.92152786254883
2017-04-19,MSFT,58.60615158081055
2017-04-20,MSFT,59.020652770996094
2017-04-21,MSFT,59.83162307739258
2017-04-24,MSFT,60.84983444213867
2017-04-25,MSFT,61.20127487182617
2017-04-26,MSFT,61.12016677856445
2017-04-27,MSFT,61.51663589477539
2017-04-28,MSFT,61.68785095214844
2017-05-01,MSFT,62.54389190673828
2017-05-02,MSFT,62.444759368896484
2017-05-03,MSFT,62.24654006958008
2017-05-04,MSFT,62.00324630737305
2017-05-05,MSFT,62.17441177368164
2017-05-08,MSFT,62.120361328125
2017-05-09,MSFT,62.21047592163086
2017-05-10,MSFT,62.45375442504883
2017-05-11,MSFT,61.68785095214844
2017-05-12,MSFT,61.61577224731445
2017-05-15,MSFT,61.660823822021484
2017-05-16,MSFT,62.90239334106445
2017-05-17,MSFT,61.153324127197266
2017-05-18,MSFT,61.36175537109375
2017-05-19,MSFT,61.343631744384766
2017-05-22,MSFT,62.03237533569336
2017-05-23,MSFT,62.24081039428711
2017-05-24,MSFT,62.3223876953125
2017-05-25,MSFT,63.09271240234375
2017-05-26,MSFT,63.40081024169922
2017-05-30,MSFT,63.80864715576172
2017-05-31,MSFT,63.29206466674805
2017-06-01,MSFT,63.527679443359375
2017-06-02,MSFT,65.03205108642578
2017-06-05,MSFT,65.50328063964844
2017-06-06,MSFT,65.72078704833984
2017-06-07,MSFT,65.6030044555664
2017-06-08,MSFT,65.20423889160156
2017-06-09,MSFT,63.727054595947266
2017-06-12,MSFT,63.23771286010742
2017-06-13,MSFT,64.02610778808594
2017-06-14,MSFT,63.681732177734375
2017-06-15,MSFT,63.346439361572266
2017-06-16,MSFT,63.43705368041992
2017-06-19,MSFT,64.2254867553711
2017-06-20,MSFT,63.35548782348633
2017-06-21,MSFT,63.681732177734375
2017-06-22,MSFT,63.67268753051758
2017-06-23,MSFT,64.53362274169922
2017-06-26,MSFT,63.91737747192383
2017-06-27,MSFT,62.72111892700195
2017-06-28,MSFT,63.255836486816406
2017-06-29,MSFT,62.06861877441406
2017-06-30,MSFT,62.46739196777344
2017-07-03,MSFT,61.77862548828125
2017-07-05,MSFT,62.60334014892578
2017-07-06,MSFT,62.14111328125
2017-07-07,MSFT,62.94767761230469
2017-07-10,MSFT,63.41893768310547
2017-07-11,MSFT,63.42798614501953
2017-07-12,MSFT,64.4792251586914
2017-07-13,MSFT,65.04108428955078
2017-07-14,MSFT,65.9564208984375
2017-07-17,MSFT,66.47297668457031
2017-07-18,MSFT,66.42768096923828
2017-07-19,MSFT,66.93516540527344
2017-07-20,MSFT,67.26141357421875
2017-07-21,MSFT,66.8717041015625
2017-07-24,MSFT,66.69953918457031
2017-07-25,MSFT,67.23423767089844
2017-07-26,MSFT,67.1073226928711
2017-07-27,MSFT,66.30081939697266
2017-07-28,MSFT,66.1920394897461
2017-07-31,MSFT,65.8838882446289
2017-08-01,MSFT,65.7751693725586
2017-08-02,MSFT,65.48516082763672
2017-08-03,MSFT,65.3854751586914
2017-08-04,MSFT,65.86579132080078
2017-08-07,MSFT,65.61204528808594
2017-08-08,MSFT,65.965484619140625
2017-08-09,MSFT,65.67546844482422
2017-08-10,MSFT,64.71483612060547
2017-08-11,MSFT,65.70268249511719
2017-08-14,MSFT,66.69048309326172
2017-08-15,MSFT,66.70869445800781
2017-08-16,MSFT,67.1004638671875
2017-08-17,MSFT,65.96162414550781
2017-08-18,MSFT,66.04362487792969
2017-08-21,MSFT,65.733856201171875
2017-08-22,MSFT,66.65406036376953
2017-08-23,MSFT,66.25316619873047
2017-08-24,MSFT,66.225830078125
2017-08-25,MSFT,66.3442611694336
2017-08-28,MSFT,66.3533935546875
2017-08-29,MSFT,66.55384826660156
2017-08-30,MSFT,67.428436279296875
2017-08-31,MSFT,68.12085723876953
2017-09-01,MSFT,67.36469268798828
2017-09-05,MSFT,67.06403350830078
2017-09-06,MSFT,66.87268829345703
2017-09-07,MSFT,67.72906494140625
2017-09-08,MSFT,67.40111541748047
2017-09-11,MSFT,68.11174011230469
2017-09-12,MSFT,68.03886413574219
2017-09-13,MSFT,68.52172088623047
2017-09-14,MSFT,68.12085723876953
2017-09-15,MSFT,68.61283111572266
2017-09-18,MSFT,68.4761734008789
2017-09-19,MSFT,68.73128509521484
2017-09-20,MSFT,68.2757568359375
2017-09-21,MSFT,67.61065673828125
2017-09-22,MSFT,67.79288482666016
2017-09-25,MSFT,66.7451400756836
2017-09-26,MSFT,66.7451400756836
2017-09-27,MSFT,67.282684326171875
2017-09-28,MSFT,67.3008804321289
2017-09-29,MSFT,67.86576843261719
2017-10-02,MSFT,67.97509002685547
2017-10-03,MSFT,67.65620422363281
2017-10-04,MSFT,68.04796600341797
2017-10-05,MSFT,69.21414947509766
2017-10-06,MSFT,69.241485595703125
2017-10-09,MSFT,69.50569152832031
2017-10-10,MSFT,69.50569152832031
2017-10-11,MSFT,69.62409973144531
2017-10-12,MSFT,70.26185607910156
2017-10-13,MSFT,70.5989761352539
2017-10-16,MSFT,70.74476623535156
2017-10-17,MSFT,70.6900634765625
2017-10-18,MSFT,70.70830535888672
2017-10-19,MSFT,70.98163604736328
2017-10-20,MSFT,71.80158233642578
2017-10-23,MSFT,71.8198013305664
2017-10-24,MSFT,71.84715270996094
2017-10-25,MSFT,71.63761138916016
2017-10-26,MSFT,71.75602722167969
2017-10-27,MSFT,76.35694122314453
2017-10-30,MSFT,76.42984771728516
2017-10-31,MSFT,75.782989501953125
2017-11-01,MSFT,75.782989501953125
2017-11-02,MSFT,76.57561492919922
2017-11-03,MSFT,76.6576156616211
2017-11-06,MSFT,76.95825958251953
2017-11-07,MSFT,76.77601623535156
2017-11-08,MSFT,77.04024505615234
2017-11-09,MSFT,76.61205291748047
2017-11-10,MSFT,76.4115982055664
2017-11-13,MSFT,76.4662857055664
2017-11-14,MSFT,76.57561492919922
2017-11-15,MSFT,75.9804458618164
2017-11-16,MSFT,76.18186950683594
2017-11-17,MSFT,75.4493637084961
2017-11-20,MSFT,75.56837463378906
2017-11-21,MSFT,76.65801239013672
2017-11-22,MSFT,76.09947967529297
2017-11-24,MSFT,76.23681640625
2017-11-27,MSFT,76.79534149169922
2017-11-28,MSFT,77.72015380859375
2017-11-29,MSFT,76.31007385253906
2017-11-30,MSFT,77.070037841796875
2017-12-01,MSFT,77.15247344970703
2017-12-04,MSFT,74.24072265625
2017-12-05,MSFT,74.70767974853516
2017-12-06,MSFT,75.79729461669922
2017-12-07,MSFT,75.53175354003906
2017-12-08,MSFT,77.060882568359375
2017-12-11,MSFT,78.0406265258789
2017-12-12,MSFT,78.36113739013672
2017-12-13,MSFT,78.1505355834961
2017-12-14,MSFT,77.54619598388672
2017-12-15,MSFT,79.52400207519531
2017-12-18,MSFT,79.09361267089844
2017-12-19,MSFT,78.59002685546875
2017-12-20,MSFT,78.306182861328125
2017-12-21,MSFT,78.287841796875
2017-12-22,MSFT,78.2970199584961
2017-12-26,MSFT,78.19629669189453
2017-12-27,MSFT,78.4801254272461
2017-12-28,MSFT,78.48931121826172
2017-12-29,MSFT,78.3244857788086
2018-01-02,MSFT,78.699920654296875
2018-01-03,MSFT,79.06616973876953
2018-01-04,MSFT,79.76207733154297
2018-01-05,MSFT,80.7509536743164
2018-01-08,MSFT,80.83335876464844
2018-01-09,MSFT,80.778411865234375
2018-01-10,MSFT,80.41218566894531
2018-01-11,MSFT,80.650238037109375
2018-01-12,MSFT,82.04203033447266
2018-01-16,MSFT,80.8974380493164
2018-01-17,MSFT,82.53643798828125
2018-01-18,MSFT,82.499847412109375
2018-01-19,MSFT,82.40828704833984
2018-01-22,MSFT,83.882476806640625
2018-01-23,MSFT,84.14801025390625
2018-01-24,MSFT,84.07476043701172
2018-01-25,MSFT,84.54173278808594
2018-01-26,MSFT,86.12579345703125
2018-01-29,MSFT,85.99760437011719
2018-01-30,MSFT,84.91712188720703
2018-01-31,MSFT,86.99567413330078
2018-02-01,MSFT,86.3089370727539
2018-02-02,MSFT,84.03812408447266
2018-02-05,MSFT,80.576995849609375
2018-02-06,MSFT,83.62608337402344
2018-02-07,MSFT,82.0511703491211
2018-02-08,MSFT,77.83919525146484
2018-02-09,MSFT,80.74180603027344
2018-02-12,MSFT,81.611663818359375
2018-02-13,MSFT,82.25262451171875
2018-02-14,MSFT,83.540557861328125
2018-02-15,MSFT,85.24246978759766
2018-02-16,MSFT,84.63529205322266
2018-02-20,MSFT,85.29766845703125
2018-02-21,MSFT,84.1661148071289
2018-02-22,MSFT,84.38690185546875
2018-02-23,MSFT,86.53038787841797
2018-02-26,MSFT,87.7815170288086
2018-02-27,MSFT,86.65916442871094
2018-02-28,MSFT,86.26361083984375
2018-03-01,MSFT,85.41724395751953
2018-03-02,MSFT,85.601226806640625
2018-03-05,MSFT,86.14403533935547
2018-03-06,MSFT,85.8496322631836
2018-03-07,MSFT,86.34639739990234
2018-03-08,MSFT,86.870758056640625
2018-03-09,MSFT,88.8118667602539
2018-03-12,MSFT,89.0234375
2018-03-13,MSFT,86.85237884521484
2018-03-14,MSFT,86.3371810913086
2018-03-15,MSFT,86.6407699584961
2018-03-16,MSFT,87.02715301513672
2018-03-19,MSFT,85.45404052734375
2018-03-20,MSFT,85.6748275756836
2018-03-21,MSFT,85.0768814086914
2018-03-22,MSFT,82.60218811035156
2018-03-23,MSFT,80.20112609863281
2018-03-26,MSFT,86.27278137207031
2018-03-27,MSFT,82.3078384399414
2018-03-28,MSFT,82.23421478271484
2018-03-29,MSFT,83.96369934082031
2018-04-02,MSFT,81.4338607788086
2018-04-03,MSFT,82.52861022949219
2018-04-04,MSFT,84.938873291015625
2018-04-05,MSFT,84.98485565185547
2018-04-06,MSFT,83.00694274902344
2018-04-09,MSFT,83.503753662109375
2018-04-10,MSFT,85.44483947753906
2018-04-11,MSFT,84.5064926147461
2018-04-12,MSFT,86.08881378173828
2018-04-13,MSFT,85.62884521484375
2018-04-16,MSFT,86.631591796875
2018-04-17,MSFT,88.37947845458984
2018-04-18,MSFT,88.7198486328125
2018-04-19,MSFT,88.41626739501953
2018-04-20,MSFT,87.39512634277344
2018-04-23,MSFT,87.71711730957031
2018-04-24,MSFT,85.66563415527344
2018-04-25,MSFT,84.92047119140625
2018-04-26,MSFT,86.71436309814453
2018-04-27,MSFT,88.14947509765625
2018-04-30,MSFT,86.03362274169922
2018-05-01,MSFT,87.39512634277344
2018-05-02,MSFT,86.0243911743164
2018-05-03,MSFT,86.53958892822266
2018-05-04,MSFT,87.5423355102539
2018-05-07,MSFT,88.51747131347656
2018-05-08,MSFT,88.1402816772461
2018-05-09,MSFT,89.1798324584961
2018-05-10,MSFT,90.07218933105469
2018-05-11,MSFT,89.87901306152344
2018-05-14,MSFT,90.182586669921875
2018-05-15,MSFT,89.5294189453125
2018-05-16,MSFT,89.76039123535156
2018-05-17,MSFT,88.86418914794922
2018-05-18,MSFT,89.03050994873047
2018-05-21,MSFT,90.17619323730469
2018-05-22,MSFT,90.08379364013672
2018-05-23,MSFT,91.15557098388672
2018-05-24,MSFT,90.8321533203125
2018-05-25,MSFT,90.87835693359375
2018-05-29,MSFT,90.55498504638672
2018-05-30,MSFT,91.4234848022461
2018-05-31,MSFT,91.32184600830078
2018-06-01,MSFT,93.12351989746094
2018-06-04,MSFT,93.93659210205078
2018-06-05,MSFT,94.41705322265625
2018-06-06,MSFT,94.69420623779297
2018-06-07,MSFT,93.20667266845703
2018-06-08,MSFT,93.899627685546875
2018-06-11,MSFT,93.36375427246094
2018-06-12,MSFT,93.603973388671875
2018-06-13,MSFT,93.178955078125
2018-06-14,MSFT,93.70560455322266
2018-06-15,MSFT,92.51375579833984
2018-06-18,MSFT,93.18819427490234
2018-06-19,MSFT,93.18819427490234
2018-06-20,MSFT,94.12139129638672
2018-06-21,MSFT,93.44694519042969
2018-06-22,MSFT,92.77242279052734
2018-06-25,MSFT,90.90607452392578
2018-06-26,MSFT,91.54359436035156
2018-06-27,MSFT,90.12073516845703
2018-06-28,MSFT,91.127838134765625
2018-06-29,MSFT,91.10933685302734
2018-07-02,MSFT,92.40287017822266
2018-07-03,MSFT,91.51587677001953
2018-07-05,MSFT,92.1718978881836
2018-07-06,MSFT,93.46540832519531
2018-07-09,MSFT,94.10289001464844
2018-07-10,MSFT,94.35236358642578
2018-07-11,MSFT,94.2230224609375
2018-07-12,MSFT,96.264923095703125
2018-07-13,MSFT,97.41060638427734
2018-07-16,MSFT,96.930145263671875
2018-07-17,MSFT,97.89106750488281
2018-07-18,MSFT,97.12418365478516
2018-07-19,MSFT,96.45893859863281
2018-07-20,MSFT,98.18669128417969
2018-07-23,MSFT,99.75740051269531
2018-07-24,MSFT,99.47099304199219
2018-07-25,MSFT,102.39984130859375
2018-07-26,MSFT,101.28189849853516
2018-07-27,MSFT,99.48943328857422
2018-07-30,MSFT,97.35514068603516
2018-07-31,MSFT,98.01114654541016
2018-08-01,MSFT,98.19593811035156
2018-08-02,MSFT,99.38783264160156
2018-08-03,MSFT,99.82206726074219
2018-08-06,MSFT,99.90522766113281
2018-08-07,MSFT,100.59815979003906
2018-08-08,MSFT,101.16177368164063
2018-08-09,MSFT,101.32809448242188
2018-08-10,MSFT,100.70905303955078
2018-08-13,MSFT,99.97914123535156
2018-08-14,MSFT,101.22644805908203
2018-08-15,MSFT,99.8537826538086
2018-08-16,MSFT,99.8352279663086
2018-08-17,MSFT,99.779571533203125
2018-08-20,MSFT,99.12105560302734
2018-08-21,MSFT,98.29559326171875
2018-08-22,MSFT,99.29725646972656
2018-08-23,MSFT,99.76102447509766
2018-08-24,MSFT,100.54010772705078
2018-08-27,MSFT,101.653076171875
2018-08-28,MSFT,102.26522064208984
2018-08-29,MSFT,103.89762878417969
2018-08-30,MSFT,103.83268737792969
2018-08-31,MSFT,104.1851806640625
2018-09-04,MSFT,103.610107421875
2018-09-05,MSFT,100.62358856201172
2018-09-06,MSFT,100.8554458618164
2018-09-07,MSFT,100.3638916015625
2018-09-10,MSFT,101.44905853271484
2018-09-11,MSFT,103.17420196533203
2018-09-12,MSFT,103.610107421875
2018-09-13,MSFT,104.72309875488281
2018-09-14,MSFT,105.14974975585938
2018-09-17,MSFT,104.0089340209961
2018-09-18,MSFT,105.00135040283203
2018-09-19,MSFT,103.60083770751953
2018-09-20,MSFT,105.33524322509766
2018-09-21,MSFT,105.97520446777344
2018-09-24,MSFT,106.3554916381836
2018-09-25,MSFT,106.15142822265625
2018-09-26,MSFT,105.71552276611328
2018-09-27,MSFT,106.11431884765625
2018-09-28,MSFT,106.07723236083984
2018-10-01,MSFT,107.22730255126953
2018-10-02,MSFT,106.80066680908203
2018-10-03,MSFT,106.81922912597656
2018-10-04,MSFT,104.61180114746094
2018-10-05,MSFT,103.9996566772461
2018-10-08,MSFT,102.81244659423828
2018-10-09,MSFT,104.1202163696289
2018-10-10,MSFT,98.4625473022461
2018-10-11,MSFT,98.23065948486328
2018-10-12,MSFT,101.62527465820313
2018-10-15,MSFT,99.79811096191406
2018-10-16,MSFT,102.95157623291016
2018-10-17,MSFT,102.68260192871094
2018-10-18,MSFT,100.63285064697266
2018-10-19,MSFT,100.78124237060547
2018-10-22,MSFT,101.68091583251953
2018-10-23,MSFT,100.2618637084961
2018-10-24,MSFT,94.9009780883789
2018-10-25,MSFT,100.44734191894531
2018-10-26,MSFT,99.20454406738281
2018-10-29,MSFT,96.32003021240234
2018-10-30,MSFT,96.2087173461914
2018-10-31,MSFT,99.065399169921875
2018-11-01,MSFT,98.23992156982422
2018-11-02,MSFT,98.4625473022461
2018-11-05,MSFT,99.71465301513672
2018-11-06,MSFT,99.90940856933594
2018-11-07,MSFT,103.84197998046875
2018-11-08,MSFT,103.64720916748047
2018-11-09,MSFT,101.62527465820313
2018-11-12,MSFT,99.12105560302734
2018-11-13,MSFT,99.18597412109375
2018-11-14,MSFT,97.77940368652344
2018-11-15,MSFT,99.93115997314453
2018-11-16,MSFT,100.8719711303711
2018-11-19,MSFT,97.453369140625
2018-11-20,MSFT,94.74272918701172
2018-11-21,MSFT,96.04682159423828
2018-11-23,MSFT,96.00955963134766
2018-11-26,MSFT,99.176666259765625
2018-11-27,MSFT,99.80076599121094
2018-11-28,MSFT,103.50811767578125
2018-11-29,MSFT,102.641845703125
2018-11-30,MSFT,103.29387664794922
2018-12-03,MSFT,104.41168212890625
2018-12-04,MSFT,101.08621978759766
2018-12-06,MSFT,101.7103271484375
2018-12-07,MSFT,97.639678955078125
2018-12-10,MSFT,100.21992492675781
2018-12-11,MSFT,101.15142059326172
2018-12-12,MSFT,101.6078872680664
2018-12-13,MSFT,101.95252227783203
2018-12-14,MSFT,98.76677703857422
2018-12-17,MSFT,95.841888427734375
2018-12-18,MSFT,96.84790802001953
2018-12-19,MSFT,96.58708190917969
2018-12-20,MSFT,94.55643463134766
2018-12-21,MSFT,91.50108337402344
2018-12-24,MSFT,87.68196868896484
2018-12-26,MSFT,93.67149353027344
2018-12-27,MSFT,94.2490463256836
2018-12-28,MSFT,93.51312255859375
2018-12-31,MSFT,94.61231231689453
2019-01-02,MSFT,94.19315338134766
2019-01-03,MSFT,90.72796630859375
2019-01-04,MSFT,94.9476318359375
2019-01-07,MSFT,95.0687484741211
2019-01-08,MSFT,95.758056640625
2019-01-09,MSFT,97.12736511230469
2019-01-10,MSFT,96.50322723388672
2019-01-11,MSFT,95.758056640625
2019-01-14,MSFT,95.05943298339844
2019-01-15,MSFT,97.816680908203125
2019-01-16,MSFT,98.16131591796875
2019-01-17,MSFT,98.85063934326172
2019-01-18,MSFT,100.33171844482422
2019-01-22,MSFT,98.4407730102539
2019-01-23,MSFT,99.40023040771484
2019-01-24,MSFT,98.9251480102539
2019-01-25,MSFT,99.828704833984375
2019-01-28,MSFT,97.88188934326172
2019-01-29,MSFT,95.88846588134766
2019-01-30,MSFT,99.09281921386719
2019-01-31,MSFT,97.276397705078125
2019-02-01,MSFT,95.73942565917969
2019-02-04,MSFT,98.49665832519531
2019-02-05,MSFT,99.875274658203125
2019-02-06,MSFT,98.76677703857422
2019-02-07,MSFT,98.05884552001953
2019-02-08,MSFT,98.43143463134766
2019-02-11,MSFT,98.04023742675781
2019-02-12,MSFT,99.56788635253906
2019-02-13,MSFT,99.49335479736328
2019-02-14,MSFT,99.57720947265625
2019-02-15,MSFT,100.80677795410156
2019-02-19,MSFT,100.76021575927734
2019-02-20,MSFT,100.236328125
2019-02-21,MSFT,102.35051727294922
2019-02-22,MSFT,103.80984497070313
2019-02-25,MSFT,104.38983917236328
2019-02-26,MSFT,105.11013793945313
2019-02-27,MSFT,104.93243408203125
2019-02-28,MSFT,104.80145263671875
2019-03-01,MSFT,105.26920318603516
2019-03-04,MSFT,105.01661682128906
2019-03-05,MSFT,104.49274444580078
2019-03-06,MSFT,104.53951263427734
2019-03-07,MSFT,103.26728057861328
2019-03-08,MSFT,103.37953186035156
2019-03-11,MSFT,105.54983520507813
2019-03-12,MSFT,106.28887176513672
2019-03-13,MSFT,107.11209106445313
2019-03-14,MSFT,107.19627380371094
2019-03-15,MSFT,108.43113708496094
2019-03-18,MSFT,109.98400115966797
2019-03-19,MSFT,110.05882263183594
2019-03-20,MSFT,109.93721771240234
2019-03-21,MSFT,112.46302795410156
2019-03-22,MSFT,109.4975357055664
2019-03-25,MSFT,110.06819152832031
2019-03-26,MSFT,110.30206298828125
2019-03-27,MSFT,109.2356185913086
2019-03-28,MSFT,109.38528442382813
2019-03-29,MSFT,110.33013916015625
2019-04-01,MSFT,111.34044647216797
2019-04-02,MSFT,111.49948120117188
2019-04-03,MSFT,112.2291488647461
2019-04-04,MSFT,111.65852355957031
2019-04-05,MSFT,112.15434265136719
2019-04-08,MSFT,112.19174194335938
2019-04-09,MSFT,111.58365631103516
2019-04-10,MSFT,112.4349594116211
2019-04-11,MSFT,112.5658950805664
2019-04-12,MSFT,113.14588928222656
2019-04-15,MSFT,113.23946380615234
2019-04-16,MSFT,112.97753143310547
2019-04-17,MSFT,113.91301727294922
2019-04-18,MSFT,115.4097671508789
2019-04-22,MSFT,115.77461242675781
2019-04-23,MSFT,117.34619903564453
2019-04-24,MSFT,116.94393920898438
2019-04-25,MSFT,120.8167953491211
2019-04-26,MSFT,121.50906372070313
2019-04-29,MSFT,121.39683532714844
2019-04-30,MSFT,122.1732406616211
2019-05-01,MSFT,119.6287612915039
2019-05-02,MSFT,118.06652069091797
2019-05-03,MSFT,120.58295440673828
2019-05-06,MSFT,119.8813247680664
2019-05-07,MSFT,117.4210205078125
2019-05-08,MSFT,117.41167449951172
2019-05-09,MSFT,117.40233612060547
2019-05-10,MSFT,118.92715454101563
2019-05-13,MSFT,115.39102172851563
2019-05-14,MSFT,116.68201446533203
2019-05-15,MSFT,118.32514953613281
2019-05-16,MSFT,121.05746459960938
2019-05-17,MSFT,120.24998474121094
2019-05-20,MSFT,118.512939453125
2019-05-21,MSFT,119.15142059326172
2019-05-22,MSFT,119.8744125366211
2019-05-23,MSFT,118.47537994384766
2019-05-24,MSFT,118.53173065185547
2019-05-28,MSFT,118.45661926269531
2019-05-29,MSFT,117.31111145019531
2019-05-30,MSFT,118.05288696289063
2019-05-31,MSFT,116.1280288696289
2019-06-03,MSFT,112.52251434326172
2019-06-04,MSFT,115.6397933959961
2019-06-05,MSFT,118.14675903320313
2019-06-06,MSFT,120.01524353027344
2019-06-07,MSFT,123.37664031982422
2019-06-10,MSFT,124.50341796875
2019-06-11,MSFT,124.0339126586914
2019-06-12,MSFT,123.46114349365234
2019-06-13,MSFT,124.240478515625
2019-06-14,MSFT,124.3625259399414
2019-06-17,MSFT,124.73812103271484
2019-06-18,MSFT,126.90705871582031
2019-06-19,MSFT,127.40469360351563
2019-06-20,MSFT,128.5878143310547
2019-06-21,MSFT,128.60650634765625
2019-06-24,MSFT,129.3671112060547
2019-06-25,MSFT,125.28271484375
2019-06-26,MSFT,125.75215911865234
2019-06-27,MSFT,125.9587173461914
2019-06-28,MSFT,125.7803955078125
2019-07-01,MSFT,127.395263671875
2019-07-02,MSFT,128.2403564453125
2019-07-03,MSFT,129.06661987304688
2019-07-05,MSFT,128.6910400390625
2019-07-08,MSFT,128.59715270996094
2019-07-09,MSFT,128.127685546875
2019-07-10,MSFT,129.4327850341797
2019-07-11,MSFT,129.94921875
2019-07-12,MSFT,130.418701171875
2019-07-15,MSFT,130.418701171875
2019-07-16,MSFT,128.7098846435547
2019-07-17,MSFT,127.9493179321289
2019-07-18,MSFT,128.09010314941406
2019-07-19,MSFT,128.2778778076172
2019-07-22,MSFT,129.9773712158203
2019-07-23,MSFT,130.7848663330078
2019-07-24,MSFT,132.12757873535156
2019-07-25,MSFT,131.62998962402344
2019-07-26,MSFT,132.70970153808594
2019-07-29,MSFT,132.4186553955078
2019-07-30,MSFT,131.78016662597656
2019-07-31,MSFT,127.9493179321289
2019-08-01,MSFT,129.62997436523438
2019-08-02,MSFT,128.54083251953125
2019-08-05,MSFT,124.13719177246094
2019-08-06,MSFT,126.46576690673828
2019-08-07,MSFT,127.0197525024414
2019-08-08,MSFT,130.4093017578125
2019-08-09,MSFT,129.30136108398438
2019-08-12,MSFT,127.49859619140625
2019-08-13,MSFT,130.1370086669922
2019-08-14,MSFT,126.218017578125
2019-08-15,MSFT,125.93538665771484
2019-08-16,MSFT,128.24346923828125
2019-08-19,MSFT,130.39138793945313
2019-08-20,MSFT,129.3080291748047
2019-08-21,MSFT,130.7493133544922
2019-08-22,MSFT,129.79788208007813
2019-08-23,MSFT,125.66219329833984
2019-08-26,MSFT,127.6029052734375
2019-08-27,MSFT,127.8760757446289
2019-08-28,MSFT,127.70645904541016
2019-08-29,MSFT,130.11822509765625
2019-08-30,MSFT,129.87326049804688
2019-09-03,MSFT,128.15866088867188
2019-09-04,MSFT,129.65658569335938
2019-09-05,MSFT,131.93641662597656
2019-09-06,MSFT,131.04141235351563
2019-09-09,MSFT,129.55294799804688
2019-09-10,MSFT,128.1963653564453
2019-09-11,MSFT,128.23402404785156
2019-09-12,MSFT,129.55294799804688
2019-09-13,MSFT,129.36448669433594
2019-09-16,MSFT,128.43191528320313
2019-09-17,MSFT,129.43048095703125
2019-09-18,MSFT,130.4949951171875
2019-09-19,MSFT,132.8972930908203
2019-09-20,MSFT,131.36166381835938
2019-09-23,MSFT,131.07904052734375
2019-09-24,MSFT,129.4210662841797
2019-09-25,MSFT,131.2863311767578
2019-09-26,MSFT,131.45590209960938
2019-09-27,MSFT,129.75076293945313
2019-09-30,MSFT,130.97543334960938
2019-10-01,MSFT,129.12899780273438
2019-10-02,MSFT,126.84918975830078
2019-10-03,MSFT,128.38478088378906
2019-10-04,MSFT,130.11822509765625
2019-10-07,MSFT,129.1760711669922
2019-10-08,MSFT,127.81010437011719
2019-10-09,MSFT,130.23123168945313
2019-10-10,MSFT,131.04141235351563
2019-10-11,MSFT,131.58778381347656
2019-10-14,MSFT,131.46534729003906
2019-10-15,MSFT,133.36834716796875
2019-10-16,MSFT,132.27552795410156
2019-10-17,MSFT,131.59722900390625
2019-10-18,MSFT,129.4493408203125
2019-10-21,MSFT,130.4102020263672
2019-10-22,MSFT,128.4695281982422
2019-10-23,MSFT,129.28916931152344
2019-10-24,MSFT,131.83270263671875
2019-10-25,MSFT,132.5769805908203
2019-10-28,MSFT,135.8365478515625
2019-10-29,MSFT,134.5553741455078
2019-10-30,MSFT,136.23219299316406
2019-10-31,MSFT,135.0640106201172
2019-11-01,MSFT,135.39373779296875
2019-11-04,MSFT,136.17564392089844
2019-11-05,MSFT,136.09085083007813
2019-11-06,MSFT,135.71408081054688
2019-11-07,MSFT,135.90248107910156
2019-11-08,MSFT,137.50404357910156
2019-11-11,MSFT,137.64529418945313
2019-11-12,MSFT,138.5496826171875
2019-11-13,MSFT,138.7757568359375
2019-11-14,MSFT,139.48231506347656
2019-11-15,MSFT,141.2816619873047
2019-11-18,MSFT,141.63021850585938
2019-11-19,MSFT,141.67733764648438
2019-11-20,MSFT,141.43154907226563
2019-11-21,MSFT,141.2992401123047
2019-11-22,MSFT,141.4031982421875
2019-11-25,MSFT,142.95346069335938
2019-11-26,MSFT,143.7096710205078
2019-11-27,MSFT,143.98382568359375
2019-11-29,MSFT,143.09524536132813
2019-12-02,MSFT,141.36541748046875
2019-12-03,MSFT,141.13853454589844
2019-12-04,MSFT,141.64898681640625
2019-12-05,MSFT,141.72459411621094
2019-12-06,MSFT,143.4449920654297
2019-12-09,MSFT,143.0763397216797
2019-12-10,MSFT,142.8589324951172
2019-12-11,MSFT,143.39776611328125
2019-12-12,MSFT,144.85345458984375
2019-12-13,MSFT,146.07284545898438
2019-12-16,MSFT,147.01809692382813
2019-12-17,MSFT,146.22412109375
2019-12-18,MSFT,145.92160034179688
2019-12-19,MSFT,147.18824768066406
2019-12-20,MSFT,148.79525756835938
2019-12-23,MSFT,148.79525756835938
2019-12-24,MSFT,148.76687622070313
2019-12-26,MSFT,149.9862823486328
2019-12-27,MSFT,150.2603759765625
2019-12-30,MSFT,148.96536254882813
2019-12-31,MSFT,149.06935119628906
2020-01-02,MSFT,151.82952880859375
2020-01-03,MSFT,149.93899536132813
2020-01-06,MSFT,150.3265838623047
2020-01-07,MSFT,148.9558868408203
2020-01-08,MSFT,151.3285369873047
2020-01-09,MSFT,153.21908569335938
2020-01-10,MSFT,152.51010131835938
2020-01-13,MSFT,154.34400939941406
2020-01-14,MSFT,153.2569122314453
2020-01-15,MSFT,154.2494354248047
2020-01-16,MSFT,157.0758056640625
2020-01-17,MSFT,157.95492553710938
2020-01-21,MSFT,157.3877716064453
2020-01-22,MSFT,156.6315155029297
2020-01-23,MSFT,157.59567260742188
2020-01-24,MSFT,156.00762939453125
2020-01-27,MSFT,153.398681640625
2020-01-28,MSFT,156.4046630859375
2020-01-29,MSFT,158.84347534179688
2020-01-30,MSFT,163.32406616210938
2020-01-31,MSFT,160.91360473632813
2020-02-03,MSFT,164.83651733398438
2020-02-04,MSFT,170.26234436035156
2020-02-05,MSFT,170.05435180664063
2020-02-06,MSFT,173.58029174804688
2020-02-07,MSFT,173.8260498046875
2020-02-10,MSFT,178.3727569580078
2020-02-11,MSFT,174.34591674804688
2020-02-12,MSFT,174.6011505126953
2020-02-13,MSFT,173.6558837890625
2020-02-14,MSFT,175.20614624023438
2020-02-18,MSFT,176.98321533203125
2020-02-19,MSFT,177.5140380859375
2020-02-20,MSFT,174.80316162109375
2020-02-21,MSFT,169.27719116210938
2020-02-24,MSFT,161.978759765625
2020-02-25,MSFT,159.3057861328125
2020-02-26,MSFT,161.2962188720703
2020-02-27,MSFT,149.93148803710938
2020-02-28,MSFT,153.56173706054688
2020-03-02,MSFT,163.77963256835938
2020-03-03,MSFT,155.9314422607422
2020-03-04,MSFT,161.6564483642578
2020-03-05,MSFT,157.59963989257813
2020-03-06,MSFT,153.14471435546875
2020-03-09,MSFT,142.76571655273438
2020-03-10,MSFT,152.5286407470703
2020-03-11,MSFT,145.61875915527344
2020-03-12,MSFT,131.8084716796875
2020-03-13,MSFT,150.547607421875
2020-03-16,MSFT,128.3583526611328
2020-03-17,MSFT,138.9269256591797
2020-03-18,MSFT,133.07867431640625
2020-03-19,MSFT,135.26820373535156
2020-03-20,MSFT,130.18772888183594
2020-03-23,MSFT,128.8891143798828
2020-03-24,MSFT,140.60455322265625
2020-03-25,MSFT,139.25863647460938
2020-03-26,MSFT,147.96942138671875
2020-03-27,MSFT,141.89369201660156
2020-03-30,MSFT,151.8745880126953
2020-03-31,MSFT,149.48602294921875
2020-04-01,MSFT,144.17800903320313
2020-04-02,MSFT,147.1637420654297
2020-04-03,MSFT,145.808349609375
2020-04-06,MSFT,156.6517791748047
2020-04-07,MSFT,154.9645538330078
2020-04-08,MSFT,156.5190887451172
2020-04-09,MSFT,156.52854919433594
2020-04-13,MSFT,156.87925720214844
2020-04-14,MSFT,164.6421661376953
2020-04-15,MSFT,162.9171142578125
2020-04-16,MSFT,167.80801391601563
2020-04-17,MSFT,169.2866973876953
2020-04-20,MSFT,165.93125915527344
2020-04-21,MSFT,159.06884765625
2020-04-22,MSFT,164.4715576171875
2020-04-23,MSFT,162.4810791015625
2020-04-24,MSFT,165.44789123535156
2020-04-27,MSFT,164.97393798828125
2020-04-28,MSFT,160.9550323486328
2020-04-29,MSFT,168.17767333984375
2020-04-30,MSFT,169.8648681640625
2020-05-01,MSFT,165.46685791015625
2020-05-04,MSFT,169.51412963867188
2020-05-05,MSFT,171.3340606689453
2020-05-06,MSFT,173.0211944580078
2020-05-07,MSFT,174.02593994140625
2020-05-08,MSFT,175.0496063232422
2020-05-11,MSFT,177.0022430419922
2020-05-12,MSFT,172.99278259277344
2020-05-13,MSFT,170.37667846679688
2020-05-14,MSFT,171.11602783203125
2020-05-15,MSFT,173.60888671875
2020-05-18,MSFT,175.2676239013672
2020-05-19,MSFT,174.05438232421875
2020-05-20,MSFT,176.46865844726563
2020-05-21,MSFT,174.34902954101563
2020-05-22,MSFT,174.42506408691406
2020-05-26,MSFT,172.58111572265625
2020-05-27,MSFT,172.8092498779297
2020-05-28,MSFT,172.4195098876953
2020-05-29,MSFT,174.1779022216797
2020-06-01,MSFT,173.7787322998047
2020-06-02,MSFT,175.75575256347656
2020-06-03,MSFT,176.1834716796875
2020-06-04,MSFT,173.86427307128906
2020-06-05,MSFT,177.93238830566406
2020-06-08,MSFT,179.03497314453125
2020-06-09,MSFT,180.40365600585938
2020-06-10,MSFT,187.09515380859375
2020-06-11,MSFT,177.04843139648438
2020-06-12,MSFT,178.44564819335938
2020-06-15,MSFT,179.58624267578125
2020-06-16,MSFT,183.98703002929688
2020-06-17,MSFT,184.62387084960938
2020-06-18,MSFT,186.60089111328125
2020-06-19,MSFT,185.48880004882813
2020-06-22,MSFT,190.64047241210938
2020-06-23,MSFT,191.91415405273438
2020-06-24,MSFT,188.04562377929688
2020-06-25,MSFT,190.42190551757813
2020-06-26,MSFT,186.61038208007813
2020-06-29,MSFT,188.6159210205078
2020-06-30,MSFT,193.4349365234375
2020-07-01,MSFT,194.56600952148438
2020-07-02,MSFT,196.04879760742188
2020-07-06,MSFT,200.2689666748047
2020-07-07,MSFT,197.94027709960938
2020-07-08,MSFT,202.29354858398438
2020-07-09,MSFT,203.7097625732422
2020-07-10,MSFT,203.09194946289063
2020-07-13,MSFT,196.81869506835938
2020-07-14,MSFT,198.0353546142578
2020-07-15,MSFT,197.74066162109375
2020-07-16,MSFT,193.82464599609375
2020-07-17,MSFT,192.83615112304688
2020-07-20,MSFT,201.12445068359375
2020-07-21,MSFT,198.41555786132813
2020-07-22,MSFT,201.26695251464844
2020-07-23,MSFT,192.5129852294922
2020-07-24,MSFT,191.3343505859375
2020-07-27,MSFT,193.7581024169922
2020-07-28,MSFT,192.01869201660156
2020-07-29,MSFT,193.9576873779297
2020-07-30,MSFT,193.8056182861328
2020-07-31,MSFT,194.86070251464844
2020-08-03,MSFT,205.8198699951172
2020-08-04,MSFT,202.7307586669922
2020-08-05,MSFT,202.3980712890625
2020-08-06,MSFT,205.63926696777344
2020-08-07,MSFT,201.9608612060547
2020-08-10,MSFT,197.94027709960938
2020-08-11,MSFT,193.31137084960938
2020-08-12,MSFT,198.83372497558594
2020-08-13,MSFT,198.36801147460938
2020-08-14,MSFT,198.55801391601563
2020-08-17,MSFT,199.86981201171875
2020-08-18,MSFT,201.01983642578125
2020-08-19,MSFT,199.80032348632813
2020-08-20,MSFT,204.44993591308594
2020-08-21,MSFT,202.9635772705078
2020-08-24,MSFT,203.60191345214844
2020-08-25,MSFT,206.25071716308594
2020-08-26,MSFT,210.70974731445313
2020-08-27,MSFT,215.8833770751953
2020-08-28,MSFT,218.10345458984375
2020-08-31,MSFT,214.8829803466797
2020-09-01,MSFT,216.54087829589844
2020-09-02,MSFT,220.71405029296875
2020-09-03,MSFT,207.04151916503906
2020-09-04,MSFT,204.13548278808594
2020-09-08,MSFT,193.0926513671875
2020-09-09,MSFT,201.31524658203125
2020-09-10,MSFT,195.67469787597656
2020-09-11,MSFT,194.39794921875
2020-09-14,MSFT,195.7128143310547
2020-09-15,MSFT,198.92372131347656
2020-09-16,MSFT,195.36984252929688
2020-09-17,MSFT,193.3308563232422
2020-09-18,MSFT,190.92987060546875
2020-09-21,MSFT,192.9783172607422
2020-09-22,MSFT,197.62791442871094
2020-09-23,MSFT,191.12037658691406
2020-09-24,MSFT,193.5976104736328
2020-09-25,MSFT,198.00904846191406
2020-09-28,MSFT,199.55255126953125
2020-09-29,MSFT,197.47549438476563
2020-09-30,MSFT,200.4005889892578
2020-10-01,MSFT,202.4300079345703
2020-10-02,MSFT,196.4560089111328
2020-10-05,MSFT,200.4481964111328
2020-10-06,MSFT,196.1892547607422
2020-10-07,MSFT,199.9241943359375
2020-10-08,MSFT,200.63873291015625
2020-10-09,MSFT,205.62185668945313
2020-10-12,MSFT,210.947998046875
2020-10-13,MSFT,212.33905029296875
2020-10-14,MSFT,210.43345642089844
2020-10-15,MSFT,209.29010009765625
2020-10-16,MSFT,209.29010009765625
2020-10-19,MSFT,204.10690307617188
2020-10-20,MSFT,204.5166015625
2020-10-21,MSFT,204.65957641601563
2020-10-22,MSFT,204.7452850341797
2020-10-23,MSFT,206.02200317382813
2020-10-26,MSFT,200.16238403320313
2020-10-27,MSFT,203.18267822265625
2020-10-28,MSFT,193.1116943359375
2020-10-29,MSFT,195.055419921875
2020-10-30,MSFT,192.91165161132813
2020-11-02,MSFT,192.77821350097656
2020-11-03,MSFT,196.68467712402344
2020-11-04,MSFT,206.1745147705078
2020-11-05,MSFT,212.74874877929688
2020-11-06,MSFT,213.158447265625
2020-11-09,MSFT,208.08004760742188
2020-11-10,MSFT,201.0484161376953
2020-11-11,MSFT,206.32688903808594
2020-11-12,MSFT,205.26931762695313
2020-11-13,MSFT,206.28880310058594
2020-11-16,MSFT,206.9748077392578
2020-11-17,MSFT,204.33563232421875
2020-11-18,MSFT,201.6416778564453
2020-11-19,MSFT,202.9217987060547
2020-11-20,MSFT,200.98252868652344
2020-11-23,MSFT,200.71507263183594
2020-11-24,MSFT,204.29737854003906
2020-11-25,MSFT,204.30691528320313
2020-11-27,MSFT,205.6060791015625
2020-11-30,MSFT,204.4980010986328
2020-12-01,MSFT,206.5422821044922
2020-12-02,MSFT,205.7398681640625
2020-12-03,MSFT,204.660400390625
2020-12-04,MSFT,204.77500915527344
2020-12-07,MSFT,204.70819091796875
2020-12-08,MSFT,206.3512420654297
2020-12-09,MSFT,202.32949829101563
2020-12-10,MSFT,201.1067352294922
2020-12-11,MSFT,203.7242431640625
2020-12-14,MSFT,204.62216186523438
2020-12-15,MSFT,204.5552978515625
2020-12-16,MSFT,209.47503662109375
2020-12-17,MSFT,209.60877990722656
2020-12-18,MSFT,208.81588745117188
2020-12-21,MSFT,212.63697814941406
2020-12-22,MSFT,213.92669677734375
2020-12-23,MSFT,211.13720703125
2020-12-24,MSFT,212.78985595703125
2020-12-28,MSFT,214.90103149414063
2020-12-29,MSFT,214.12725830078125
2020-12-30,MSFT,211.76773071289063
2020-12-31,MSFT,212.47462463378906
2021-01-04,MSFT,207.95611572265625
2021-01-05,MSFT,208.15670776367188
2021-01-06,MSFT,202.75938415527344
2021-01-07,MSFT,208.52931213378906
2021-01-08,MSFT,209.79978942871094
2021-01-11,MSFT,207.76507568359375
2021-01-12,MSFT,205.31947326660156
2021-01-13,MSFT,206.66648864746094
2021-01-14,MSFT,203.4949493408203
2021-01-15,MSFT,203.1414794921875
2021-01-19,MSFT,206.7620086669922
2021-01-20,MSFT,214.3087921142578
2021-01-21,MSFT,214.91062927246094
2021-01-22,MSFT,215.84678649902344
2021-01-25,MSFT,219.26666259765625
2021-01-26,MSFT,221.9415283203125
2021-01-27,MSFT,222.4859619140625
2021-01-28,MSFT,228.24639892578125
2021-01-29,MSFT,221.58807373046875
2021-02-01,MSFT,228.9342041015625
2021-02-02,MSFT,228.80043029785156
2021-02-03,MSFT,232.1343994140625
2021-02-04,MSFT,231.18865966796875
2021-02-05,MSFT,231.37017822265625
2021-02-08,MSFT,231.62808227539063
2021-02-09,MSFT,232.86996459960938
2021-02-10,MSFT,231.96243286132813
2021-02-11,MSFT,233.55780029296875
2021-02-12,MSFT,234.035400390625
2021-02-16,MSFT,232.80313110351563
2021-02-17,MSFT,233.81802368164063
2021-02-18,MSFT,233.42547607421875
2021-02-19,MSFT,230.72535705566406
2021-02-22,MSFT,224.54000854492188
2021-02-23,MSFT,223.35269165039063
2021-02-24,MSFT,224.57827758789063
2021-02-25,MSFT,219.25469970703125
2021-02-26,MSFT,222.5005645751953
2021-03-01,MSFT,226.86669921875
2021-03-02,MSFT,223.9272003173828
2021-03-03,MSFT,217.8854217529297
2021-03-04,MSFT,217.0907440185547
2021-03-05,MSFT,221.75375366210938
2021-03-08,MSFT,217.72274780273438
2021-03-09,MSFT,223.8410186767578
2021-03-10,MSFT,222.53884887695313
2021-03-11,MSFT,227.04859924316406
2021-03-12,MSFT,225.727294921875
2021-03-15,MSFT,224.82725524902344
2021-03-16,MSFT,227.60394287109375
2021-03-17,MSFT,226.96241760253906
2021-03-18,MSFT,220.91114807128906
2021-03-19,MSFT,220.5568389892578
2021-03-22,MSFT,225.95704650878906
2021-03-23,MSFT,227.4794921875
2021-03-24,MSFT,225.44960021972656
2021-03-25,MSFT,222.46224975585938
2021-03-26,MSFT,226.4262237548828
2021-03-29,MSFT,225.23898315429688
2021-03-30,MSFT,221.99307250976563
2021-03-31,MSFT,225.74644470214844
2021-04-01,MSFT,232.0466766357422
2021-04-05,MSFT,238.48098754882813
2021-04-06,MSFT,237.3224334716797
2021-04-07,MSFT,239.27569580078125
2021-04-08,MSFT,242.48329162597656
2021-04-09,MSFT,244.9727325439453
2021-04-12,MSFT,245.0302276611328
2021-04-13,MSFT,247.50048828125
2021-04-14,MSFT,244.72378540039063
2021-04-15,MSFT,248.4675750732422
2021-04-16,MSFT,249.65481567382813
2021-04-19,MSFT,247.73992919921875
2021-04-20,MSFT,247.2802734375
2021-04-21,MSFT,249.50164794921875
2021-04-22,MSFT,246.2366180419922
2021-04-23,MSFT,250.0474090576172
2021-04-26,MSFT,250.430419921875
2021-04-27,MSFT,250.83255004882813
2021-04-28,MSFT,243.7375946044922
2021-04-29,MSFT,241.77471923828125
2021-04-30,MSFT,241.45877075195313
2021-05-03,MSFT,241.15232849121094
2021-05-04,MSFT,237.25534057617188
2021-05-05,MSFT,235.9915008544922
2021-05-06,MSFT,239.11294555664063
2021-05-07,MSFT,241.72686767578125
2021-05-10,MSFT,236.6713104248047
2021-05-11,MSFT,235.76171875
2021-05-12,MSFT,228.83914184570313
2021-05-13,MSFT,232.69775390625
2021-05-14,MSFT,237.60009765625
2021-05-17,MSFT,234.75637817382813
2021-05-18,MSFT,232.74563598632813
2021-05-19,MSFT,233.32144165039063
2021-05-20,MSFT,236.5460968017578
2021-05-21,MSFT,235.288818359375
2021-05-24,MSFT,240.67271423339844
2021-05-25,MSFT,241.57481384277344
2021-05-26,MSFT,241.35414123535156
2021-05-27,MSFT,239.26199340820313
2021-05-28,MSFT,239.61708068847656
2021-06-01,MSFT,237.42897033691406
2021-06-02,MSFT,237.3330078125
2021-06-03,MSFT,235.80706787109375
2021-06-04,MSFT,240.68231201171875
2021-06-07,MSFT,243.5806427001953
2021-06-08,MSFT,242.39060974121094
2021-06-09,MSFT,243.36947631835938
2021-06-10,MSFT,246.87234497070313
2021-06-11,MSFT,247.49618530273438
2021-06-14,MSFT,249.41558837890625
2021-06-15,MSFT,247.94723510742188
2021-06-16,MSFT,247.0067596435547
2021-06-17,MSFT,250.3848876953125
2021-06-18,MSFT,248.9740753173828
2021-06-21,MSFT,252.04518127441406
2021-06-22,MSFT,254.80908203125
2021-06-23,MSFT,254.57876586914063
2021-06-24,MSFT,255.94149780273438
2021-06-25,MSFT,254.3388214111328
2021-06-28,MSFT,257.8896789550781
2021-06-29,MSFT,260.4617004394531
2021-06-30,MSFT,259.9818115234375
2021-07-01,MSFT,260.6536560058594
2021-07-02,MSFT,266.45977783203125
2021-07-06,MSFT,266.469482421875
2021-07-07,MSFT,268.64788818359375
2021-07-08,MSFT,266.23907470703125
2021-07-09,MSFT,266.7381896972656
2021-07-12,MSFT,266.1430358886719
2021-07-13,MSFT,269.6556091308594
2021-07-14,MSFT,271.1239318847656
2021-07-15,MSFT,269.7035217285156
2021-07-16,MSFT,269.434814453125
2021-07-19,MSFT,265.8456115722656
2021-07-20,MSFT,268.0625
2021-07-21,MSFT,270.05865478515625
2021-07-22,MSFT,274.6076354980469
2021-07-23,MSFT,277.9953308105469
2021-07-26,MSFT,277.4003601074219
2021-07-27,MSFT,274.9915771484375
2021-07-28,MSFT,274.6844177246094
2021-07-29,MSFT,274.953125
2021-07-30,MSFT,273.4272155761719
2021-08-02,MSFT,273.3409118652344
2021-08-03,MSFT,275.5481262207031
2021-08-04,MSFT,274.9627380371094
2021-08-05,MSFT,277.85137939453125
2021-08-06,MSFT,277.7938232421875
2021-08-09,MSFT,276.7093200683594
2021-08-10,MSFT,274.8955383300781
2021-08-11,MSFT,275.3849792480469
2021-08-12,MSFT,278.1297302246094
2021-08-13,MSFT,281.0472106933594
2021-08-16,MSFT,282.7266845703125
2021-08-17,MSFT,281.2678527832031
2021-08-18,MSFT,279.54669189453125
2021-08-19,MSFT,285.3544616699219
2021-08-20,MSFT,292.65240478515625
2021-08-23,MSFT,292.93133544921875
2021-08-24,MSFT,290.9794006347656
2021-08-25,MSFT,290.39288330078125
2021-08-26,MSFT,287.585205078125
2021-08-27,MSFT,288.1910400390625
2021-08-30,MSFT,291.9120788574219
2021-08-31,MSFT,290.26788330078125
2021-09-01,MSFT,290.2197570800781
2021-09-02,MSFT,289.5659484863281
2021-09-03,MSFT,289.5563049316406
2021-09-07,MSFT,288.63323974609375
2021-09-08,MSFT,288.662109375
2021-09-09,MSFT,285.81597900390625
2021-09-10,MSFT,284.335205078125
2021-09-13,MSFT,285.5659484863281
2021-09-14,MSFT,288.25823974609375
2021-09-15,MSFT,293.0948181152344
2021-09-16,MSFT,293.4794006347656
2021-09-17,MSFT,288.3351745605469
2021-09-20,MSFT,282.9794006347656
2021-09-21,MSFT,283.460205078125
2021-09-22,MSFT,287.0948486328125
2021-09-23,MSFT,288.0371398925781
2021-09-24,MSFT,287.8351745605469
2021-09-27,MSFT,282.8544616699219
2021-09-28,MSFT,272.6140441894531
2021-09-29,MSFT,273.0756530761719
2021-09-30,MSFT,271.07568359375
2021-10-01,MSFT,277.9794921875
2021-10-04,MSFT,272.2198486328125
2021-10-05,MSFT,277.6525573730469
2021-10-06,MSFT,281.835205078125
2021-10-07,MSFT,283.50823974609375
2021-10-08,MSFT,283.50823974609375
2021-10-11,MSFT,282.912109375
2021-10-12,MSFT,281.61407470703125
2021-10-13,MSFT,284.9121398925781
2021-10-14,MSFT,291.1043395996094
2021-10-15,MSFT,292.50836181640625
2021-10-18,MSFT,295.46978759765625
2021-10-19,MSFT,296.3736267089844
2021-10-20,MSFT,295.5851745605469
2021-10-21,MSFT,298.8062744140625
2021-10-22,MSFT,297.267822265625
2021-10-25,MSFT,296.2774658203125
2021-10-26,MSFT,298.1812744140625
2021-10-27,MSFT,310.73895263671875
2021-10-28,MSFT,311.87353515625
2021-10-29,MSFT,318.8638610839844
2021-11-01,MSFT,316.700439453125
2021-11-02,MSFT,320.3157958984375
2021-11-03,MSFT,321.1523742675781
2021-11-04,MSFT,323.4984436035156
2021-11-05,MSFT,323.13311767578125
2021-11-08,MSFT,324.0273132324219
2021-11-09,MSFT,323.02740478515625
2021-11-10,MSFT,318.075439453125
2021-11-11,MSFT,319.6427307128906
2021-11-12,MSFT,323.7677001953125
2021-11-15,MSFT,323.1427001953125
2021-11-16,MSFT,326.450439453125
2021-11-17,MSFT,326.6719055175781
2021-11-18,MSFT,328.7430114746094
2021-11-19,MSFT,330.5154724121094
2021-11-22,MSFT,327.3559265136719
2021-11-23,MSFT,325.2847595214844
2021-11-24,MSFT,325.5064392089844
2021-11-26,MSFT,317.5784912109375
2021-11-29,MSFT,324.2734069824219
2021-11-30,MSFT,318.4551086425781
2021-12-01,MSFT,317.9637451171875
2021-12-02,MSFT,317.3954772949219
2021-12-03,MSFT,311.1532897949219
2021-12-06,MSFT,314.21661376953125
2021-12-07,MSFT,322.6261291503906
2021-12-08,MSFT,322.67425537109375
2021-12-09,MSFT,320.87298583984375
2021-12-10,MSFT,329.9664001464844
2021-12-13,MSFT,326.941650390625
2021-12-14,MSFT,316.28759765625
2021-12-15,MSFT,322.36602783203125
2021-12-16,MSFT,312.9739074707031
2021-12-17,MSFT,311.91424560546875
2021-12-20,MSFT,308.1671447753906
2021-12-21,MSFT,315.2761535644531
2021-12-22,MSFT,320.9692687988281
2021-12-23,MSFT,322.404541015625
2021-12-27,MSFT,329.87969970703125
2021-12-28,MSFT,328.7237243652344
2021-12-29,MSFT,329.3981018066406
2021-12-30,MSFT,326.8646545410156
2021-12-31,MSFT,323.9747009277344
2022-01-03,MSFT,322.4623718261719
2022-01-04,MSFT,316.93310546875
2022-01-05,MSFT,304.76666259765625
2022-01-06,MSFT,302.3584899902344
2022-01-07,MSFT,302.5125427246094
2022-01-10,MSFT,302.7341003417969
2022-01-11,MSFT,303.4181213378906
2022-01-12,MSFT,306.5873107910156
2022-01-13,MSFT,293.6116943359375
2022-01-14,MSFT,298.8135070800781
2022-01-18,MSFT,291.54058837890625
2022-01-19,MSFT,292.19561767578125
2022-01-20,MSFT,290.5291748046875
2022-01-21,MSFT,285.1636047363281
2022-01-24,MSFT,285.49114990234375
2022-01-25,MSFT,277.9004211425781
2022-01-26,MSFT,285.81866455078125
2022-01-27,MSFT,288.8338623046875
2022-01-28,MSFT,296.9446716308594
2022-01-31,MSFT,299.56488037109375
2022-02-01,MSFT,297.4263610839844
2022-02-02,MSFT,301.9538269042969
2022-02-03,MSFT,290.1920166015625
2022-02-04,MSFT,294.70989990234375
2022-02-07,MSFT,289.903076171875
2022-02-08,MSFT,293.3805236816406
2022-02-09,MSFT,299.78643798828125
2022-02-10,MSFT,291.28057861328125
2022-02-11,MSFT,284.2100830078125
2022-02-14,MSFT,284.17144775390625
2022-02-15,MSFT,289.4406433105469
2022-02-16,MSFT,289.1029052734375
2022-02-17,MSFT,280.6372985839844
2022-02-18,MSFT,277.9344787597656
2022-02-22,MSFT,277.7317810058594
2022-02-23,MSFT,270.5404357910156
2022-02-24,MSFT,284.36328125
2022-02-25,MSFT,286.9888916015625
2022-02-28,MSFT,288.4175109863281
2022-03-01,MSFT,284.7107849121094
2022-03-02,MSFT,289.76885986328125
2022-03-03,MSFT,285.64715576171875
2022-03-04,MSFT,279.7975158691406
2022-03-07,MSFT,269.2275695800781
2022-03-08,MSFT,266.2738952636719
2022-03-09,MSFT,278.4847412109375
2022-03-10,MSFT,275.67572021484375
2022-03-11,MSFT,270.3473815917969
2022-03-14,MSFT,266.8433837890625
2022-03-15,MSFT,277.1816101074219
2022-03-16,MSFT,284.1701965332031
2022-03-17,MSFT,284.9713439941406
2022-03-18,MSFT,290.00054931640625
2022-03-21,MSFT,288.774658203125
2022-03-22,MSFT,293.5045471191406
2022-03-23,MSFT,289.09320068359375
2022-03-24,MSFT,293.5431823730469
2022-03-25,MSFT,293.1376953125
2022-03-28,MSFT,299.9140319824219
2022-03-29,MSFT,304.4605407714844
2022-03-30,MSFT,302.9643249511719
2022-03-31,MSFT,297.60699462890625
2022-04-01,MSFT,298.6784973144531
2022-04-04,MSFT,304.03582763671875
2022-04-05,MSFT,300.0877990722656
2022-04-06,MSFT,289.1029052734375
2022-04-07,MSFT,290.9079284667969
2022-04-08,MSFT,286.66064453125
2022-04-11,MSFT,275.35723876953125
2022-04-12,MSFT,272.26824951171875
2022-04-13,MSFT,277.6352844238281
2022-04-14,MSFT,270.1156311035156
2022-04-18,MSFT,270.78173828125
2022-04-19,MSFT,275.395751953125
2022-04-20,MSFT,276.4189453125
2022-04-21,MSFT,271.061767578125
2022-04-22,MSFT,264.5170593261719
2022-04-25,MSFT,270.9747619628906
2022-04-26,MSFT,260.83935546875
2022-04-27,MSFT,273.38800048828125
2022-04-28,MSFT,279.5754089355469
2022-04-29,MSFT,267.8858337402344
2022-05-02,MSFT,274.5946044921875
2022-05-03,MSFT,271.9979248046875
2022-05-04,MSFT,279.913330078125
2022-05-05,MSFT,267.7217712402344
2022-05-06,MSFT,265.1927490234375
2022-05-09,MSFT,255.39505004882813
2022-05-10,MSFT,260.144287109375
2022-05-11,MSFT,251.50498962402344
2022-05-12,MSFT,246.4855499267578
2022-05-13,MSFT,252.05520629882813
2022-05-16,MSFT,252.42202758789063
2022-05-17,MSFT,257.557373046875
2022-05-18,MSFT,245.83082580566406
2022-05-19,MSFT,244.9213409423828
2022-05-20,MSFT,244.3601531982422
2022-05-23,MSFT,252.18751525878906
2022-05-24,MSFT,251.19097900390625
2022-05-25,MSFT,253.9967803955078
2022-05-26,MSFT,257.26708984375
2022-05-27,MSFT,264.3687744140625
2022-05-31,MSFT,263.0432434082031
2022-06-01,MSFT,263.57537841796875
2022-06-02,MSFT,265.66522216796875
2022-06-03,MSFT,261.2533264160156
2022-06-06,MSFT,260.0245361328125
2022-06-07,MSFT,263.65283203125
2022-06-08,MSFT,261.6307067871094
2022-06-09,MSFT,256.193115234375
2022-06-10,MSFT,244.7761993408203
2022-06-13,MSFT,234.39456176757813
2022-06-14,MSFT,236.5522003173828
2022-06-15,MSFT,243.58615112304688
2022-06-16,MSFT,237.01663208007813
2022-06-17,MSFT,239.60958862304688
2022-06-21,MSFT,245.5019073486328
2022-06-22,MSFT,244.91168212890625
2022-06-23,MSFT,250.4556427001953
2022-06-24,MSFT,259.0086364746094
2022-06-27,MSFT,256.28985595703125
2022-06-28,MSFT,248.15293884277344
2022-06-29,MSFT,251.8101806640625
2022-06-30,MSFT,248.4915313720703
2022-07-01,MSFT,251.15223693847656
2022-07-05,MSFT,254.31610107421875
2022-07-06,MSFT,257.5669860839844
2022-07-07,MSFT,259.6858825683594
2022-07-08,MSFT,258.96990966796875
2022-07-11,MSFT,255.92221069335938
2022-07-12,MSFT,245.43417358398438
2022-07-13,MSFT,244.51498413085938
2022-07-14,MSFT,245.83082580566406
2022-07-15,MSFT,248.38511657714844
2022-07-18,MSFT,245.99533081054688
2022-07-19,MSFT,251.1038360595703
2022-07-20,MSFT,253.75494384765625
2022-07-21,MSFT,256.241455078125
2022-07-22,MSFT,251.90692138671875
2022-07-25,MSFT,250.42662048339844
2022-07-26,MSFT,243.7216033935547
2022-07-27,MSFT,260.0149230957031
2022-07-28,MSFT,267.43585205078125
2022-07-29,MSFT,271.625244140625
2022-08-01,MSFT,268.9838562011719
2022-08-02,MSFT,265.8974914550781
2022-08-03,MSFT,273.2991943359375
2022-08-04,MSFT,274.44073486328125
2022-08-05,MSFT,273.724853515625
2022-08-08,MSFT,271.2188415527344
2022-08-09,MSFT,273.1346130371094
2022-08-10,MSFT,279.7718505859375
2022-08-11,MSFT,277.70135498046875
2022-08-12,MSFT,282.43255615234375
2022-08-15,MSFT,283.9420166015625
2022-08-16,MSFT,283.2066345214844
2022-08-17,MSFT,282.4600830078125
2022-08-18,MSFT,281.3450927734375
2022-08-19,MSFT,277.4472961425781
2022-08-22,MSFT,269.3027038574219
2022-08-23,MSFT,268.0326232910156
2022-08-24,MSFT,267.40234375
2022-08-25,MSFT,270.36932373046875
2022-08-26,MSFT,259.93658447265625
2022-08-29,MSFT,257.16351318359375
2022-08-30,MSFT,254.97227478027344
2022-08-31,MSFT,253.51783752441406
2022-09-01,MSFT,252.48043823242188
2022-09-02,MSFT,248.27239990234375
2022-09-06,MSFT,245.54786682128906
2022-09-07,MSFT,250.2406463623047
2022-09-08,MSFT,250.65756225585938
2022-09-09,MSFT,256.4169921875
2022-09-12,MSFT,258.5403137207031
2022-09-13,MSFT,244.32615661621094
2022-09-14,MSFT,244.54917907714844
2022-09-15,MSFT,237.917236328125
2022-09-16,MSFT,237.29669189453125
2022-09-19,MSFT,237.0833740234375
2022-09-20,MSFT,235.0763397216797
2022-09-21,MSFT,231.6827850341797
2022-09-22,MSFT,233.65106201171875
2022-09-23,MSFT,230.68411254882813
2022-09-26,MSFT,230.22837829589844
2022-09-27,MSFT,229.2200469970703
2022-09-28,MSFT,233.73829650878906
2022-09-29,MSFT,230.27685546875
2022-09-30,MSFT,225.81675720214844
2022-10-03,MSFT,233.41836547851563
2022-10-04,MSFT,241.31080627441406
2022-10-05,MSFT,241.6210479736328
2022-10-06,MSFT,239.2843475341797
2022-10-07,MSFT,227.1160430908203
2022-10-10,MSFT,222.2777862548828
2022-10-11,MSFT,218.55458068847656
2022-10-12,MSFT,218.8842315673828
2022-10-13,MSFT,227.1160430908203
2022-10-14,MSFT,221.60877990722656
2022-10-17,MSFT,230.30596923828125
2022-10-18,MSFT,231.2465057373047
2022-10-19,MSFT,229.2878875732422
2022-10-20,MSFT,228.9679412841797
2022-10-21,MSFT,234.75633239746094
2022-10-24,MSFT,239.73033142089844
2022-10-25,MSFT,243.03665161132813
2022-10-26,MSFT,224.28485107421875
2022-10-27,MSFT,219.8538360595703
2022-10-28,MSFT,228.69644165039063
2022-10-31,MSFT,225.07020568847656
2022-11-01,MSFT,221.2306365966797
2022-11-02,MSFT,213.40606689453125
2022-11-03,MSFT,207.73399353027344
2022-11-04,MSFT,214.6568145751953
2022-11-07,MSFT,220.9397430419922
2022-11-08,MSFT,221.9093475341797
2022-11-09,MSFT,217.6819610595703
2022-11-10,MSFT,235.5902099609375
2022-11-11,MSFT,239.59463500976563
2022-11-14,MSFT,234.20372009277344
2022-11-15,MSFT,234.61094665527344
2022-11-16,MSFT,235.0387420654297
2022-11-17,MSFT,234.9901123046875
2022-11-18,MSFT,234.54286193847656
2022-11-21,MSFT,235.34986877441406
2022-11-22,MSFT,238.24742126464844
2022-11-23,MSFT,240.726806640625
2022-11-25,MSFT,240.6393280029297
2022-11-28,MSFT,235.0679168701172
2022-11-29,MSFT,233.67752075195313
2022-11-30,MSFT,248.07752990722656
2022-12-01,MSFT,247.64002990722656
2022-12-02,MSFT,247.9608917236328
2022-12-05,MSFT,243.27430725097656
2022-12-06,MSFT,238.33489990234375
2022-12-07,MSFT,237.6056671142578
2022-12-08,MSFT,240.5517578125
2022-12-09,MSFT,238.62660217285156
2022-12-12,MSFT,245.52037048339844
2022-12-13,MSFT,249.80828857421875
2022-12-14,MSFT,250.0999755859375
2022-12-15,MSFT,242.1172332763672
2022-12-16,MSFT,237.9168243408203
2022-12-19,MSFT,233.79420471191406
2022-12-20,MSFT,235.10682678222656
2022-12-21,MSFT,237.6640167236328
2022-12-22,MSFT,231.59674072265625
2022-12-23,MSFT,232.12176513671875
2022-12-27,MSFT,230.40081787109375
2022-12-28,MSFT,228.03805541992188
2022-12-29,MSFT,234.33865356445313
2022-12-30,MSFT,233.18162536621094
2023-01-03,MSFT,232.94827270507813
2023-01-04,MSFT,222.75839233398438
2023-01-05,MSFT,216.1562957763672
2023-01-06,MSFT,218.7037811279297
2023-01-09,MSFT,220.83316040039063
2023-01-10,MSFT,222.5152587890625
2023-01-11,MSFT,229.2437286376953
2023-01-12,MSFT,231.90786743164063
2023-01-13,MSFT,232.60794067382813
2023-01-17,MSFT,233.6969757080078
2023-01-18,MSFT,229.28262329101563
2023-01-19,MSFT,225.51002502441406
2023-01-20,MSFT,233.57054138183594
2023-01-23,MSFT,235.865234375
2023-01-24,MSFT,235.34014892578125
2023-01-25,MSFT,233.94976806640625
2023-01-26,MSFT,241.1352081298828
2023-01-27,MSFT,241.29074096679688
2023-01-30,MSFT,235.99163818359375
2023-01-31,MSFT,240.95045471191406
2023-02-01,MSFT,245.75372314453125
2023-02-02,MSFT,257.2756652832031
2023-02-03,MSFT,251.19873046875
2023-02-06,MSFT,249.66244506835938
2023-02-07,MSFT,260.1537170410156
2023-02-08,MSFT,259.3468017578125
2023-02-09,MSFT,256.32269287109375
2023-02-10,MSFT,255.8171844482422
2023-02-13,MSFT,263.8096618652344
2023-02-14,MSFT,264.63616943359375
2023-02-15,MSFT,262.5209655761719
2023-02-16,MSFT,255.53195190429688
2023-02-17,MSFT,251.54519653320313
2023-02-21,MSFT,246.2913055419922
2023-02-22,MSFT,245.16055297851563
2023-02-23,MSFT,248.33824157714844
2023-02-24,MSFT,242.92837524414063
2023-02-27,MSFT,243.8446502685547
2023-02-28,MSFT,243.12330627441406
2023-03-01,MSFT,240.05284118652344
2023-03-02,MSFT,244.77066040039063
2023-03-03,MSFT,248.84512329101563
2023-03-06,MSFT,250.38525390625
2023-03-07,MSFT,247.73387145996094
2023-03-08,MSFT,247.2952880859375
2023-03-09,MSFT,245.9501190185547
2023-03-10,MSFT,242.31423950195313
2023-03-13,MSFT,247.5096893310547
2023-03-14,MSFT,254.20631408691406
2023-03-15,MSFT,258.73895263671875
2023-03-16,MSFT,269.2272644042969
2023-03-17,MSFT,272.3757019042969
2023-03-20,MSFT,265.3574523925781
2023-03-21,MSFT,266.86834716796875
2023-03-22,MSFT,265.4159240722656
2023-03-23,MSFT,270.6504211425781
2023-03-24,MSFT,273.4869384765625
2023-03-27,MSFT,269.4027099609375
2023-03-28,MSFT,268.28173828125
2023-03-29,MSFT,273.42840576171875
2023-03-30,MSFT,276.8790588378906
2023-03-31,MSFT,281.0217590332031
2023-04-03,MSFT,279.97882080078125
2023-04-04,MSFT,279.9300537109375
2023-04-05,MSFT,277.16168212890625
2023-04-06,MSFT,284.23846435546875
2023-04-10,MSFT,282.0842590332031
2023-04-11,MSFT,275.6898498535156
2023-04-12,MSFT,276.3332214355469
2023-04-13,MSFT,282.52288818359375
2023-04-14,MSFT,278.916259765625
2023-04-17,MSFT,281.5091552734375
2023-04-18,MSFT,281.0900573730469
2023-04-19,MSFT,281.1679992675781
2023-04-20,MSFT,278.8869934082031
2023-04-21,MSFT,278.5458679199219
2023-04-24,MSFT,274.6566162109375
2023-04-25,MSFT,268.46697998046875
2023-04-26,MSFT,287.9132995605469
2023-04-27,MSFT,297.13446044921875
2023-04-28,MSFT,299.50311279296875
2023-05-01,MSFT,297.8460388183594
2023-05-02,MSFT,297.6998291015625
2023-05-03,MSFT,296.71533203125
2023-05-04,MSFT,297.6998291015625
2023-05-05,MSFT,302.8074951171875
2023-05-08,MSFT,300.8580322265625
2023-05-09,MSFT,299.24969482421875
2023-05-10,MSFT,304.4256286621094
2023-05-11,MSFT,302.28118896484375
2023-05-12,MSFT,301.1699523925781
2023-05-15,MSFT,301.6475524902344
2023-05-16,MSFT,303.87005615234375
2023-05-17,MSFT,306.7420654296875
2023-05-18,MSFT,311.1576232910156
2023-05-19,MSFT,310.9817810058594
2023-05-22,MSFT,313.7560729980469
2023-05-23,MSFT,307.97296142578125
2023-05-24,MSFT,306.595458984375
2023-05-25,MSFT,318.386474609375
2023-05-26,MSFT,325.1954040527344
2023-05-30,MSFT,323.5542907714844
2023-05-31,MSFT,320.7994079589844
2023-06-01,MSFT,324.89263916015625
2023-06-02,MSFT,327.6474609375
2023-06-05,MSFT,328.1749267578125
2023-06-06,MSFT,325.9671325683594
2023-06-07,MSFT,315.9052734375
2023-06-08,MSFT,317.7418518066406
2023-06-09,MSFT,319.2364196777344
2023-06-12,MSFT,324.179443359375
2023-06-13,MSFT,326.5630798339844
2023-06-14,MSFT,329.5425720214844
2023-06-15,MSFT,340.0538635253906
2023-06-16,MSFT,334.417236328125
2023-06-20,MSFT,330.2361755371094
2023-06-21,MSFT,325.8499755859375
2023-06-22,MSFT,331.8577880859375
2023-06-23,MSFT,327.2761535644531
2023-06-26,MSFT,321.0046081542969
2023-06-27,MSFT,326.8365783691406
2023-06-28,MSFT,328.08709716796875
2023-06-29,MSFT,327.3055114746094
2023-06-30,MSFT,332.6686096191406
2023-07-03,MSFT,330.1775207519531
2023-07-05,MSFT,330.3338623046875
2023-07-06,MSFT,333.38165283203125
2023-07-07,MSFT,329.42535400390625
2023-07-10,MSFT,324.159912109375
2023-07-11,MSFT,324.7851867675781
2023-07-12,MSFT,329.40582275390625
2023-07-13,MSFT,334.7396240234375
2023-07-14,MSFT,337.2599792480469
2023-07-17,MSFT,337.7386474609375
2023-07-18,MSFT,351.1805114746094
2023-07-19,MSFT,346.8725280761719
2023-07-20,MSFT,338.8523254394531
2023-07-21,MSFT,335.82391357421875
2023-07-24,MSFT,337.1329345703125
2023-07-25,MSFT,342.8673095703125
2023-07-26,MSFT,329.9626159667969
2023-07-27,MSFT,323.0755920410156
2023-07-28,MSFT,330.54876708984375
2023-07-31,MSFT,328.1554260253906
2023-08-01,MSFT,328.5657043457031
2023-08-02,MSFT,319.9300231933594
2023-08-03,MSFT,319.10943603515625
2023-08-04,MSFT,320.2035217285156
2023-08-07,MSFT,322.47967529296875
2023-08-08,MSFT,318.5135192871094
2023-08-09,MSFT,314.78179931640625
2023-08-10,MSFT,315.4657287597656
2023-08-11,MSFT,313.5900573730469
2023-08-14,MSFT,316.5499572753906
2023-08-15,MSFT,314.4203186035156
2023-08-16,MSFT,313.6568298339844
2023-08-17,MSFT,310.2109069824219
2023-08-18,MSFT,309.8193054199219
2023-08-21,MSFT,315.1056823730469
2023-08-22,MSFT,315.6734619140625
2023-08-23,MSFT,320.117919921875
2023-08-24,MSFT,313.2358703613281
2023-08-25,MSFT,316.1825256347656
2023-08-28,MSFT,316.8873596191406
2023-08-29,MSFT,321.4982604980469
2023-08-30,MSFT,321.8702697753906
2023-08-31,MSFT,320.8619079589844
2023-09-01,MSFT,321.7429504394531
2023-09-05,MSFT,326.530029296875
2023-09-06,MSFT,325.8741455078125
2023-09-07,MSFT,322.96673583984375
2023-09-08,MSFT,327.23486328125
2023-09-11,MSFT,330.82769775390625
2023-09-12,MSFT,324.78753662109375
2023-09-13,MSFT,328.9871826171875
2023-09-14,MSFT,331.5716857910156
2023-09-15,MSFT,323.2701721191406
2023-09-18,MSFT,322.134521484375
2023-09-19,MSFT,321.7331848144531
2023-09-20,MSFT,314.01904296875
2023-09-21,MSFT,312.8051452636719
2023-09-22,MSFT,310.3381652832031
2023-09-25,MSFT,310.8570251464844
2023-09-26,MSFT,305.5706787109375
2023-09-27,MSFT,306.20697021484375
2023-09-28,MSFT,307.03912353515625
2023-09-29,MSFT,309.1046447753906
2023-10-02,MSFT,315.0273132324219
2023-10-03,MSFT,306.7943115234375
2023-10-04,MSFT,312.2471008300781
2023-10-05,MSFT,312.63873291015625
2023-10-06,MSFT,320.3724670410156
2023-10-09,MSFT,322.87860107421875
2023-10-10,MSFT,321.4786682128906
2023-10-11,MSFT,325.423828125
2023-10-12,MSFT,324.1903381347656
2023-10-13,MSFT,320.83251953125
2023-10-16,MSFT,325.6392517089844
2023-10-17,MSFT,325.0714416503906
2023-10-18,MSFT,323.1624450683594
2023-10-19,MSFT,324.3470153808594
2023-10-20,MSFT,319.79486083984375
2023-10-23,MSFT,322.3890686035156
2023-10-24,MSFT,323.5736083984375
2023-10-25,MSFT,333.5002136230469
2023-10-26,MSFT,320.9891662597656
2023-10-27,MSFT,322.8687438964844
2023-10-30,MSFT,330.2109069824219
2023-10-31,MSFT,330.99407958984375
2023-11-01,MSFT,338.78656005859375
2023-11-02,MSFT,340.9891662597656
2023-11-03,MSFT,345.37493896484375
2023-11-06,MSFT,349.02642822265625
2023-11-07,MSFT,352.94219970703125
2023-11-08,MSFT,355.5560302734375
2023-11-09,MSFT,353.098876953125
2023-11-10,MSFT,361.88983154296875
2023-11-13,MSFT,358.9627685546875
2023-11-14,MSFT,362.47723388671875
2023-11-15,MSFT,362.62432861328125
2023-11-16,MSFT,369.0005187988281
2023-11-17,MSFT,362.8009338378906
2023-11-20,MSFT,370.246337890625
2023-11-21,MSFT,365.9595642089844
2023-11-22,MSFT,370.6484680175781
2023-11-24,MSFT,370.2364807128906
2023-11-27,MSFT,371.3940124511719
2023-11-28,MSFT,375.4060974121094
2023-11-29,MSFT,371.6294250488281
2023-11-30,MSFT,371.688232421875
2023-12-01,MSFT,367.3721008300781
2023-12-04,MSFT,362.1044921875
2023-12-05,MSFT,365.4200439453125
2023-12-06,MSFT,361.7709045410156
2023-12-07,MSFT,363.8800354003906
2023-12-08,MSFT,367.09747314453125
2023-12-11,MSFT,364.2232666015625
2023-12-12,MSFT,367.24456787109375
2023-12-13,MSFT,367.23480224609375
2023-12-14,MSFT,358.95562744140625
2023-12-15,MSFT,363.6641845703125
2023-12-18,MSFT,365.5475158691406
2023-12-19,MSFT,366.14599609375
2023-12-20,MSFT,363.5562744140625
2023-12-21,MSFT,366.4206237792969
2023-12-22,MSFT,367.4407653808594
2023-12-26,MSFT,367.519287109375
2023-12-27,MSFT,366.94049072265625
2023-12-28,MSFT,368.1274719238281
2023-12-29,MSFT,368.87298583984375
2024-01-02,MSFT,363.8014831542969
2024-01-03,MSFT,363.5366516113281
2024-01-04,MSFT,360.92730712890625
2024-01-05,MSFT,360.7409973144531
2024-01-08,MSFT,367.5487060546875
2024-01-09,MSFT,368.6277770996094
2024-01-10,MSFT,375.47467041015625
2024-01-11,MSFT,377.29925537109375
2024-01-12,MSFT,381.0660705566406
2024-01-16,MSFT,382.831787109375
2024-01-17,MSFT,382.0469665527344
2024-01-18,MSFT,386.3631591796875
2024-01-19,MSFT,391.0716857910156
2024-01-22,MSFT,388.9528503417969
2024-01-23,MSFT,391.2972717285156
2024-01-24,MSFT,394.8875427246094
2024-01-25,MSFT,397.1534729003906
2024-01-26,MSFT,396.23138427734375
2024-01-29,MSFT,401.9110412597656
2024-01-30,MSFT,400.8025817871094
2024-01-31,MSFT,390.00238037109375
2024-02-01,MSFT,396.0842590332031
2024-02-02,MSFT,403.3824768066406
2024-02-05,MSFT,397.9186706542969
2024-02-06,MSFT,397.76165771484375
2024-02-07,MSFT,406.1584777832031
2024-02-08,MSFT,406.21734619140625
2024-02-09,MSFT,412.5346374511719
2024-02-12,MSFT,407.3454895019531
2024-02-13,MSFT,398.5758972167969
2024-02-14,MSFT,402.42822265625
2024-02-15,MSFT,399.5487976074219
2024-02-16,MSFT,397.0919189453125
2024-02-20,MSFT,395.84381103515625
2024-02-21,MSFT,395.24432373046875
2024-02-22,MSFT,404.551025390625
2024-02-23,MSFT,403.2635803222656
2024-02-26,MSFT,400.5118713378906
2024-02-27,MSFT,400.4529113769531
2024-02-28,MSFT,400.6887512207031
2024-02-29,MSFT,406.5067138671875
2024-03-01,MSFT,408.3346252441406
2024-03-04,MSFT,407.7646179199219
2024-03-05,MSFT,395.7061767578125
2024-03-06,MSFT,395.1558532714844
2024-03-07,MSFT,402.0843200683594
2024-03-08,MSFT,399.214599609375
2024-03-11,MSFT,397.5439453125
2024-03-12,MSFT,408.1184387207031
2024-03-13,MSFT,407.9415283203125
2024-03-14,MSFT,417.8869934082031
2024-03-15,MSFT,409.2387390136719
2024-03-18,MSFT,410.12322998046875
2024-03-19,MSFT,414.1427001953125
2024-03-20,MSFT,417.89678955078125
2024-03-21,MSFT,421.9654235839844
2024-03-22,MSFT,421.34625244140625
2024-03-25,MSFT,415.5676574707031
2024-03-26,MSFT,414.3785400390625
2024-03-27,MSFT,414.1623229980469
2024-03-28,MSFT,413.4645690917969
2024-04-01,MSFT,417.2481994628906
2024-04-02,MSFT,414.1721496582031
2024-04-03,MSFT,413.19927978515625
2024-04-04,MSFT,410.673583984375
2024-04-05,MSFT,418.18182373046875
2024-04-08,MSFT,417.26788330078125
2024-04-09,MSFT,418.9287109375
2024-04-10,MSFT,415.9608154296875
2024-04-11,MSFT,420.55023193359375
2024-04-12,MSFT,414.62420654296875
2024-04-15,MSFT,406.5067138671875
2024-04-16,MSFT,407.4305419921875
2024-04-17,MSFT,404.73773193359375
2024-04-18,MSFT,397.2982482910156
2024-04-19,MSFT,392.237060546875
2024-04-22,MSFT,394.04534912109375
2024-04-23,MSFT,400.5413513183594
2024-04-24,MSFT,402.0056457519531
2024-04-25,MSFT,392.158447265625
2024-04-26,MSFT,399.3129577636719
2024-04-29,MSFT,395.3130798339844
2024-04-30,MSFT,382.61590576171875
2024-05-01,MSFT,388.1291809082031
2024-05-02,MSFT,390.9791564941406
2024-05-03,MSFT,399.6470947265625
2024-05-06,MSFT,406.40838623046875
2024-05-07,MSFT,402.2808532714844
2024-05-08,MSFT,403.4601745605469
2024-05-09,MSFT,405.20947265625
2024-05-10,MSFT,407.5876770019531
2024-05-13,MSFT,406.5853271484375
2024-05-14,MSFT,409.3763427734375
2024-05-15,MSFT,416.5338439941406
2024-05-16,MSFT,414.4761657714844
2024-05-17,MSFT,413.7082214355469
2024-05-20,MSFT,418.7588806152344
2024-05-21,MSFT,422.4016418457031
2024-05-22,MSFT,423.8587341308594
2024-05-23,MSFT,420.3931884765625
2024-05-24,MSFT,423.5043029785156
2024-05-28,MSFT,423.6618347167969
2024-05-29,MSFT,422.5296325683594
2024-05-30,MSFT,408.2539978027344
2024-05-31,MSFT,408.7068786621094
2024-06-03,MSFT,407.12176513671875
2024-06-04,MSFT,409.6322937011719
2024-06-05,MSFT,417.449462890625
2024-06-06,MSFT,417.9515686035156
2024-06-07,MSFT,417.29193115234375
2024-06-10,MSFT,421.249755859375
2024-06-11,MSFT,425.9853210449219
2024-06-12,MSFT,434.2356872558594
2024-06-13,MSFT,434.74761962890625
2024-06-14,MSFT,435.7223205566406
2024-06-17,MSFT,441.4325256347656
2024-06-18,MSFT,439.4339904785156
2024-06-20,MSFT,438.80389404296875
2024-06-21,MSFT,442.8207702636719
2024-06-24,MSFT,440.7433776855469
2024-06-25,MSFT,443.97265625
2024-06-26,MSFT,445.1639099121094
2024-06-27,MSFT,445.8432312011719
2024-06-28,MSFT,440.0345458984375
2024-07-01,MSFT,449.6632080078125
2024-07-02,MSFT,452.1737365722656
2024-07-03,MSFT,453.64068603515625
2024-07-05,MSFT,460.32562255859375
2024-07-08,MSFT,459.02606201171875
2024-07-09,MSFT,452.4297180175781
2024-07-10,MSFT,459.035888671875
2024-07-11,MSFT,447.6645812988281
2024-07-12,MSFT,446.53240966796875
2024-07-15,MSFT,446.9360656738281
2024-07-16,MSFT,442.5647277832031
2024-07-17,MSFT,436.6575622558594
2024-07-18,MSFT,433.5563049316406
2024-07-19,MSFT,430.34674072265625
2024-07-22,MSFT,436.0865478515625
2024-07-23,MSFT,437.9670715332031
2024-07-24,MSFT,422.2637939453125
2024-07-25,MSFT,411.9262390136719
2024-07-26,MSFT,418.6899719238281
2024-07-29,MSFT,420.12738037109375
2024-07-30,MSFT,416.3763732910156
2024-07-31,MSFT,411.8770446777344
2024-08-01,MSFT,410.6562194824219
2024-08-02,MSFT,402.1695861816406
2024-08-05,MSFT,389.0359802246094
2024-08-06,MSFT,393.4270324707031
2024-08-07,MSFT,392.2652587890625
2024-08-08,MSFT,396.4593505859375
2024-08-09,MSFT,399.73779296875
2024-08-12,MSFT,400.5155944824219
2024-08-13,MSFT,407.60418701171875
2024-08-14,MSFT,410.4100646972656
2024-08-15,MSFT,415.2626953125
2024-08-16,MSFT,412.73779296875
2024-08-19,MSFT,415.755859375
2024-08-20,MSFT,418.98101806640625
2024-08-21,MSFT,418.3301086425781
2024-08-22,MSFT,409.85772705078125
2024-08-23,MSFT,411.080810546875
2024-08-26,MSFT,407.82598876953125
2024-08-27,MSFT,408.17120361328125
2024-08-28,MSFT,404.9755554199219
2024-08-29,MSFT,407.4610595703125
2024-08-30,MSFT,411.42596435546875
2024-09-03,MSFT,403.8314514160156
2024-09-04,MSFT,403.298828125
2024-09-05,MSFT,402.79583740234375
2024-09-06,MSFT,396.197509765625
2024-09-09,MSFT,400.16241455078125
2024-09-10,MSFT,408.5262756347656
2024-09-11,MSFT,417.2451477050781
2024-09-12,MSFT,421.15093994140625
2024-09-13,MSFT,424.6917724609375
2024-09-16,MSFT,425.43145751953125
2024-09-17,MSFT,429.1893310546875
2024-09-18,MSFT,424.90869140625
2024-09-19,MSFT,432.6807556152344
2024-09-20,MSFT,429.3076171875
2024-09-23,MSFT,427.5717468261719
2024-09-24,MSFT,423.29119873046875
2024-09-25,MSFT,426.1908874511719
2024-09-26,MSFT,425.4018859863281
2024-09-27,MSFT,422.15692138671875
2024-09-30,MSFT,424.4056701660156
2024-10-01,MSFT,414.9273681640625
2024-10-02,MSFT,411.4161376953125
2024-10-03,MSFT,410.8341979980469
2024-10-04,MSFT,410.3607482910156
2024-10-07,MSFT,403.93011474609375
2024-10-08,MSFT,409.029296875
2024-10-09,MSFT,411.7415771484375
2024-10-10,MSFT,410.1437683105469
2024-10-11,MSFT,410.6172180175781
2024-10-14,MSFT,413.39862060546875
2024-10-15,MSFT,413.0040588378906
2024-10-16,MSFT,410.4199523925781
2024-10-17,MSFT,411.0117492675781
2024-10-18,MSFT,412.4319763183594
2024-10-21,MSFT,413.0434875488281
2024-10-22,MSFT,421.6539001464844
2024-10-23,MSFT,418.7838134765625
2024-10-24,MSFT,418.9120178222656
2024-10-25,MSFT,422.28515625
2024-10-28,MSFT,420.74652099609375
2024-10-29,MSFT,426.03314208984375
2024-10-30,MSFT,426.6051940917969
2024-10-31,MSFT,400.7837829589844
2024-11-01,MSFT,404.7486877441406
2024-11-04,MSFT,402.8648681640625
2024-11-05,MSFT,405.82373046875
2024-11-06,MSFT,414.4243469238281
2024-11-07,MSFT,419.6023864746094
2024-11-08,MSFT,416.7520751953125
2024-11-11,MSFT,412.28411865234375
2024-11-12,MSFT,417.2353210449219
2024-11-13,MSFT,419.3755798339844
2024-11-14,MSFT,421.0423889160156
2024-11-15,MSFT,409.3152770996094
2024-11-18,MSFT,410.06494140625
2024-11-19,MSFT,412.06707763671875
2024-11-20,MSFT,409.798583984375
2024-11-21,MSFT,408.0295715332031
2024-11-22,MSFT,412.1111755371094
2024-11-25,MSFT,413.88018798828125
2024-11-26,MSFT,422.9722900390625
2024-11-27,MSFT,418.03094482421875
2024-11-29,MSFT,418.4954528808594
2024-12-02,MSFT,425.92724609375
2024-12-03,MSFT,426.14471435546875
2024-12-04,MSFT,432.291748046875
2024-12-05,MSFT,437.4308166503906
2024-12-06,MSFT,438.3696594238281
2024-12-09,MSFT,440.79095458984375
2024-12-10,MSFT,438.1324462890625
2024-12-11,MSFT,443.7261047363281
2024-12-12,MSFT,444.2893981933594
2024-12-13,MSFT,442.0262451171875
2024-12-16,MSFT,446.295654296875
2024-12-17,MSFT,449.1319580078125
2024-12-18,MSFT,432.2621154785156
2024-12-19,MSFT,431.90631103515625
2024-12-20,MSFT,431.4813537597656
2024-12-23,MSFT,430.147216796875
2024-12-24,MSFT,434.1793518066406
2024-12-26,MSFT,432.9736633300781
2024-12-27,MSFT,425.4825134277344
2024-12-30,MSFT,419.849365234375
2024-12-31,MSFT,416.55841064453125
2025-01-02,MSFT,413.6725769042969
2025-01-03,MSFT,418.3866882324219
2025-01-06,MSFT,422.83392333984375
2025-01-07,MSFT,417.418212890625
2025-01-08,MSFT,419.58251953125
2025-01-10,MSFT,414.0382995605469
2025-01-13,MSFT,412.2989196777344
2025-01-14,MSFT,410.7967529296875
2025-01-15,MSFT,421.31201171875
2025-01-16,MSFT,419.6022644042969
2025-01-17,MSFT,424.0001220703125
2025-01-21,MSFT,423.476318359375
2025-01-22,MSFT,440.96881103515625
2025-01-23,MSFT,441.47283935546875
2025-01-24,MSFT,438.8539123535156
2025-01-27,MSFT,429.4653015136719
2025-01-28,MSFT,441.95709228515625
2025-01-29,MSFT,437.1441650390625
2025-01-30,MSFT,410.1247253417969
2025-01-31,MSFT,410.19390869140625
2025-02-03,MSFT,406.10247802734375
2025-02-04,MSFT,407.5354309082031
2025-02-05,MSFT,408.4446716308594
2025-02-06,MSFT,410.94500732421875
2025-02-07,MSFT,404.9461364746094
2025-02-10,MSFT,407.3872375488281
2025-02-11,MSFT,406.6163635253906
2025-02-12,MSFT,404.24444580078125
2025-02-13,MSFT,405.72686767578125
2025-02-14,MSFT,403.64166259765625
2025-02-18,MSFT,404.8374328613281
2025-02-19,MSFT,409.9072570800781
2025-02-20,MSFT,412.075927734375
2025-02-21,MSFT,404.2331237792969
2025-02-24,MSFT,400.06414794921875
2025-02-25,MSFT,394.0235595703125
2025-02-26,MSFT,395.83575439453125
2025-02-27,MSFT,388.70587158203125
2025-02-28,MSFT,393.1224060058594
2025-03-03,MSFT,384.7052001953125
2025-03-04,MSFT,384.82403564453125
2025-03-05,MSFT,397.1131286621094
2025-03-06,MSFT,393.0234375
2025-03-07,MSFT,389.4783020019531
2025-03-10,MSFT,376.4563903808594
2025-03-11,MSFT,376.74359130859375
2025-03-12,MSFT,379.53607177734375
2025-03-13,MSFT,375.0799255371094
2025-03-14,MSFT,384.7745361328125
2025-03-17,MSFT,384.9132385253906
2025-03-18,MSFT,379.7836608886719
2025-03-19,MSFT,384.0417785644531
2025-03-20,MSFT,383.0713195800781
2025-03-21,MSFT,387.4482727050781
2025-03-24,MSFT,389.25048828125
2025-03-25,MSFT,391.3102722167969
2025-03-26,MSFT,386.1708068847656
2025-03-27,MSFT,386.77484130859375
2025-03-28,MSFT,375.1096496582031
2025-03-31,MSFT,371.7328796386719
2025-04-01,MSFT,378.4666442871094
2025-04-02,MSFT,378.4171142578125
2025-04-03,MSFT,369.47503662109375
2025-04-04,MSFT,356.3343505859375
2025-04-07,MSFT,354.3736572265625
2025-04-08,MSFT,351.10577392578125
2025-04-09,MSFT,386.68572998046875
2025-04-10,MSFT,377.63482666015625
2025-04-11,MSFT,384.6656188964844
2025-04-14,MSFT,384.0318298339844
2025-04-15,MSFT,381.97210693359375
2025-04-16,MSFT,367.9896545410156
2025-04-17,MSFT,364.197021484375
2025-04-21,MSFT,355.6213684082031
2025-04-22,MSFT,363.2463684082031
2025-04-23,MSFT,370.7426452636719
2025-04-24,MSFT,383.5268249511719
2025-04-25,MSFT,388.03253173828125
2025-04-28,MSFT,387.3492126464844
2025-04-29,MSFT,390.201171875
2025-04-30,MSFT,391.4093017578125
2025-05-01,MSFT,421.255615234375
2025-05-02,MSFT,431.0393981933594
2025-05-05,MSFT,431.92071533203125
2025-05-06,MSFT,429.0885925292969
2025-05-07,MSFT,429.12823486328125
2025-05-08,MSFT,433.9012451171875
2025-05-09,MSFT,434.4557800292969
2025-05-12,MSFT,444.88323974609375
2025-05-13,MSFT,444.764404296875
2025-05-14,MSFT,448.5273742675781
2025-05-15,MSFT,449.5392761230469
2025-05-16,MSFT,450.67022705078125
2025-05-19,MSFT,455.23382568359375
2025-05-20,MSFT,454.53936767578125
2025-05-21,MSFT,448.9837341308594
2025-05-22,MSFT,451.25555419921875
2025-05-23,MSFT,446.6126403808594
2025-05-27,MSFT,457.03936767578125
2025-05-28,MSFT,453.7357177734375
2025-05-29,MSFT,455.0452880859375
2025-05-30,MSFT,456.7119445800781
2025-06-02,MSFT,458.3092346191406
2025-06-03,MSFT,459.3013000488281
2025-06-04,MSFT,460.19415283203125
2025-06-05,MSFT,463.9739685058594
2025-06-06,MSFT,466.6525573730469
2025-06-09,MSFT,469.0038146972656
2025-06-10,MSFT,467.1883239746094
2025-06-11,MSFT,468.8748474121094
2025-06-12,MSFT,475.0752868652344
2025-06-13,MSFT,471.1962890625
2025-06-16,MSFT,475.3431701660156
2025-06-17,MSFT,474.25189208984375
2025-06-18,MSFT,476.4344787597656
2025-06-20,MSFT,473.616943359375
2025-06-23,MSFT,482.1488037109375
2025-06-24,MSFT,486.2261962890625
2025-06-25,MSFT,488.3691101074219
2025-06-26,MSFT,493.50811767578125
2025-06-27,MSFT,492.0100402832031
2025-06-30,MSFT,493.4683837890625
2025-07-01,MSFT,488.1508483886719
2025-07-02,MSFT,487.1984558105469
2025-07-03,MSFT,494.8870544433594
2025-07-07,MSFT,493.77593994140625
2025-07-08,MSFT,492.68463134765625
2025-07-09,MSFT,499.5200500488281
2025-07-10,MSFT,497.5061340332031
2025-07-11,MSFT,499.3315734863281
2025-07-14,MSFT,499.0339050292969
2025-07-15,MSFT,501.811767578125
2025-07-16,MSFT,501.6133117675781
2025-07-17,MSFT,507.6451416015625
2025-07-18,MSFT,506.0082092285156
2025-07-21,MSFT,506.0181579589844
2025-07-22,MSFT,501.2660827636719
2025-07-23,MSFT,501.8613586425781
2025-07-24,MSFT,506.8316650390625
2025-07-25,MSFT,509.6392517089844
2025-07-28,MSFT,508.4388122558594
2025-07-29,MSFT,508.50823974609375
2025-07-30,MSFT,509.1729431152344
2025-07-31,MSFT,529.27239990234375
2025-08-01,MSFT,519.956787109375
2025-08-04,MSFT,531.39544677734375
2025-08-05,MSFT,523.56793212890625
2025-08-06,MSFT,520.78021240234375
2025-08-07,MSFT,516.71270751953125
2025-08-08,MSFT,517.9031982421875
2025-08-11,MSFT,517.6353759765625
2025-08-12,MSFT,525.046142578125
2025-08-13,MSFT,516.454833984375
2025-08-14,MSFT,518.3397216796875
2025-08-15,MSFT,516.04803466796875
2025-08-18,MSFT,513.00238037109375
2025-08-19,MSFT,505.73040771484375
2025-08-20,MSFT,501.7125549316406
2025-08-21,MSFT,501.0666198730469
2025-08-22,MSFT,504.037841796875
2025-08-25,MSFT,501.0865173339844
2025-08-26,MSFT,498.8804626464844
2025-08-27,MSFT,503.5509033203125
2025-08-28,MSFT,506.4326477050781
2025-08-29,MSFT,503.501220703125
2025-09-02,MSFT,501.9410705566406
2025-09-03,MSFT,502.16961669921875
2025-09-04,MSFT,504.7731628417969
2025-09-05,MSFT,491.8847961425781
2025-09-08,MSFT,495.0646667480469
2025-09-09,MSFT,495.2733154296875
2025-09-10,MSFT,497.2209777832031
2025-09-11,MSFT,497.8569641113281
2025-09-12,MSFT,506.6910095214844
2025-09-15,MSFT,512.11663818359375
2025-09-16,MSFT,505.83642578125
2025-09-17,MSFT,506.81024169921875
2025-09-18,MSFT,505.2501220703125
2025-09-19,MSFT,514.67047119140625
2025-09-22,MSFT,511.21240234375
2025-09-23,MSFT,506.0252380371094
2025-09-24,MSFT,506.9394226074219
2025-09-25,MSFT,503.8390808105469
2025-09-26,MSFT,508.2411804199219
2025-09-29,MSFT,511.3614196777344
2025-09-30,MSFT,514.69036865234375
2025-10-01,MSFT,516.43927001953125
2025-10-02,MSFT,512.4942626953125
2025-10-03,MSFT,514.09405517578125
2025-10-06,MSFT,525.2435302734375
2025-10-07,MSFT,520.682373046875
2025-10-08,MSFT,521.54693603515625
2025-10-09,MSFT,519.11236572265625
2025-10-10,MSFT,507.74432373046875
2025-10-13,MSFT,510.8149108886719
2025-10-14,MSFT,510.337890625
2025-10-15,MSFT,510.1988220214844
2025-10-16,MSFT,508.3902282714844
2025-10-17,MSFT,510.3478698730469
2025-10-20,MSFT,513.53765869140625
2025-10-21,MSFT,514.40216064453125
2025-10-22,MSFT,517.26397705078125
2025-10-23,MSFT,517.283935546875
2025-10-24,MSFT,520.31475830078125
2025-10-27,MSFT,528.17498779296875
2025-10-28,MSFT,538.65850830078125
2025-10-29,MSFT,538.14178466796875
2025-10-30,MSFT,522.45123291015625
2025-10-31,MSFT,514.55120849609375
2025-11-03,MSFT,513.776123046875
2025-11-04,MSFT,511.0931091308594
2025-11-05,MSFT,503.96826171875
2025-11-06,MSFT,493.9715576171875
2025-11-07,MSFT,493.6933288574219
2025-11-10,MSFT,502.8155822753906
2025-11-11,MSFT,505.4786682128906
2025-11-12,MSFT,507.9231872558594
2025-11-13,MSFT,500.12261962890625
2025-11-14,MSFT,506.96923828125
2025-11-17,MSFT,504.2961730957031
2025-11-18,MSFT,490.6824035644531
2025-11-19,MSFT,484.05438232421875
2025-11-20,MSFT,476.3088684082031
2025-11-21,MSFT,470.0268249511719
2025-11-24,MSFT,471.8985290527344
2025-11-25,MSFT,474.8752136230469
2025-11-26,MSFT,483.3475036621094
2025-11-28,MSFT,489.82867431640625
2025-12-01,MSFT,484.5820007324219
2025-12-02,MSFT,487.82757568359375
2025-12-03,MSFT,475.6119689941406
2025-12-04,MSFT,478.7081604003906
2025-12-05,MSFT,481.01788330078125
2025-12-08,MSFT,488.8430480957031
2025-12-09,MSFT,489.8385925292969
2025-12-10,MSFT,476.4382629394531
2025-12-11,MSFT,481.3265075683594
2025-12-12,MSFT,476.4084167480469
2025-12-15,MSFT,472.7148742675781
2025-12-16,MSFT,474.2779235839844
2025-12-17,MSFT,474.00909423828125
2025-12-18,MSFT,481.8342590332031
2025-12-19,MSFT,483.7656555175781
2025-12-22,MSFT,482.7701110839844
2025-12-23,MSFT,484.6915588378906
2025-12-24,MSFT,485.8563232421875
2025-12-26,MSFT,485.5477294921875
2025-12-29,MSFT,484.9404296875
2025-12-30,MSFT,485.3187561035156
2017-01-03,GOOGL,40.06932830810547
2017-01-04,GOOGL,40.05742263793945
2017-01-05,GOOGL,40.317779541015625
2017-01-06,GOOGL,40.92228317260742
2017-01-09,GOOGL,41.01997756958008
2017-01-10,GOOGL,40.961944580078125
2017-01-11,GOOGL,41.152870178222656
2017-01-12,GOOGL,41.136505126953125
2017-01-13,GOOGL,41.2064323425293
2017-01-17,GOOGL,41.033851623535156
2017-01-18,GOOGL,41.1112174987793
2017-01-19,GOOGL,40.88062286376953
2017-01-20,GOOGL,41.069068908691406
2017-01-23,GOOGL,41.875404357910156
2017-01-24,GOOGL,42.12831115722656
2017-01-25,GOOGL,42.570655822753906
2017-01-26,GOOGL,42.49775695800781
2017-01-27,GOOGL,41.9051513671875
2017-01-30,GOOGL,40.853843688964844
2017-01-31,GOOGL,40.673336029052734
2017-02-01,GOOGL,40.42787170410156
2017-02-02,GOOGL,40.57761764526367
2017-02-03,GOOGL,40.67035675048828
2017-02-06,GOOGL,40.74425506591797
2017-02-07,GOOGL,41.12163162231445
2017-02-08,GOOGL,41.15385818481445
2017-02-09,GOOGL,41.16278839111328
2017-02-10,GOOGL,41.40032958984375
2017-02-13,GOOGL,41.604148864746094
2017-02-14,GOOGL,41.65720748901367
2017-02-15,GOOGL,41.52281951904297
2017-02-16,GOOGL,41.763328552246094
2017-02-17,GOOGL,41.980533599853516
2017-02-21,GOOGL,42.11541748046875
2017-02-22,GOOGL,42.219058990478516
2017-02-23,GOOGL,42.201210021972656
2017-02-24,GOOGL,42.04301834106445
2017-02-27,GOOGL,42.135257720947266
2017-02-28,GOOGL,41.90019607543945
2017-03-01,GOOGL,42.486351013183594
2017-03-02,GOOGL,42.14418029785156
2017-03-03,GOOGL,42.105995178222656
2017-03-06,GOOGL,42.0162353515625
2017-03-07,GOOGL,42.208641052246094
2017-03-08,GOOGL,42.33212661743164
2017-03-09,GOOGL,42.540409088134766
2017-03-10,GOOGL,42.71744155883789
2017-03-13,GOOGL,42.87464141845703
2017-03-14,GOOGL,42.94059753417969
2017-03-15,GOOGL,43.06357955932617
2017-03-16,GOOGL,43.1434211730957
2017-03-17,GOOGL,43.260948181152344
2017-03-20,GOOGL,43.03977966308594
2017-03-21,GOOGL,42.15856170654297
2017-03-22,GOOGL,42.141700744628906
2017-03-23,GOOGL,41.63835525512695
2017-03-24,GOOGL,41.41470718383789
2017-03-27,GOOGL,41.58182907104492
2017-03-28,GOOGL,41.68695831298828
2017-03-29,GOOGL,42.145172119140625
2017-03-30,GOOGL,42.125831604003906
2017-03-31,GOOGL,42.042518615722656
2017-04-03,GOOGL,42.486351013183594
2017-04-04,GOOGL,42.2790641784668
2017-04-05,GOOGL,42.09756088256836
2017-04-06,GOOGL,41.908626556396484
2017-04-07,GOOGL,41.759857177734375
2017-04-10,GOOGL,41.74002456665039
2017-04-11,GOOGL,41.64976119995117
2017-04-12,GOOGL,41.72811508178711
2017-04-13,GOOGL,41.664642333984375
2017-04-17,GOOGL,42.4060173034668
2017-04-18,GOOGL,42.3494873046875
2017-04-19,GOOGL,42.47445297241211
2017-04-20,GOOGL,42.65148162841797
2017-04-21,GOOGL,42.59544372558594
2017-04-24,GOOGL,43.58625793457031
2017-04-25,GOOGL,44.077693939208984
2017-04-26,GOOGL,44.09257888793945
2017-04-27,GOOGL,44.20663070678711
2017-04-28,GOOGL,45.847076416015625
2017-05-01,GOOGL,46.2586669921875
2017-05-02,GOOGL,46.47042465209961
2017-05-03,GOOGL,47.03376388549805
2017-05-04,GOOGL,47.34469985961914
2017-05-05,GOOGL,47.124515533447266
2017-05-08,GOOGL,47.541568756103516
2017-05-09,GOOGL,47.443382263183594
2017-05-10,GOOGL,47.35064697265625
2017-05-11,GOOGL,47.40271759033203
2017-05-12,GOOGL,47.36552810668945
2017-05-15,GOOGL,47.56784439086914
2017-05-16,GOOGL,47.83514404296875
2017-05-17,GOOGL,46.72234344482422
2017-05-18,GOOGL,47.13542938232422
2017-05-19,GOOGL,47.341224670410156
2017-05-22,GOOGL,47.8083610534668
2017-05-23,GOOGL,48.12970733642578
2017-05-24,GOOGL,48.47981643676758
2017-05-25,GOOGL,49.18647384643555
2017-05-26,GOOGL,49.25639724731445
2017-05-30,GOOGL,49.40019989013672
2017-05-31,GOOGL,48.949928283691406
2017-06-01,GOOGL,49.00944137573242
2017-06-02,GOOGL,49.397727966308594
2017-06-05,GOOGL,49.782554626464844
2017-06-06,GOOGL,49.42549514770508
2017-06-07,GOOGL,49.66452407836914
2017-06-08,GOOGL,49.80238342285156
2017-06-09,GOOGL,48.10838317871094
2017-06-12,GOOGL,47.6962890625
2017-06-13,GOOGL,48.12723159790039
2017-06-14,GOOGL,47.99977493286133
2017-06-15,GOOGL,47.615455627441406
2017-06-16,GOOGL,47.5380973815918
2017-06-19,GOOGL,48.36129379272461
2017-06-20,GOOGL,48.05234909057617
2017-06-21,GOOGL,48.52841567993164
2017-06-22,GOOGL,48.43072509765625
2017-06-23,GOOGL,48.90033721923828
2017-06-26,GOOGL,48.20607376098633
2017-06-27,GOOGL,47.01591491699219
2017-06-28,GOOGL,47.6566162109375
2017-06-29,GOOGL,46.50661849975586
2017-06-30,GOOGL,46.10295867919922
2017-07-03,GOOGL,45.596153259277344
2017-07-05,GOOGL,46.23090362548828
2017-07-06,GOOGL,46.004276275634766
2017-07-07,GOOGL,46.65489959716797
2017-07-10,GOOGL,47.16021728515625
2017-07-11,GOOGL,47.28567886352539
2017-07-12,GOOGL,47.986392974853516
2017-07-13,GOOGL,48.045406341552734
2017-07-14,GOOGL,48.44510269165039
2017-07-17,GOOGL,48.397987365722656
2017-07-18,GOOGL,48.94298553466797
2017-07-19,GOOGL,49.231597900390625
2017-07-20,GOOGL,49.20283889770508
2017-07-21,GOOGL,49.28466033935547
2017-07-24,GOOGL,49.50633239746094
2017-07-25,GOOGL,48.0543327331543
2017-07-26,GOOGL,47.86985397338867
2017-07-27,GOOGL,47.235107421875
2017-07-28,GOOGL,47.52371597290039
2017-07-31,GOOGL,46.88747787475586
2017-08-01,GOOGL,46.94003677368164
2017-08-02,GOOGL,46.993595123291016
2017-08-03,GOOGL,46.629608154296875
2017-08-04,GOOGL,46.901851654052734
2017-08-07,GOOGL,46.899871826171875
2017-08-08,GOOGL,46.822505950927734
2017-08-09,GOOGL,46.61869430541992
2017-08-10,GOOGL,45.80095291137695
2017-08-11,GOOGL,46.123291015625
2017-08-14,GOOGL,46.56166458129883
2017-08-15,GOOGL,46.51951599121094
2017-08-16,GOOGL,46.826480865478516
2017-08-17,GOOGL,46.00278854370117
2017-08-18,GOOGL,45.92938995361328
2017-08-21,GOOGL,45.66606903076172
2017-08-22,GOOGL,46.63456726074219
2017-08-23,GOOGL,46.742679595947266
2017-08-24,GOOGL,46.460506439208984
2017-08-25,GOOGL,46.14362335205078
2017-08-28,GOOGL,46.02609634399414
2017-08-29,GOOGL,46.403968811035156
2017-08-30,GOOGL,46.794742584228516
2017-08-31,GOOGL,47.370487213134766
2017-09-01,GOOGL,47.20930862426758
2017-09-05,GOOGL,46.6881217956543
2017-09-06,GOOGL,46.714908599853516
2017-09-07,GOOGL,47.10517883300781
2017-09-08,GOOGL,46.68464660644531
2017-09-11,GOOGL,46.77788543701172
2017-09-12,GOOGL,46.94450378417969
2017-09-13,GOOGL,47.132450103759766
2017-09-14,GOOGL,46.62117385864258
2017-09-15,GOOGL,46.381160736083984
2017-09-18,GOOGL,46.10642623901367
2017-09-19,GOOGL,46.459014892578125
2017-09-20,GOOGL,46.98863983154297
2017-09-21,GOOGL,46.9891357421875
2017-09-22,GOOGL,46.776390075683594
2017-09-25,GOOGL,46.33108139038086
2017-09-26,GOOGL,46.487281799316406
2017-09-27,GOOGL,47.6015739440918
2017-09-28,GOOGL,47.845062255859375
2017-09-29,GOOGL,48.28691101074219
2017-10-02,GOOGL,47.97697067260742
2017-10-03,GOOGL,48.2055778503418
2017-10-04,GOOGL,47.942752838134766
2017-10-05,GOOGL,48.855709075927734
2017-10-06,GOOGL,49.274742126464844
2017-10-09,GOOGL,49.20878982543945
2017-10-10,GOOGL,48.98513412475586
2017-10-11,GOOGL,49.87032699584961
2017-10-12,GOOGL,49.87032699584961
2017-10-13,GOOGL,49.98041534423828
2017-10-16,GOOGL,50.05380630493164
2017-10-17,GOOGL,50.135623931884766
2017-10-18,GOOGL,50.22191619873047
2017-10-19,GOOGL,49.68138122558594
2017-10-20,GOOGL,49.8415641784668
2017-10-23,GOOGL,48.87306213378906
2017-10-24,GOOGL,49.01935577392578
2017-10-25,GOOGL,49.16664505004883
2017-10-26,GOOGL,49.16465377807617
2017-10-27,GOOGL,51.25983810424805
2017-10-30,GOOGL,51.23305892944336
2017-10-31,GOOGL,51.22859573364258
2017-11-01,GOOGL,51.70268249511719
2017-11-02,GOOGL,51.72102355957031
2017-11-03,GOOGL,52.06914520263672
2017-11-06,GOOGL,51.70664596557617
2017-11-07,GOOGL,52.18815994262695
2017-11-08,GOOGL,52.48074722290039
2017-11-09,GOOGL,51.95658493041992
2017-11-10,GOOGL,51.779537200927734
2017-11-13,GOOGL,51.63325119018555
2017-11-14,GOOGL,51.65507507324219
2017-11-15,GOOGL,51.39571762084961
2017-11-16,GOOGL,51.9937744140625
2017-11-17,GOOGL,51.369930267333984
2017-11-20,GOOGL,51.308937072753906
2017-11-21,GOOGL,52.08452224731445
2017-11-22,GOOGL,52.164852142333984
2017-11-24,GOOGL,52.39297103881836
2017-11-27,GOOGL,53.16111755371094
2017-11-28,GOOGL,52.72869873046875
2017-11-29,GOOGL,51.443817138671875
2017-11-30,GOOGL,51.383811950683594
2017-12-01,GOOGL,50.83336639404297
2017-12-04,GOOGL,50.17877197265625
2017-12-05,GOOGL,50.56210708618164
2017-12-06,GOOGL,51.21272277832031
2017-12-07,GOOGL,51.80037307739258
2017-12-08,GOOGL,52.038902282714844
2017-12-11,GOOGL,52.16734313964844
2017-12-12,GOOGL,52.00864791870117
2017-12-13,GOOGL,52.138572692871094
2017-12-14,GOOGL,52.44008255004883
2017-12-15,GOOGL,53.160621643066406
2017-12-18,GOOGL,53.80976486206055
2017-12-19,GOOGL,53.54643249511719
2017-12-20,GOOGL,53.23798751831055
2017-12-21,GOOGL,53.103599548339844
2017-12-22,GOOGL,53.004913330078125
2017-12-26,GOOGL,52.85565185546875
2017-12-27,GOOGL,52.57545852661133
2017-12-28,GOOGL,52.36470413208008
2017-12-29,GOOGL,52.23824691772461
2018-01-02,GOOGL,53.22063064575195
2018-01-03,GOOGL,54.128623962402344
2018-01-04,GOOGL,54.33888626098633
2018-01-05,GOOGL,55.05943298339844
2018-01-08,GOOGL,55.25382614135742
2018-01-09,GOOGL,55.183406829833984
2018-01-10,GOOGL,55.05199432373047
2018-01-11,GOOGL,55.1467170715332
2018-01-12,GOOGL,56.069095611572266
2018-01-16,GOOGL,56.07156753540039
2018-01-17,GOOGL,56.48812484741211
2018-01-18,GOOGL,56.332916259765625
2018-01-19,GOOGL,56.70631790161133
2018-01-22,GOOGL,57.73085403442383
2018-01-23,GOOGL,58.32643508911133
2018-01-24,GOOGL,58.08443069458008
2018-01-25,GOOGL,58.62248229980469
2018-01-26,GOOGL,58.89126205444336
2018-01-29,GOOGL,58.83770751953125
2018-01-30,GOOGL,58.38594055175781
2018-01-31,GOOGL,58.6264533996582
2018-02-01,GOOGL,58.595211029052734
2018-02-02,GOOGL,55.50128173828125
2018-02-05,GOOGL,52.68406677246094
2018-02-06,GOOGL,53.777034759521484
2018-02-07,GOOGL,52.337928771972656
2018-02-08,GOOGL,49.972476959228516
2018-02-09,GOOGL,51.884674072265625
2018-02-12,GOOGL,52.2957763671875
2018-02-13,GOOGL,52.27494430541992
2018-02-14,GOOGL,53.195343017578125
2018-02-15,GOOGL,54.120697021484375
2018-02-16,GOOGL,54.32600021362305
2018-02-20,GOOGL,54.7271842956543
2018-02-21,GOOGL,55.23101043701172
2018-02-22,GOOGL,55.04009246826172
2018-02-23,GOOGL,55.942134857177734
2018-02-26,GOOGL,56.71623992919922
2018-02-27,GOOGL,55.4174690246582
2018-02-28,GOOGL,54.74354553222656
2018-03-01,GOOGL,53.13136291503906
2018-03-02,GOOGL,53.76265335083008
2018-03-05,GOOGL,54.289302825927734
2018-03-06,GOOGL,54.593780517578125
2018-03-07,GOOGL,55.294986724853516
2018-03-08,GOOGL,56.0061149597168
2018-03-09,GOOGL,57.56621551513672
2018-03-12,GOOGL,57.81863021850586
2018-03-13,GOOGL,56.52829360961914
2018-03-14,GOOGL,56.97361755371094
2018-03-15,GOOGL,57.05890655517578
2018-03-16,GOOGL,56.256046295166016
2018-03-19,GOOGL,54.55262756347656
2018-03-20,GOOGL,54.34087371826172
2018-03-21,GOOGL,54.25161361694336
2018-03-22,GOOGL,52.22585678100586
2018-03-23,GOOGL,50.90675735473633
2018-03-26,GOOGL,52.27246856689453
2018-03-27,GOOGL,49.934295654296875
2018-03-28,GOOGL,49.847015380859375
2018-03-29,GOOGL,51.431915283203125
2018-04-02,GOOGL,50.21646499633789
2018-04-03,GOOGL,50.516483306884766
2018-04-04,GOOGL,51.06346130371094
2018-04-05,GOOGL,51.20875549316406
2018-04-06,GOOGL,50.08356475830078
2018-04-09,GOOGL,50.58640670776367
2018-04-10,GOOGL,51.40018081665039
2018-04-11,GOOGL,50.83287048339844
2018-04-12,GOOGL,51.439353942871094
2018-04-13,GOOGL,51.377357482910156
2018-04-16,GOOGL,51.876251220703125
2018-04-17,GOOGL,53.525611877441406
2018-04-18,GOOGL,53.328739166259766
2018-04-19,GOOGL,54.025978088378906
2018-04-20,GOOGL,53.42444610595703
2018-04-23,GOOGL,53.25038528442383
2018-04-24,GOOGL,50.712860107421875
2018-04-25,GOOGL,50.73021697998047
2018-04-26,GOOGL,51.737884521484375
2018-04-27,GOOGL,51.149742126464844
2018-04-30,GOOGL,50.51152420043945
2018-05-01,GOOGL,51.610931396484375
2018-05-02,GOOGL,50.88196563720703
2018-05-03,GOOGL,50.894351959228516
2018-05-04,GOOGL,52.119232177734375
2018-05-07,GOOGL,52.53876495361328
2018-05-08,GOOGL,52.49562072753906
2018-05-09,GOOGL,54.001182556152344
2018-05-10,GOOGL,54.820411682128906
2018-05-11,GOOGL,54.71677017211914
2018-05-14,GOOGL,54.87644958496094
2018-05-15,GOOGL,53.79884719848633
2018-05-16,GOOGL,53.760169982910156
2018-05-17,GOOGL,53.619834899902344
2018-05-18,GOOGL,53.04359817504883
2018-05-21,GOOGL,53.756202697753906
2018-05-22,GOOGL,53.32476806640625
2018-05-23,GOOGL,53.8529052734375
2018-05-24,GOOGL,53.82761764526367
2018-05-25,GOOGL,53.759674072265625
2018-05-29,GOOGL,52.96573257446289
2018-05-30,GOOGL,53.431884765625
2018-05-31,GOOGL,54.54915237426758
2018-06-01,GOOGL,56.28480529785156
2018-06-04,GOOGL,57.17940902709961
2018-06-05,GOOGL,57.07924270629883
2018-06-06,GOOGL,56.87740707397461
2018-06-07,GOOGL,56.256046295166016
2018-06-08,GOOGL,56.17124557495117
2018-06-11,GOOGL,56.57738494873047
2018-06-12,GOOGL,56.93890380859375
2018-06-13,GOOGL,56.74251937866211
2018-06-14,GOOGL,57.53001403808594
2018-06-15,GOOGL,57.48835754394531
2018-06-18,GOOGL,58.69389724731445
2018-06-19,GOOGL,58.4514045715332
2018-06-20,GOOGL,58.718196868896484
2018-06-21,GOOGL,57.99269485473633
2018-06-22,GOOGL,57.985252380371094
2018-06-25,GOOGL,56.49705123901367
2018-06-26,GOOGL,56.16679000854492
2018-06-27,GOOGL,55.38920974731445
2018-06-28,GOOGL,55.87718200683594
2018-06-29,GOOGL,55.99668884277344
2018-07-02,GOOGL,56.63739013671875
2018-07-03,GOOGL,55.356483459472656
2018-07-05,GOOGL,56.59672927856445
2018-07-06,GOOGL,57.28057861328125
2018-07-09,GOOGL,57.88557052612305
2018-07-10,GOOGL,57.878631591796875
2018-07-11,GOOGL,58.092864990234375
2018-07-12,GOOGL,59.570648193359375
2018-07-13,GOOGL,59.727352142333984
2018-07-16,GOOGL,59.33510208129883
2018-07-17,GOOGL,60.15679931640625
2018-07-18,GOOGL,60.148372650146484
2018-07-19,GOOGL,59.46354293823242
2018-07-20,GOOGL,59.40303421020508
2018-07-23,GOOGL,60.05365753173828
2018-07-24,GOOGL,62.3918342590332
2018-07-25,GOOGL,63.27404022216797
2018-07-26,GOOGL,63.74812316894531
2018-07-27,GOOGL,62.13098907470703
2018-07-30,GOOGL,60.99785232543945
2018-07-31,GOOGL,60.858009338378906
2018-08-01,GOOGL,61.14414978027344
2018-08-02,GOOGL,61.54780960083008
2018-08-03,GOOGL,61.40052795410156
2018-08-06,GOOGL,61.376224517822266
2018-08-07,GOOGL,62.277278900146484
2018-08-08,GOOGL,62.54953384399414
2018-08-09,GOOGL,62.70474624633789
2018-08-10,GOOGL,62.112144470214844
2018-08-13,GOOGL,61.920223236083984
2018-08-14,GOOGL,62.39133834838867
2018-08-15,GOOGL,61.10595703125
2018-08-16,GOOGL,60.701297760009766
2018-08-17,GOOGL,60.29417037963867
2018-08-20,GOOGL,60.5966682434082
2018-08-21,GOOGL,60.37152862548828
2018-08-22,GOOGL,60.58674621582031
2018-08-23,GOOGL,60.5574951171875
2018-08-24,GOOGL,61.33061218261719
2018-08-27,GOOGL,62.298606872558594
2018-08-28,GOOGL,61.78236770629883
2018-08-29,GOOGL,62.71416473388672
2018-08-30,GOOGL,62.20785140991211
2018-08-31,GOOGL,61.08513641357422
2018-09-04,GOOGL,60.06903076171875
2018-09-05,GOOGL,59.46354293823242
2018-09-06,GOOGL,58.714229583740234
2018-09-07,GOOGL,58.396846771240234
2018-09-10,GOOGL,58.27138137817383
2018-09-11,GOOGL,59.01177215576172
2018-09-12,GOOGL,58.09981155395508
2018-09-13,GOOGL,58.62248229980469
2018-09-14,GOOGL,58.41618728637695
2018-09-17,GOOGL,57.51612854003906
2018-09-18,GOOGL,57.87714385986328
2018-09-19,GOOGL,58.23221206665039
2018-09-20,GOOGL,59.09012222290039
2018-09-21,GOOGL,58.12559127807617
2018-09-24,GOOGL,58.494544982910156
2018-09-25,GOOGL,59.20517349243164
2018-09-26,GOOGL,59.213600158691406
2018-09-27,GOOGL,59.873146057128906
2018-09-28,GOOGL,59.8592643737793
2018-10-01,GOOGL,59.93117141723633
2018-10-02,GOOGL,59.88703918457031
2018-10-03,GOOGL,60.07994079589844
2018-10-04,GOOGL,58.371063232421875
2018-10-05,GOOGL,57.9128532409668
2018-10-08,GOOGL,57.32223129272461
2018-10-09,GOOGL,56.78913116455078
2018-10-10,GOOGL,54.16036605834961
2018-10-11,GOOGL,54.089942932128906
2018-10-12,GOOGL,55.5677375793457
2018-10-15,GOOGL,54.6701545715332
2018-10-16,GOOGL,56.18959426879883
2018-10-17,GOOGL,55.91735076904297
2018-10-18,GOOGL,54.44551086425781
2018-10-19,GOOGL,54.8060302734375
2018-10-22,GOOGL,55.11299514770508
2018-10-23,GOOGL,55.28853988647461
2018-10-24,GOOGL,52.422725677490234
2018-10-25,GOOGL,54.7271842956543
2018-10-26,GOOGL,53.743316650390625
2018-10-29,GOOGL,51.312400817871094
2018-10-30,GOOGL,52.04534912109375
2018-10-31,GOOGL,54.08201217651367
2018-11-01,GOOGL,53.85389709472656
2018-11-02,GOOGL,53.135337829589844
2018-11-05,GOOGL,52.353797912597656
2018-11-06,GOOGL,53.04012680053711
2018-11-07,GOOGL,54.9577751159668
2018-11-08,GOOGL,54.28285217285156
2018-11-09,GOOGL,53.40957260131836
2018-11-12,GOOGL,52.037906646728516
2018-11-13,GOOGL,51.96897888183594
2018-11-14,GOOGL,52.29676818847656
2018-11-15,GOOGL,53.113521575927734
2018-11-16,GOOGL,52.97565460205078
2018-11-19,GOOGL,50.94989776611328
2018-11-20,GOOGL,51.10015869140625
2018-11-21,GOOGL,51.743839263916016
2018-11-23,GOOGL,51.082801818847656
2018-11-26,GOOGL,52.36420440673828
2018-11-27,GOOGL,52.182708740234375
2018-11-28,GOOGL,54.14201736450195
2018-11-29,GOOGL,54.28036880493164
2018-11-30,GOOGL,55.02769470214844
2018-12-03,GOOGL,55.36044692993164
2018-12-04,GOOGL,52.68803787231445
2018-12-06,GOOGL,53.46213912963867
2018-12-07,GOOGL,51.90004348754883
2018-12-10,GOOGL,52.22734451293945
2018-12-11,GOOGL,52.64736557006836
2018-12-12,GOOGL,53.24641799926758
2018-12-13,GOOGL,53.236995697021484
2018-12-14,GOOGL,52.154441833496094
2018-12-17,GOOGL,50.86212921142578
2018-12-18,GOOGL,51.74284362792969
2018-12-19,GOOGL,51.348602294921875
2018-12-20,GOOGL,50.75947189331055
2018-12-21,GOOGL,49.15622329711914
2018-12-24,GOOGL,48.82992172241211
2018-12-26,GOOGL,51.96302795410156
2018-12-27,GOOGL,52.21345901489258
2018-12-28,GOOGL,51.90501022338867
2018-12-31,GOOGL,51.81970977783203
2019-01-02,GOOGL,52.301727294921875
2019-01-03,GOOGL,50.85319519042969
2019-01-04,GOOGL,53.461639404296875
2019-01-07,GOOGL,53.355018615722656
2019-01-08,GOOGL,53.82365417480469
2019-01-09,GOOGL,53.63917541503906
2019-01-10,GOOGL,53.49932861328125
2019-01-11,GOOGL,52.787208557128906
2019-01-14,GOOGL,52.14453125
2019-01-15,GOOGL,53.88018035888672
2019-01-16,GOOGL,54.028953552246094
2019-01-17,GOOGL,54.50551986694336
2019-01-18,GOOGL,54.911163330078125
2019-01-22,GOOGL,53.48940658569336
2019-01-23,GOOGL,53.77603530883789
2019-01-24,GOOGL,53.755706787109375
2019-01-25,GOOGL,54.6240348815918
2019-01-28,GOOGL,53.55040740966797
2019-01-29,GOOGL,53.064422607421875
2019-01-30,GOOGL,54.44947814941406
2019-01-31,GOOGL,55.83303451538086
2019-02-01,GOOGL,55.4725227355957
2019-02-04,GOOGL,56.60317611694336
2019-02-05,GOOGL,57.12138748168945
2019-02-06,GOOGL,55.684268951416016
2019-02-07,GOOGL,54.842227935791016
2019-02-08,GOOGL,54.66717529296875
2019-02-11,GOOGL,54.65428161621094
2019-02-12,GOOGL,55.91685104370117
2019-02-13,GOOGL,55.96891784667969
2019-02-14,GOOGL,55.99718475341797
2019-02-15,GOOGL,55.522605895996094
2019-02-19,GOOGL,55.86378860473633
2019-02-20,GOOGL,55.57020950317383
2019-02-21,GOOGL,54.75792694091797
2019-02-22,GOOGL,55.370365142822266
2019-02-25,GOOGL,55.40855026245117
2019-02-26,GOOGL,55.640628814697266
2019-02-27,GOOGL,55.684268951416016
2019-02-28,GOOGL,55.86576843261719
2019-03-01,GOOGL,56.955265045166016
2019-03-04,GOOGL,57.19825744628906
2019-03-05,GOOGL,57.98029327392578
2019-03-06,GOOGL,57.76953887939453
2019-03-07,GOOGL,57.07080841064453
2019-03-08,GOOGL,57.02716827392578
2019-03-11,GOOGL,58.47966384887695
2019-03-12,GOOGL,59.37179183959961
2019-03-13,GOOGL,59.4615478515625
2019-03-14,GOOGL,59.13772201538086
2019-03-15,GOOGL,59.02714538574219
2019-03-18,GOOGL,58.94035720825195
2019-03-19,GOOGL,59.630157470703125
2019-03-20,GOOGL,60.81882858276367
2019-03-21,GOOGL,61.29985809326172
2019-03-22,GOOGL,59.88753128051758
2019-03-25,GOOGL,59.37824249267578
2019-03-26,GOOGL,59.004329681396484
2019-03-27,GOOGL,58.41768264770508
2019-03-28,GOOGL,58.13302993774414
2019-03-29,GOOGL,58.362144470214844
2019-04-01,GOOGL,59.45758819580078
2019-04-02,GOOGL,59.782894134521484
2019-04-03,GOOGL,60.04423141479492
2019-04-04,GOOGL,60.47269058227539
2019-04-05,GOOGL,60.07597732543945
2019-04-08,GOOGL,59.91877746582031
2019-04-09,GOOGL,59.64155578613281
2019-04-10,GOOGL,59.82801818847656
2019-04-11,GOOGL,59.98373794555664
2019-04-12,GOOGL,60.63534927368164
2019-04-15,GOOGL,60.823795318603516
2019-04-16,GOOGL,61.09058380126953
2019-04-17,GOOGL,61.498714447021484
2019-04-18,GOOGL,61.56467056274414
2019-04-22,GOOGL,62.174129486083984
2019-04-23,GOOGL,63.00873565673828
2019-04-24,GOOGL,62.48604965209961
2019-04-25,GOOGL,62.84756088256836
2019-04-26,GOOGL,63.34743118286133
2019-04-29,GOOGL,64.27873229980469
2019-04-30,GOOGL,59.45659255981445
2019-05-01,GOOGL,58.18510055541992
2019-05-02,GOOGL,57.84739685058594
2019-05-03,GOOGL,58.98994827270508
2019-05-06,GOOGL,59.18385314941406
2019-05-07,GOOGL,58.45983123779297
2019-05-08,GOOGL,58.05915069580078
2019-05-09,GOOGL,57.91979217529297
2019-05-10,GOOGL,57.90342712402344
2019-05-13,GOOGL,56.363651275634766
2019-05-14,GOOGL,55.78196334838867
2019-05-15,GOOGL,58.06013107299805
2019-05-16,GOOGL,58.73951721191406
2019-05-17,GOOGL,57.959964752197266
2019-05-20,GOOGL,56.763851165771484
2019-05-21,GOOGL,57.248836517333984
2019-05-22,GOOGL,57.318756103515625
2019-05-23,GOOGL,56.797569274902344
2019-05-24,GOOGL,56.463829040527344
2019-05-28,GOOGL,56.51094055175781
2019-05-29,GOOGL,55.537986755371094
2019-05-30,GOOGL,55.61087417602539
2019-05-31,GOOGL,54.871490478515625
2019-06-03,GOOGL,51.511260986328125
2019-06-04,GOOGL,52.292301177978516
2019-06-05,GOOGL,51.8038444519043
2019-06-06,GOOGL,51.958560943603516
2019-06-07,GOOGL,52.98061752319336
2019-06-10,GOOGL,53.694217681884766
2019-06-11,GOOGL,53.60892105102539
2019-06-12,GOOGL,53.512718200683594
2019-06-13,GOOGL,54.103336334228516
2019-06-14,GOOGL,53.86976623535156
2019-06-17,GOOGL,54.246158599853516
2019-06-18,GOOGL,54.80900955200195
2019-06-19,GOOGL,54.772796630859375
2019-06-20,GOOGL,55.2037467956543
2019-06-21,GOOGL,55.807254791259766
2019-06-24,GOOGL,55.37730407714844
2019-06-25,GOOGL,53.93324279785156
2019-06-26,GOOGL,53.573219299316406
2019-06-27,GOOGL,53.39023208618164
2019-06-28,GOOGL,53.69620132446289
2019-07-01,GOOGL,54.54915237426758
2019-07-02,GOOGL,55.17398452758789
2019-07-03,GOOGL,55.689231872558594
2019-07-05,GOOGL,56.16926574707031
2019-07-08,GOOGL,55.38177490234375
2019-07-09,GOOGL,55.75369644165039
2019-07-10,GOOGL,56.57788848876953
2019-07-11,GOOGL,56.735084533691406
2019-07-12,GOOGL,56.797569274902344
2019-07-15,GOOGL,57.053951263427734
2019-07-16,GOOGL,57.20023727416992
2019-07-17,GOOGL,56.867000579833984
2019-07-18,GOOGL,56.89178466796875
2019-07-19,GOOGL,56.11372375488281
2019-07-22,GOOGL,56.49357986450195
2019-07-23,GOOGL,56.93195343017578
2019-07-24,GOOGL,56.51936340332031
2019-07-25,GOOGL,56.3314208984375
2019-07-26,GOOGL,61.75063705444336
2019-07-29,GOOGL,61.58301544189453
2019-07-30,GOOGL,60.89669418334961
2019-07-31,GOOGL,60.41070556640625
2019-08-01,GOOGL,60.092342376708984
2019-08-02,GOOGL,59.325679779052734
2019-08-05,GOOGL,57.26420974731445
2019-08-06,GOOGL,58.07402038574219
2019-08-07,GOOGL,58.31354522705078
2019-08-08,GOOGL,59.815128326416016
2019-08-09,GOOGL,58.95771408081055
2019-08-12,GOOGL,58.24361801147461
2019-08-13,GOOGL,59.34600067138672
2019-08-14,GOOGL,57.735321044921875
2019-08-15,GOOGL,57.98674011230469
2019-08-16,GOOGL,58.47718811035156
2019-08-19,GOOGL,59.52998352050781
2019-08-20,GOOGL,58.69141387939453
2019-08-21,GOOGL,59.09061813354492
2019-08-22,GOOGL,59.087642669677734
2019-08-23,GOOGL,57.20619583129883
2019-08-26,GOOGL,58.0789794921875
2019-08-27,GOOGL,58.06112289428711
2019-08-28,GOOGL,58.2064208984375
2019-08-29,GOOGL,59.222530364990234
2019-08-30,GOOGL,59.038551330566406
2019-09-03,GOOGL,57.998146057128906
2019-09-04,GOOGL,58.628929138183594
2019-09-05,GOOGL,60.1126708984375
2019-09-06,GOOGL,59.82157897949219
2019-09-09,GOOGL,59.769500732421875
2019-09-10,GOOGL,59.79083251953125
2019-09-11,GOOGL,60.499969482421875
2019-09-12,GOOGL,61.242332458496094
2019-09-13,GOOGL,61.49325942993164
2019-09-16,GOOGL,61.07670211791992
2019-09-17,GOOGL,60.98992156982422
2019-09-18,GOOGL,61.127281188964844
2019-09-19,GOOGL,61.429786682128906
2019-09-20,GOOGL,60.98793029785156
2019-09-23,GOOGL,61.22844696044922
2019-09-24,GOOGL,60.417152404785156
2019-09-25,GOOGL,61.78634262084961
2019-09-26,GOOGL,61.60532760620117
2019-09-27,GOOGL,60.79502868652344
2019-09-30,GOOGL,60.55649948120117
2019-10-01,GOOGL,59.80570983886719
2019-10-02,GOOGL,58.413211822509766
2019-10-03,GOOGL,58.9839973449707
2019-10-04,GOOGL,60.051673889160156
2019-10-07,GOOGL,59.91727828979492
2019-10-08,GOOGL,59.01871109008789
2019-10-09,GOOGL,59.62718200683594
2019-10-10,GOOGL,59.977783203125
2019-10-11,GOOGL,60.287227630615234
2019-10-14,GOOGL,60.389381408691406
2019-10-15,GOOGL,61.60285568237305
2019-10-16,GOOGL,61.640541076660156
2019-10-17,GOOGL,62.126529693603516
2019-10-18,GOOGL,61.71046829223633
2019-10-21,GOOGL,61.70402145385742
2019-10-22,GOOGL,61.55128479003906
2019-10-23,GOOGL,62.36604309082031
2019-10-24,GOOGL,62.4394416809082
2019-10-25,GOOGL,62.696815490722656
2019-10-28,GOOGL,63.92068862915039
2019-10-29,GOOGL,62.51630783081055
2019-10-30,GOOGL,62.51828384399414
2019-10-31,GOOGL,62.42406463623047
2019-11-01,GOOGL,63.0910530090332
2019-11-04,GOOGL,63.95194625854492
2019-11-05,GOOGL,64.04268646240234
2019-11-06,GOOGL,64.02136993408203
2019-11-07,GOOGL,64.81133270263672
2019-11-08,GOOGL,64.91349029541016
2019-11-11,GOOGL,64.38189697265625
2019-11-12,GOOGL,64.328826904296875
2019-11-13,GOOGL,64.277740478515625
2019-11-14,GOOGL,64.920928955078125
2019-11-15,GOOGL,66.13041687011719
2019-11-18,GOOGL,65.4510498046875
2019-11-19,GOOGL,65.09151458740234
2019-11-20,GOOGL,64.559417724609375
2019-11-21,GOOGL,64.47412872314453
2019-11-22,GOOGL,64.15328216552734
2019-11-25,GOOGL,64.74686431884766
2019-11-26,GOOGL,65.111846923828125
2019-11-27,GOOGL,65.0687026977539
2019-11-29,GOOGL,64.66999053955078
2019-12-02,GOOGL,63.91474151611328
2019-12-03,GOOGL,64.206329345703125
2019-12-04,GOOGL,65.40641784667969
2019-12-05,GOOGL,65.80412292480469
2019-12-06,GOOGL,66.42052459716797
2019-12-09,GOOGL,66.59906005859375
2019-12-10,GOOGL,66.59410095214844
2019-12-11,GOOGL,66.66155242919922
2019-12-12,GOOGL,66.8718032836914
2019-12-13,GOOGL,66.79146575927734
2019-12-16,GOOGL,67.47730255126953
2019-12-17,GOOGL,67.18917083740234
2019-12-18,GOOGL,67.04139709472656
2019-12-19,GOOGL,67.26605224609375
2019-12-20,GOOGL,67.0071792602539
2019-12-23,GOOGL,66.9779281616211
2019-12-24,GOOGL,66.67046356201172
2019-12-26,GOOGL,67.56507110595703
2019-12-27,GOOGL,67.17679595947266
2019-12-30,GOOGL,66.43639373779297
2019-12-31,GOOGL,66.42052459716797
2020-01-02,GOOGL,67.8730239868164
2020-01-03,GOOGL,67.5179672241211
2020-01-06,GOOGL,69.317596435546875
2020-01-07,GOOGL,69.18370056152344
2020-01-08,GOOGL,69.6761245727539
2020-01-09,GOOGL,70.4075927734375
2020-01-10,GOOGL,70.8623275756836
2020-01-13,GOOGL,71.41130065917969
2020-01-14,GOOGL,70.94316101074219
2020-01-15,GOOGL,71.37013244628906
2020-01-16,GOOGL,71.91363525390625
2020-01-17,GOOGL,73.36961364746094
2020-01-21,GOOGL,73.50498962402344
2020-01-22,GOOGL,73.5853042602539
2020-01-23,GOOGL,73.6259765625
2020-01-24,GOOGL,72.70756530761719
2020-01-27,GOOGL,70.99968719482422
2020-01-28,GOOGL,71.93050384521484
2020-01-29,GOOGL,72.23795318603516
2020-01-30,GOOGL,72.116455078125
2020-01-31,GOOGL,71.05175018310547
2020-02-03,GOOGL,73.5223388671875
2020-02-04,GOOGL,71.6780776977539
2020-02-05,GOOGL,71.70982360839844
2020-02-06,GOOGL,73.19355010986328
2020-02-07,GOOGL,73.3492660522461
2020-02-10,GOOGL,74.81465911865234
2020-02-11,GOOGL,74.88408660888672
2020-02-12,GOOGL,75.30907440185547
2020-02-13,GOOGL,75.049224853515625
2020-02-14,GOOGL,75.31402587890625
2020-02-18,GOOGL,75.3492431640625
2020-02-19,GOOGL,75.6185073852539
2020-02-20,GOOGL,75.22773742675781
2020-02-21,GOOGL,73.56498718261719
2020-02-24,GOOGL,70.411041259765625
2020-02-25,GOOGL,68.74779510498047
2020-02-26,GOOGL,68.95360565185547
2020-02-27,GOOGL,65.20854187011719
2020-02-28,GOOGL,66.41358947753906
2020-03-02,GOOGL,68.74779510498047
2020-03-03,GOOGL,66.33770751953125
2020-03-04,GOOGL,68.51373291015625
2020-03-05,GOOGL,65.199127197265625
2020-03-06,GOOGL,64.25594329833984
2020-03-09,GOOGL,60.29119873046875
2020-03-10,GOOGL,63.23585891723633
2020-03-11,GOOGL,60.0486946105957
2020-03-12,GOOGL,55.12191390991211
2020-03-13,GOOGL,60.2158203125
2020-03-16,GOOGL,53.2102165222168
2020-03-17,GOOGL,55.44475173950195
2020-03-18,GOOGL,54.11225891113281
2020-03-19,GOOGL,55.12786865234375
2020-03-20,GOOGL,52.97268295288086
2020-03-23,GOOGL,52.274452209472656
2020-03-24,GOOGL,56.037353515625
2020-03-25,GOOGL,54.629486083984375
2020-03-26,GOOGL,57.66936111450195
2020-03-27,GOOGL,55.057945251464844
2020-03-30,GOOGL,56.845672607421875
2020-03-31,GOOGL,57.62126922607422
2020-04-01,GOOGL,54.653289794921875
2020-04-02,GOOGL,55.3936767578125
2020-04-03,GOOGL,54.18714141845703
2020-04-06,GOOGL,58.674556732177734
2020-04-07,GOOGL,58.643314361572266
2020-04-08,GOOGL,59.85530090332031
2020-04-09,GOOGL,59.8339729309082
2020-04-13,GOOGL,60.02439498901367
2020-04-14,GOOGL,62.74293518066406
2020-04-15,GOOGL,62.34968185424805
2020-04-16,GOOGL,62.35612869262695
2020-04-17,GOOGL,63.425785064697266
2020-04-20,GOOGL,62.54060363769531
2020-04-21,GOOGL,60.111183166503906
2020-04-22,GOOGL,62.404727935791016
2020-04-23,GOOGL,63.03749465942383
2020-04-24,GOOGL,63.3067741394043
2020-04-27,GOOGL,63.022125244140625
2020-04-28,GOOGL,61.12430953979492
2020-04-29,GOOGL,66.55890655517578
2020-04-30,GOOGL,66.78303527832031
2020-05-01,GOOGL,65.326080322265625
2020-05-04,GOOGL,65.60279083251953
2020-05-05,GOOGL,66.8980712890625
2020-05-06,GOOGL,66.720062255859375
2020-05-07,GOOGL,67.90277099609375
2020-05-08,GOOGL,68.64961242675781
2020-05-11,GOOGL,69.604217529296875
2020-05-12,GOOGL,68.19537353515625
2020-05-13,GOOGL,66.863861083984375
2020-05-14,GOOGL,67.286865234375
2020-05-15,GOOGL,68.0902328491211
2020-05-18,GOOGL,68.69126892089844
2020-05-19,GOOGL,68.15668487548828
2020-05-20,GOOGL,69.88044738769531
2020-05-21,GOOGL,69.76094055175781
2020-05-22,GOOGL,70.08277130126953
2020-05-26,GOOGL,70.4859390258789
2020-05-27,GOOGL,70.43186950683594
2020-05-28,GOOGL,70.3307113647461
2020-05-29,GOOGL,71.08846282958984
2020-06-01,GOOGL,71.1553955078125
2020-06-02,GOOGL,71.52435302734375
2020-06-03,GOOGL,71.37260437011719
2020-06-04,GOOGL,70.13533020019531
2020-06-05,GOOGL,71.410797119140625
2020-06-08,GOOGL,71.8084945678711
2020-06-09,GOOGL,72.00884246826172
2020-06-10,GOOGL,72.634674072265625
2020-06-11,GOOGL,69.52042388916016
2020-06-12,GOOGL,70.06690216064453
2020-06-15,GOOGL,70.4547119140625
2020-06-16,GOOGL,71.73065185546875
2020-06-17,GOOGL,72.03166198730469
2020-06-18,GOOGL,71.11820983886719
2020-06-19,GOOGL,70.6480941772461
2020-06-22,GOOGL,71.93841552734375
2020-06-23,GOOGL,72.598968505859375
2020-06-24,GOOGL,71.04779815673828
2020-06-25,GOOGL,71.46435546875
2020-06-26,GOOGL,67.56855010986328
2020-06-29,GOOGL,69.28585052490234
2020-06-30,GOOGL,70.32130432128906
2020-07-01,GOOGL,71.50897216796875
2020-07-02,GOOGL,72.89402770996094
2020-07-06,GOOGL,74.36785125732422
2020-07-07,GOOGL,73.88533782958984
2020-07-08,GOOGL,74.56373596191406
2020-07-09,GOOGL,75.31056213378906
2020-07-10,GOOGL,76.3197250366211
2020-07-13,GOOGL,74.99169921875
2020-07-14,GOOGL,75.41966247558594
2020-07-15,GOOGL,75.2222900390625
2020-07-16,GOOGL,75.1250991821289
2020-07-17,GOOGL,75.220794677734375
2020-07-20,GOOGL,77.5510482788086
2020-07-21,GOOGL,77.15827941894531
2020-07-22,GOOGL,77.60113525390625
2020-07-23,GOOGL,75.21583557128906
2020-07-24,GOOGL,74.79235076904297
2020-07-27,GOOGL,75.844635009765625
2020-07-28,GOOGL,74.56621551513672
2020-07-29,GOOGL,75.55107116699219
2020-07-30,GOOGL,76.28797912597656
2020-07-31,GOOGL,73.78764343261719
2020-08-03,GOOGL,73.53028106689453
2020-08-04,GOOGL,73.06114959716797
2020-08-05,GOOGL,73.3482666015625
2020-08-06,GOOGL,74.63066864013672
2020-08-07,GOOGL,74.30437469482422
2020-08-10,GOOGL,74.227508544921875
2020-08-11,GOOGL,73.42018127441406
2020-08-12,GOOGL,74.7442398071289
2020-08-13,GOOGL,75.21088409423828
2020-08-14,GOOGL,74.61481475830078
2020-08-17,GOOGL,75.1905517578125
2020-08-18,GOOGL,77.1513442993164
2020-08-19,GOOGL,76.59741973876953
2020-08-20,GOOGL,78.16645812988281
2020-08-21,GOOGL,78.13273620605469
2020-08-24,GOOGL,78.6078109741211
2020-08-25,GOOGL,79.63432312011719
2020-08-26,GOOGL,81.53263854980469
2020-08-27,GOOGL,80.75852966308594
2020-08-28,GOOGL,81.29954528808594
2020-08-31,GOOGL,80.808624267578125
2020-09-01,GOOGL,82.07563781738281
2020-09-02,GOOGL,85.16560363769531
2020-09-03,GOOGL,80.80763244628906
2020-09-04,GOOGL,78.41242218017578
2020-09-08,GOOGL,75.55553436279297
2020-09-09,GOOGL,76.72735595703125
2020-09-10,GOOGL,75.6770248413086
2020-09-11,GOOGL,75.166748046875
2020-09-14,GOOGL,74.823089599609375
2020-09-15,GOOGL,76.126800537109375
2020-09-16,GOOGL,74.98475646972656
2020-09-17,GOOGL,73.7425308227539
2020-09-18,GOOGL,71.9597396850586
2020-09-21,GOOGL,70.92083740234375
2020-09-22,GOOGL,72.392669677734375
2020-09-23,GOOGL,69.891845703125
2020-09-24,GOOGL,70.55982971191406
2020-09-25,GOOGL,71.36319732666016
2020-09-28,GOOGL,72.33513641357422
2020-09-29,GOOGL,72.70014190673828
2020-09-30,GOOGL,72.67930603027344
2020-10-01,GOOGL,73.78515625
2020-10-02,GOOGL,72.18339538574219
2020-10-05,GOOGL,73.53375244140625
2020-10-06,GOOGL,71.95629119873047
2020-10-07,GOOGL,72.35896301269531
2020-10-08,GOOGL,73.563507080078125
2020-10-09,GOOGL,74.9034194946289
2020-10-12,GOOGL,77.588226318359375
2020-10-13,GOOGL,77.71121978759766
2020-10-14,GOOGL,77.53119659423828
2020-10-15,GOOGL,77.13597869873047
2020-10-16,GOOGL,77.742462158203125
2020-10-19,GOOGL,75.87042236328125
2020-10-20,GOOGL,76.91826629638672
2020-10-21,GOOGL,78.64945983886719
2020-10-22,GOOGL,79.67449188232422
2020-10-23,GOOGL,80.979705810546875
2020-10-26,GOOGL,78.5651626586914
2020-10-27,GOOGL,79.28868103027344
2020-10-28,GOOGL,74.92078399658203
2020-10-29,GOOGL,77.205902099609375
2020-10-30,GOOGL,80.14311218261719
2020-11-02,GOOGL,80.550262451171875
2020-11-03,GOOGL,81.60851287841797
2020-11-04,GOOGL,86.57695007324219
2020-11-05,GOOGL,87.4026107788086
2020-11-06,GOOGL,87.2652587890625
2020-11-09,GOOGL,87.34906005859375
2020-11-10,GOOGL,86.17377471923828
2020-11-11,GOOGL,86.64537048339844
2020-11-12,GOOGL,86.42668151855469
2020-11-13,GOOGL,87.8866195678711
2020-11-16,GOOGL,87.974395751953125
2020-11-17,GOOGL,87.3609619140625
2020-11-18,GOOGL,86.318572998046875
2020-11-19,GOOGL,87.20772552490234
2020-11-20,GOOGL,86.107330322265625
2020-11-23,GOOGL,85.66992950439453
2020-11-24,GOOGL,87.4720458984375
2020-11-25,GOOGL,87.48345947265625
2020-11-27,GOOGL,88.61856842041016
2020-11-30,GOOGL,87.00093841552734
2020-12-01,GOOGL,89.03214263916016
2020-12-02,GOOGL,90.500518798828125
2020-12-03,GOOGL,90.34529113769531
2020-12-04,GOOGL,90.440521240234375
2020-12-07,GOOGL,90.10676574707031
2020-12-08,GOOGL,89.8240966796875
2020-12-09,GOOGL,88.16432189941406
2020-12-10,GOOGL,87.65800476074219
2020-12-11,GOOGL,88.0125732421875
2020-12-14,GOOGL,86.89482116699219
2020-12-15,GOOGL,87.33221435546875
2020-12-16,GOOGL,87.1392822265625
2020-12-17,GOOGL,86.3121337890625
2020-12-18,GOOGL,85.603485107421875
2020-12-21,GOOGL,86.0170669555664
2020-12-22,GOOGL,85.30595397949219
2020-12-23,GOOGL,85.70316314697266
2020-12-24,GOOGL,85.99723052978516
2020-12-28,GOOGL,87.970916748046875
2020-12-29,GOOGL,87.16756439208984
2020-12-30,GOOGL,86.10087585449219
2020-12-31,GOOGL,86.91365814208984
2021-01-04,GOOGL,85.599029541015625
2021-01-05,GOOGL,86.28932189941406
2021-01-06,GOOGL,85.43785858154297
2021-01-07,GOOGL,87.98976135253906
2021-01-08,GOOGL,89.1546401977539
2021-01-11,GOOGL,87.09465789794922
2021-01-12,GOOGL,86.159393310546875
2021-01-13,GOOGL,86.64636993408203
2021-01-14,GOOGL,85.83656311035156
2021-01-15,GOOGL,85.67292022705078
2021-01-19,GOOGL,88.49211120605469
2021-01-20,GOOGL,93.232940673828125
2021-01-21,GOOGL,93.43524932861328
2021-01-22,GOOGL,93.852325439453125
2021-01-25,GOOGL,93.93760681152344
2021-01-26,GOOGL,94.615509033203125
2021-01-27,GOOGL,90.20148468017578
2021-01-28,GOOGL,91.90044403076172
2021-01-29,GOOGL,90.61903381347656
2021-02-01,GOOGL,93.87760162353516
2021-02-02,GOOGL,95.16942596435547
2021-02-03,GOOGL,102.10014343261719
2021-02-04,GOOGL,101.83980560302734
2021-02-05,GOOGL,103.58535766601563
2021-02-08,GOOGL,103.37163543701172
2021-02-09,GOOGL,102.91887664794922
2021-02-10,GOOGL,103.46882629394531
2021-02-11,GOOGL,103.5813980102539
2021-02-12,GOOGL,103.89282989501953
2021-02-16,GOOGL,104.66990661621094
2021-02-17,GOOGL,105.06266021728516
2021-02-18,GOOGL,104.42741394042969
2021-02-19,GOOGL,103.58436584472656
2021-02-22,GOOGL,101.87103271484375
2021-02-23,GOOGL,102.16162872314453
2021-02-24,GOOGL,103.33642578125
2021-02-25,GOOGL,99.97123718261719
2021-02-26,GOOGL,100.26679229736328
2021-03-01,GOOGL,102.63473510742188
2021-03-02,GOOGL,102.37784576416016
2021-03-03,GOOGL,99.74610137939453
2021-03-04,GOOGL,100.86286163330078
2021-03-05,GOOGL,103.99398040771484
2021-03-08,GOOGL,99.552215576171875
2021-03-09,GOOGL,101.18172454833984
2021-03-10,GOOGL,100.97492980957031
2021-03-11,GOOGL,104.16606140136719
2021-03-12,GOOGL,101.65978240966797
2021-03-15,GOOGL,101.87997436523438
2021-03-16,GOOGL,103.34039306640625
2021-03-17,GOOGL,103.257568359375
2021-03-18,GOOGL,100.23854064941406
2021-03-19,GOOGL,100.51722717285156
2021-03-22,GOOGL,100.70220184326172
2021-03-23,GOOGL,101.2298355102539
2021-03-24,GOOGL,100.79344177246094
2021-03-25,GOOGL,100.78997039794922
2021-03-26,GOOGL,100.40665435791016
2021-03-29,GOOGL,101.45099639892578
2021-03-30,GOOGL,101.48472595214844
2021-03-31,GOOGL,102.28065490722656
2021-04-01,GOOGL,105.61607360839844
2021-04-05,GOOGL,110.03852844238281
2021-04-06,GOOGL,109.5574951171875
2021-04-07,GOOGL,111.03379821777344
2021-04-08,GOOGL,111.59912872314453
2021-04-09,GOOGL,112.60284423828125
2021-04-12,GOOGL,111.31101989746094
2021-04-13,GOOGL,111.7974853515625
2021-04-14,GOOGL,111.17662811279297
2021-04-15,GOOGL,113.32585906982422
2021-04-16,GOOGL,113.20188903808594
2021-04-19,GOOGL,113.54952239990234
2021-04-20,GOOGL,113.01641082763672
2021-04-21,GOOGL,112.98368072509766
2021-04-22,GOOGL,111.70278930664063
2021-04-23,GOOGL,114.0538558959961
2021-04-26,GOOGL,114.54975128173828
2021-04-27,GOOGL,113.61002349853516
2021-04-28,GOOGL,116.98512268066406
2021-04-29,GOOGL,118.65731048583984
2021-04-30,GOOGL,116.71039581298828
2021-05-03,GOOGL,116.19366455078125
2021-05-04,GOOGL,114.39602661132813
2021-05-05,GOOGL,114.78975677490234
2021-05-06,GOOGL,115.90950012207031
2021-05-07,GOOGL,116.63253021240234
2021-05-10,GOOGL,113.64820861816406
2021-05-11,GOOGL,112.57259368896484
2021-05-12,GOOGL,109.1106948852539
2021-05-13,GOOGL,110.53839874267578
2021-05-14,GOOGL,112.98516845703125
2021-05-17,GOOGL,113.50786590576172
2021-05-18,GOOGL,112.1961898803711
2021-05-19,GOOGL,112.64399719238281
2021-05-20,GOOGL,114.40196990966797
2021-05-21,GOOGL,113.76622009277344
2021-05-24,GOOGL,117.08428955078125
2021-05-25,GOOGL,117.17504119873047
2021-05-26,GOOGL,118.03990173339844
2021-05-27,GOOGL,117.16563415527344
2021-05-28,GOOGL,116.87653350830078
2021-06-01,GOOGL,118.08304595947266
2021-06-02,GOOGL,117.55789184570313
2021-06-03,GOOGL,116.41681671142578
2021-06-04,GOOGL,118.69746398925781
2021-06-07,GOOGL,119.13037872314453
2021-06-08,GOOGL,118.93896484375
2021-06-09,GOOGL,119.41007232666016
2021-06-10,GOOGL,120.75843048095703
2021-06-11,GOOGL,120.51395416259766
2021-06-14,GOOGL,121.44180297851563
2021-06-15,GOOGL,120.42420959472656
2021-06-16,GOOGL,119.78250122070313
2021-06-17,GOOGL,120.74554443359375
2021-06-18,GOOGL,119.12642669677734
2021-06-21,GOOGL,120.81398010253906
2021-06-22,GOOGL,121.32772064208984
2021-06-23,GOOGL,121.12590026855469
2021-06-24,GOOGL,121.49583435058594
2021-06-25,GOOGL,121.5042724609375
2021-06-28,GOOGL,121.53153991699219
2021-06-29,GOOGL,121.27019500732422
2021-06-30,GOOGL,121.08869934082031
2021-07-01,GOOGL,121.44080352783203
2021-07-02,GOOGL,124.2307357788086
2021-07-06,GOOGL,125.15559387207031
2021-07-07,GOOGL,125.43726348876953
2021-07-08,GOOGL,124.01898193359375
2021-07-09,GOOGL,124.4896011352539
2021-07-12,GOOGL,125.93464660644531
2021-07-13,GOOGL,126.29765319824219
2021-07-14,GOOGL,127.18582153320313
2021-07-15,GOOGL,125.96390533447266
2021-07-16,GOOGL,125.92919921875
2021-07-19,GOOGL,123.55680084228516
2021-07-20,GOOGL,125.1749496459961
2021-07-21,GOOGL,126.50346374511719
2021-07-22,GOOGL,127.36878967285156
2021-07-23,GOOGL,131.92465209960938
2021-07-26,GOOGL,132.93629455566406
2021-07-27,GOOGL,130.8187713623047
2021-07-28,GOOGL,134.97840881347656
2021-07-29,GOOGL,134.66452026367188
2021-07-30,GOOGL,133.6221160888672
2021-08-02,GOOGL,133.7490692138672
2021-08-03,GOOGL,134.51821899414063
2021-08-04,GOOGL,134.01785278320313
2021-08-05,GOOGL,135.13461303710938
2021-08-06,GOOGL,134.6258087158203
2021-08-09,GOOGL,135.79067993164063
2021-08-10,GOOGL,135.685546875
2021-08-11,GOOGL,135.16189575195313
2021-08-12,GOOGL,136.0693817138672
2021-08-13,GOOGL,136.59849548339844
2021-08-16,GOOGL,137.1757354736328
2021-08-17,GOOGL,135.541259765625
2021-08-18,GOOGL,134.33868408203125
2021-08-19,GOOGL,134.5677947998047
2021-08-20,GOOGL,136.30296325683594
2021-08-23,GOOGL,138.8935546875
2021-08-24,GOOGL,140.1035614013672
2021-08-25,GOOGL,140.914306640625
2021-08-26,GOOGL,140.28106689453125
2021-08-27,GOOGL,142.82354736328125
2021-08-30,GOOGL,143.40525817871094
2021-08-31,GOOGL,143.51136779785156
2021-09-01,GOOGL,144.025146484375
2021-09-02,GOOGL,142.11245727539063
2021-09-03,GOOGL,142.56121826171875
2021-09-07,GOOGL,143.09779357910156
2021-09-08,GOOGL,142.51312255859375
2021-09-09,GOOGL,142.36436462402344
2021-09-10,GOOGL,139.72119140625
2021-09-13,GOOGL,141.165771484375
2021-09-14,GOOGL,141.37600708007813
2021-09-15,GOOGL,143.24560546875
2021-09-16,GOOGL,142.43280029296875
2021-09-17,GOOGL,139.64584350585938
2021-09-20,GOOGL,137.58236694335938
2021-09-21,GOOGL,137.89334106445313
2021-09-22,GOOGL,139.13357543945313
2021-09-23,GOOGL,140.0584259033203
2021-09-24,GOOGL,141.04922485351563
2021-09-27,GOOGL,139.91558837890625
2021-09-28,GOOGL,134.71658325195313
2021-09-29,GOOGL,133.25218200683594
2021-09-30,GOOGL,132.5802459716797
2021-10-01,GOOGL,135.42372131347656
2021-10-04,GOOGL,132.56385803222656
2021-10-05,GOOGL,134.90797424316406
2021-10-06,GOOGL,136.43734741210938
2021-10-07,GOOGL,138.083740234375
2021-10-08,GOOGL,138.6396484375
2021-10-11,GOOGL,137.77529907226563
2021-10-12,GOOGL,135.33047485351563
2021-10-13,GOOGL,136.45419311523438
2021-10-14,GOOGL,139.9939422607422
2021-10-15,GOOGL,140.2091827392578
2021-10-18,GOOGL,141.60763549804688
2021-10-19,GOOGL,142.06285095214844
2021-10-20,GOOGL,140.60690307617188
2021-10-21,GOOGL,140.7229461669922
2021-10-22,GOOGL,136.4388427734375
2021-10-25,GOOGL,136.3203125
2021-10-26,GOOGL,138.16656494140625
2021-10-27,GOOGL,145.0189208984375
2021-10-28,GOOGL,144.65347290039063
2021-10-29,GOOGL,146.8324432373047
2021-11-01,GOOGL,142.32069396972656
2021-11-02,GOOGL,144.24037170410156
2021-11-03,GOOGL,145.3963165283203
2021-11-04,GOOGL,147.05210876464844
2021-11-05,GOOGL,147.63185119628906
2021-11-08,GOOGL,147.80935668945313
2021-11-09,GOOGL,147.69781494140625
2021-11-10,GOOGL,144.69754028320313
2021-11-11,GOOGL,144.57162475585938
2021-11-12,GOOGL,147.4592742919922
2021-11-15,GOOGL,147.23507690429688
2021-11-16,GOOGL,146.66383361816406
2021-11-17,GOOGL,146.8334197998047
2021-11-18,GOOGL,148.61024475097656
2021-11-19,GOOGL,147.7056884765625
2021-11-22,GOOGL,145.1027374267578
2021-11-23,GOOGL,144.58702087402344
2021-11-24,GOOGL,144.9221954345703
2021-11-26,GOOGL,141.01748657226563
2021-11-29,GOOGL,144.3375701904297
2021-11-30,GOOGL,140.73434448242188
2021-12-01,GOOGL,139.895263671875
2021-12-02,GOOGL,141.79409790039063
2021-12-03,GOOGL,140.8374786376953
2021-12-06,GOOGL,141.9815216064453
2021-12-07,GOOGL,146.06231689453125
2021-12-08,GOOGL,146.9717559814453
2021-12-09,GOOGL,146.42828369140625
2021-12-10,GOOGL,146.7882843017578
2021-12-13,GOOGL,144.63111877441406
2021-12-14,GOOGL,142.7273712158203
2021-12-15,GOOGL,145.24057006835938
2021-12-16,GOOGL,143.26095581054688
2021-12-17,GOOGL,140.56326293945313
2021-12-20,GOOGL,140.44619750976563
2021-12-21,GOOGL,142.29641723632813
2021-12-22,GOOGL,145.21481323242188
2021-12-23,GOOGL,145.71218872070313
2021-12-27,GOOGL,146.69406127929688
2021-12-28,GOOGL,145.4845733642578
2021-12-29,GOOGL,145.45285034179688
2021-12-30,GOOGL,145.00204467773438
2021-12-31,GOOGL,143.6645965576172
2022-01-03,GOOGL,143.80296325683594
2022-01-04,GOOGL,143.21583557128906
2022-01-05,GOOGL,136.6456298828125
2022-01-06,GOOGL,136.61834716796875
2022-01-07,GOOGL,135.89382934570313
2022-01-10,GOOGL,137.5327911376953
2022-01-11,GOOGL,138.59056091308594
2022-01-12,GOOGL,140.27114868164063
2022-01-13,GOOGL,137.4509735107422
2022-01-14,GOOGL,138.33714294433594
2022-01-18,GOOGL,134.88320922851563
2022-01-19,GOOGL,134.00889587402344
2022-01-20,GOOGL,132.2147216796875
2022-01-21,GOOGL,129.28297424316406
2022-01-24,GOOGL,129.73178100585938
2022-01-25,GOOGL,125.89447784423828
2022-01-26,GOOGL,128.1736297607422
2022-01-27,GOOGL,127.947509765625
2022-01-28,GOOGL,132.2578887939453
2022-01-31,GOOGL,134.1943817138672
2022-02-01,GOOGL,136.5157012939453
2022-02-02,GOOGL,146.78680419921875
2022-02-03,GOOGL,141.9170379638672
2022-02-04,GOOGL,142.11839294433594
2022-02-07,GOOGL,138.0599365234375
2022-02-08,GOOGL,138.25628662109375
2022-02-09,GOOGL,140.4313507080078
2022-02-10,GOOGL,137.48370361328125
2022-02-11,GOOGL,133.1817626953125
2022-02-14,GOOGL,134.4150390625
2022-02-15,GOOGL,135.48870849609375
2022-02-16,GOOGL,136.60894775390625
2022-02-17,GOOGL,131.45254516601563
2022-02-18,GOOGL,129.3340606689453
2022-02-22,GOOGL,128.74942016601563
2022-02-23,GOOGL,126.54212188720703
2022-02-24,GOOGL,131.60330200195313
2022-02-25,GOOGL,133.35731506347656
2022-02-28,GOOGL,133.94992065429688
2022-03-01,GOOGL,132.9625701904297
2022-03-02,GOOGL,133.46836853027344
2022-03-03,GOOGL,132.80189514160156
2022-03-04,GOOGL,130.82525634765625
2022-03-07,GOOGL,125.34254455566406
2022-03-08,GOOGL,126.06259155273438
2022-03-09,GOOGL,132.32632446289063
2022-03-10,GOOGL,131.3439483642578
2022-03-11,GOOGL,128.805908203125
2022-03-14,GOOGL,124.91854858398438
2022-03-15,GOOGL,128.13894653320313
2022-03-16,GOOGL,132.18797302246094
2022-03-17,GOOGL,132.74188232421875
2022-03-18,GOOGL,135.0096435546875
2022-03-21,GOOGL,134.98583984375
2022-03-22,GOOGL,138.72145080566406
2022-03-23,GOOGL,137.1420135498047
2022-03-24,GOOGL,140.41151428222656
2022-03-25,GOOGL,140.5116729736328
2022-03-28,GOOGL,140.29595947265625
2022-03-29,GOOGL,141.3373260498047
2022-03-30,GOOGL,140.77500915527344
2022-03-31,GOOGL,137.9275360107422
2022-04-01,GOOGL,139.0016326904297
2022-04-04,GOOGL,141.7995147705078
2022-04-05,GOOGL,139.4385528564453
2022-04-06,GOOGL,135.42868041992188
2022-04-07,GOOGL,134.7745819091797
2022-04-08,GOOGL,132.1949005126953
2022-04-11,GOOGL,127.76752471923828
2022-04-12,GOOGL,126.66758728027344
2022-04-13,GOOGL,128.8292236328125
2022-04-14,GOOGL,125.69117736816406
2022-04-18,GOOGL,126.6299057006836
2022-04-19,GOOGL,128.9432830810547
2022-04-20,GOOGL,126.99040985107422
2022-04-21,GOOGL,123.79136657714844
2022-04-22,GOOGL,118.65481567382813
2022-04-25,GOOGL,122.06514739990234
2022-04-26,GOOGL,117.67740631103516
2022-04-27,GOOGL,113.35760498046875
2022-04-28,GOOGL,117.55094146728516
2022-04-29,GOOGL,113.17411804199219
2022-05-02,GOOGL,115.62734985351563
2022-05-03,GOOGL,116.37218475341797
2022-05-04,GOOGL,121.25880432128906
2022-05-05,GOOGL,115.55046844482422
2022-05-06,GOOGL,114.79769897460938
2022-05-09,GOOGL,111.5887222290039
2022-05-10,GOOGL,113.457275390625
2022-05-11,GOOGL,112.67127990722656
2022-05-12,GOOGL,111.91899871826172
2022-05-13,GOOGL,115.09921264648438
2022-05-16,GOOGL,113.50686645507813
2022-05-17,GOOGL,115.51824188232422
2022-05-18,GOOGL,110.98223114013672
2022-05-19,GOOGL,109.47915649414063
2022-05-20,GOOGL,108.01525115966797
2022-05-23,GOOGL,110.57411193847656
2022-05-24,GOOGL,105.10133361816406
2022-05-25,GOOGL,104.93769073486328
2022-05-26,GOOGL,106.9089126586914
2022-05-27,GOOGL,111.39580535888672
2022-05-31,GOOGL,112.82947540283203
2022-06-01,GOOGL,112.9583969116211
2022-06-02,GOOGL,116.6583251953125
2022-06-03,GOOGL,113.60208129882813
2022-06-06,GOOGL,115.86288452148438
2022-06-07,GOOGL,116.1891860961914
2022-06-08,GOOGL,116.23333740234375
2022-06-09,GOOGL,113.8941650390625
2022-06-10,GOOGL,110.25027465820313
2022-06-13,GOOGL,105.52037048339844
2022-06-14,GOOGL,105.84072875976563
2022-06-15,GOOGL,108.86473083496094
2022-06-16,GOOGL,105.16432189941406
2022-06-17,GOOGL,106.26522064208984
2022-06-21,GOOGL,110.62964630126953
2022-06-22,GOOGL,110.57362365722656
2022-06-23,GOOGL,111.3219223022461
2022-06-24,GOOGL,117.00792694091797
2022-06-27,GOOGL,114.88398742675781
2022-06-28,GOOGL,111.08936309814453
2022-06-29,GOOGL,110.78587341308594
2022-06-30,GOOGL,108.06980895996094
2022-07-01,GOOGL,107.84615325927734
2022-07-05,GOOGL,112.33454132080078
2022-07-06,GOOGL,113.63282775878906
2022-07-07,GOOGL,117.80931091308594
2022-07-08,GOOGL,118.37512969970703
2022-07-11,GOOGL,114.72827911376953
2022-07-12,GOOGL,113.08584594726563
2022-07-13,GOOGL,110.44071197509766
2022-07-14,GOOGL,109.4627914428711
2022-07-15,GOOGL,110.8612289428711
2022-07-18,GOOGL,108.13624572753906
2022-07-19,GOOGL,112.87706756591797
2022-07-20,GOOGL,112.9663314819336
2022-07-21,GOOGL,113.4027328491211
2022-07-22,GOOGL,107.01551818847656
2022-07-25,GOOGL,106.62871551513672
2022-07-26,GOOGL,104.15912628173828
2022-07-27,GOOGL,112.13322448730469
2022-07-28,GOOGL,113.28372192382813
2022-07-29,GOOGL,115.36649322509766
2022-08-01,GOOGL,113.91847229003906
2022-08-02,GOOGL,114.18624877929688
2022-08-03,GOOGL,117.112060546875
2022-08-04,GOOGL,117.2211685180664
2022-08-05,GOOGL,116.50707244873047
2022-08-08,GOOGL,116.33846282958984
2022-08-09,GOOGL,115.67395782470703
2022-08-10,GOOGL,118.71878051757813
2022-08-11,GOOGL,117.8658447265625
2022-08-12,GOOGL,120.68256378173828
2022-08-15,GOOGL,121.07927703857422
2022-08-16,GOOGL,120.702392578125
2022-08-17,GOOGL,118.57003021240234
2022-08-18,GOOGL,119.18494415283203
2022-08-19,GOOGL,116.24920654296875
2022-08-22,GOOGL,113.30355072021484
2022-08-23,GOOGL,112.9266586303711
2022-08-24,GOOGL,112.758056640625
2022-08-25,GOOGL,115.69379425048828
2022-08-26,GOOGL,109.43551635742188
2022-08-29,GOOGL,108.52306365966797
2022-08-30,GOOGL,108.04700469970703
2022-08-31,GOOGL,107.33290100097656
2022-09-01,GOOGL,108.84042358398438
2022-09-02,GOOGL,106.96592712402344
2022-09-06,GOOGL,105.93446350097656
2022-09-07,GOOGL,108.55281829833984
2022-09-08,GOOGL,107.4915771484375
2022-09-09,GOOGL,109.74298095703125
2022-09-12,GOOGL,109.95125579833984
2022-09-13,GOOGL,103.4648666381836
2022-09-14,GOOGL,104.13928985595703
2022-09-15,GOOGL,102.0664291381836
2022-09-16,GOOGL,101.95732879638672
2022-09-19,GOOGL,102.22511291503906
2022-09-20,GOOGL,100.31092834472656
2022-09-21,GOOGL,98.46617889404297
2022-09-22,GOOGL,99.31914520263672
2022-09-23,GOOGL,97.93061065673828
2022-09-26,GOOGL,97.36528015136719
2022-09-27,GOOGL,96.700775146484375
2022-09-28,GOOGL,99.22986602783203
2022-09-29,GOOGL,96.621429443359375
2022-09-30,GOOGL,94.865936279296875
2022-10-03,GOOGL,97.83142852783203
2022-10-04,GOOGL,100.80683135986328
2022-10-05,GOOGL,100.59854125976563
2022-10-06,GOOGL,100.58863830566406
2022-10-07,GOOGL,97.87109375
2022-10-10,GOOGL,97.057830810546875
2022-10-11,GOOGL,96.383392333984375
2022-10-12,GOOGL,96.7602767944336
2022-10-13,GOOGL,98.24799346923828
2022-10-14,GOOGL,95.768463134765625
2022-10-17,GOOGL,99.15052032470703
2022-10-18,GOOGL,99.94395446777344
2022-10-19,GOOGL,98.81330108642578
2022-10-20,GOOGL,99.15052032470703
2022-10-21,GOOGL,100.30101776123047
2022-10-24,GOOGL,101.67959594726563
2022-10-25,GOOGL,103.6235580444336
2022-10-26,GOOGL,94.1518325805664
2022-10-27,GOOGL,91.46405029296875
2022-10-28,GOOGL,95.50067901611328
2022-10-31,GOOGL,93.73529052734375
2022-11-01,GOOGL,89.72840118408203
2022-11-02,GOOGL,86.25709533691406
2022-11-03,GOOGL,82.74610137939453
2022-11-04,GOOGL,85.87028503417969
2022-11-07,GOOGL,87.76463317871094
2022-11-08,GOOGL,88.17127990722656
2022-11-09,GOOGL,86.60423278808594
2022-11-10,GOOGL,93.1699447631836
2022-11-11,GOOGL,95.61969757080078
2022-11-14,GOOGL,94.91551208496094
2022-11-15,GOOGL,97.633056640625
2022-11-16,GOOGL,98.0396957397461
2022-11-17,GOOGL,97.55372619628906
2022-11-18,GOOGL,96.63134002685547
2022-11-21,GOOGL,94.81634521484375
2022-11-22,GOOGL,96.25446319580078
2022-11-23,GOOGL,97.65290069580078
2022-11-25,GOOGL,96.661102294921875
2022-11-28,GOOGL,95.26265716552734
2022-11-29,GOOGL,94.40971374511719
2022-11-30,GOOGL,100.16217041015625
2022-12-01,GOOGL,100.16217041015625
2022-12-02,GOOGL,99.6166763305664
2022-12-05,GOOGL,98.66454315185547
2022-12-06,GOOGL,96.185028076171875
2022-12-07,GOOGL,94.16175079345703
2022-12-08,GOOGL,92.94184112548828
2022-12-09,GOOGL,92.06904602050781
2022-12-12,GOOGL,92.54511260986328
2022-12-13,GOOGL,94.84608459472656
2022-12-14,GOOGL,94.29068756103516
2022-12-15,GOOGL,90.11519622802734
2022-12-16,GOOGL,89.5201187133789
2022-12-19,GOOGL,87.71503448486328
2022-12-20,GOOGL,88.290283203125
2022-12-21,GOOGL,88.845703125
2022-12-22,GOOGL,87.04061126708984
2022-12-23,GOOGL,88.498565673828125
2022-12-27,GOOGL,86.67362976074219
2022-12-28,GOOGL,85.31487274169922
2022-12-29,GOOGL,87.7249526977539
2022-12-30,GOOGL,87.50676727294922
2023-01-03,GOOGL,88.38948059082031
2023-01-04,GOOGL,87.35799407958984
2023-01-05,GOOGL,85.49339294433594
2023-01-06,GOOGL,86.624053955078125
2023-01-09,GOOGL,87.29847717285156
2023-01-10,GOOGL,87.69519805908203
2023-01-11,GOOGL,90.7697982788086
2023-01-12,GOOGL,90.38298034667969
2023-01-13,GOOGL,91.3648681640625
2023-01-17,GOOGL,90.54167175292969
2023-01-18,GOOGL,90.3730697631836
2023-01-19,GOOGL,92.28724670410156
2023-01-20,GOOGL,97.21650695800781
2023-01-23,GOOGL,98.97200012207031
2023-01-24,GOOGL,96.89913177490234
2023-01-25,GOOGL,94.439453125
2023-01-26,GOOGL,96.720611572265625
2023-01-27,GOOGL,98.55543518066406
2023-01-30,GOOGL,96.1453628540039
2023-01-31,GOOGL,98.02978515625
2023-02-01,GOOGL,99.60674285888672
2023-02-02,GOOGL,106.8568344116211
2023-02-03,GOOGL,103.92108917236328
2023-02-06,GOOGL,102.05650329589844
2023-02-07,GOOGL,106.75765228271484
2023-02-08,GOOGL,98.55543518066406
2023-02-09,GOOGL,94.23118591308594
2023-02-10,GOOGL,93.79478454589844
2023-02-13,GOOGL,93.83445739746094
2023-02-14,GOOGL,93.90388488769531
2023-02-15,GOOGL,96.1453628540039
2023-02-16,GOOGL,94.727081298828125
2023-02-17,GOOGL,93.57658386230469
2023-02-21,GOOGL,91.0375747680664
2023-02-22,GOOGL,90.89871978759766
2023-02-23,GOOGL,90.14495086669922
2023-02-24,GOOGL,88.39937591552734
2023-02-27,GOOGL,89.13331604003906
2023-02-28,GOOGL,89.32176208496094
2023-03-01,GOOGL,89.61930084228516
2023-03-02,GOOGL,91.245849609375
2023-03-03,GOOGL,92.88233184814453
2023-03-06,GOOGL,94.3501968383789
2023-03-07,GOOGL,93.09061431884766
2023-03-08,GOOGL,93.47740936279297
2023-03-09,GOOGL,91.563232421875
2023-03-10,GOOGL,89.88706970214844
2023-03-13,GOOGL,90.36315155029297
2023-03-14,GOOGL,93.19970703125
2023-03-15,GOOGL,95.32215881347656
2023-03-16,GOOGL,99.49764251708984
2023-03-17,GOOGL,100.78700256347656
2023-03-20,GOOGL,100.39027404785156
2023-03-21,GOOGL,104.0599365234375
2023-03-22,GOOGL,102.52264404296875
2023-03-23,GOOGL,104.73436737060547
2023-03-24,GOOGL,104.57568359375
2023-03-27,GOOGL,101.62010955810547
2023-03-28,GOOGL,100.20182800292969
2023-03-29,GOOGL,100.55888366699219
2023-03-30,GOOGL,100.06298828125
2023-03-31,GOOGL,102.87970733642578
2023-04-03,GOOGL,103.50454711914063
2023-04-04,GOOGL,103.86158752441406
2023-04-05,GOOGL,103.6136474609375
2023-04-06,GOOGL,107.53125
2023-04-10,GOOGL,105.56748962402344
2023-04-11,GOOGL,104.4864273071289
2023-04-12,GOOGL,103.78223419189453
2023-04-13,GOOGL,106.54936981201172
2023-04-14,GOOGL,107.97756958007813
2023-04-17,GOOGL,105.10133361816406
2023-04-18,GOOGL,103.64338684082031
2023-04-19,GOOGL,103.32601165771484
2023-04-20,GOOGL,104.42691802978516
2023-04-21,GOOGL,104.54593658447266
2023-04-24,GOOGL,105.10133361816406
2023-04-25,GOOGL,102.99871826171875
2023-04-26,GOOGL,102.85986328125
2023-04-27,GOOGL,106.70806121826172
2023-04-28,GOOGL,106.4601058959961
2023-05-01,GOOGL,106.32124328613281
2023-05-02,GOOGL,104.4566650390625
2023-05-03,GOOGL,104.54593658447266
2023-05-04,GOOGL,103.83183288574219
2023-05-05,GOOGL,104.7046127319336
2023-05-08,GOOGL,106.8865737915039
2023-05-09,GOOGL,106.47003173828125
2023-05-10,GOOGL,110.83395385742188
2023-05-11,GOOGL,115.61445617675781
2023-05-12,GOOGL,116.54674530029297
2023-05-15,GOOGL,115.55494689941406
2023-05-16,GOOGL,118.53035736083984
2023-05-17,GOOGL,119.84945678710938
2023-05-18,GOOGL,121.82312774658203
2023-05-19,GOOGL,121.75371551513672
2023-05-22,GOOGL,124.02494812011719
2023-05-23,GOOGL,121.55534362792969
2023-05-24,GOOGL,119.90896606445313
2023-05-25,GOOGL,122.46780395507813
2023-05-26,GOOGL,123.58853149414063
2023-05-30,GOOGL,122.65625
2023-05-31,GOOGL,121.86280822753906
2023-06-01,GOOGL,122.70584106445313
2023-06-02,GOOGL,123.64804077148438
2023-06-05,GOOGL,124.97705841064453
2023-06-06,GOOGL,126.26640319824219
2023-06-07,GOOGL,121.49583435058594
2023-06-08,GOOGL,121.13878631591797
2023-06-09,GOOGL,121.22805786132813
2023-06-12,GOOGL,122.62649536132813
2023-06-13,GOOGL,122.81493377685547
2023-06-14,GOOGL,122.65625
2023-06-15,GOOGL,124.06460571289063
2023-06-16,GOOGL,122.51740264892578
2023-06-20,GOOGL,122.0909194946289
2023-06-21,GOOGL,119.56182861328125
2023-06-22,GOOGL,122.14051055908203
2023-06-23,GOOGL,121.33714294433594
2023-06-26,GOOGL,117.36991882324219
2023-06-27,GOOGL,117.36002349853516
2023-06-28,GOOGL,119.19485473632813
2023-06-29,GOOGL,118.12371063232422
2023-06-30,GOOGL,118.71878051757813
2023-07-03,GOOGL,118.91715240478516
2023-07-05,GOOGL,120.7519760131836
2023-07-06,GOOGL,119.12543487548828
2023-07-07,GOOGL,118.5005874633789
2023-07-10,GOOGL,115.49543762207031
2023-07-11,GOOGL,116.17977142333984
2023-07-12,GOOGL,117.95509338378906
2023-07-13,GOOGL,123.51911926269531
2023-07-14,GOOGL,124.39189910888672
2023-07-17,GOOGL,123.62821197509766
2023-07-18,GOOGL,122.7455062866211
2023-07-19,GOOGL,121.0296859741211
2023-07-20,GOOGL,118.2228775024414
2023-07-21,GOOGL,119.0361557006836
2023-07-24,GOOGL,120.5337905883789
2023-07-25,GOOGL,121.20821380615234
2023-07-26,GOOGL,128.21034240722656
2023-07-27,GOOGL,128.3392791748047
2023-07-28,GOOGL,131.49319458007813
2023-07-31,GOOGL,131.63206481933594
2023-08-01,GOOGL,130.47166442871094
2023-08-02,GOOGL,127.32764434814453
2023-08-03,GOOGL,127.3970718383789
2023-08-04,GOOGL,127.05985260009766
2023-08-07,GOOGL,130.45181274414063
2023-08-08,GOOGL,130.3228759765625
2023-08-09,GOOGL,128.59715270996094
2023-08-10,GOOGL,128.6269073486328
2023-08-11,GOOGL,128.49798583984375
2023-08-14,GOOGL,130.2534637451172
2023-08-15,GOOGL,128.71615600585938
2023-08-16,GOOGL,127.64500427246094
2023-08-17,GOOGL,128.8550262451172
2023-08-18,GOOGL,126.4151840209961
2023-08-21,GOOGL,127.31771087646484
2023-08-22,GOOGL,128.02191162109375
2023-08-23,GOOGL,131.28492736816406
2023-08-24,GOOGL,128.71615600585938
2023-08-25,GOOGL,128.8153533935547
2023-08-28,GOOGL,129.93606567382813
2023-08-29,GOOGL,133.46690368652344
2023-08-30,GOOGL,134.76617431640625
2023-08-31,GOOGL,135.0537872314453
2023-09-01,GOOGL,134.54794311523438
2023-09-05,GOOGL,134.65707397460938
2023-09-06,GOOGL,133.35781860351563
2023-09-07,GOOGL,134.15121459960938
2023-09-08,GOOGL,135.26206970214844
2023-09-11,GOOGL,135.7976531982422
2023-09-12,GOOGL,134.23056030273438
2023-09-13,GOOGL,135.58937072753906
2023-09-14,GOOGL,136.96798706054688
2023-09-15,GOOGL,136.273681640625
2023-09-18,GOOGL,137.07705688476563
2023-09-19,GOOGL,136.908447265625
2023-09-20,GOOGL,132.6437225341797
2023-09-21,GOOGL,129.37075805664063
2023-09-22,GOOGL,129.1822967529297
2023-09-25,GOOGL,130.03526306152344
2023-09-26,GOOGL,127.5160903930664
2023-09-27,GOOGL,129.4699249267578
2023-09-28,GOOGL,131.22543334960938
2023-09-29,GOOGL,129.7873077392578
2023-10-02,GOOGL,133.0701904296875
2023-10-03,GOOGL,131.3444366455078
2023-10-04,GOOGL,134.1314239501953
2023-10-05,GOOGL,133.9628143310547
2023-10-06,GOOGL,136.45223999023438
2023-10-09,GOOGL,137.2853546142578
2023-10-10,GOOGL,136.9282989501953
2023-10-11,GOOGL,139.39785766601563
2023-10-12,GOOGL,137.830810546875
2023-10-13,GOOGL,136.23402404785156
2023-10-16,GOOGL,137.9597930908203
2023-10-17,GOOGL,138.57467651367188
2023-10-18,GOOGL,136.82911682128906
2023-10-19,GOOGL,136.62083435058594
2023-10-20,GOOGL,134.48846435546875
2023-10-23,GOOGL,135.38107299804688
2023-10-24,GOOGL,137.672119140625
2023-10-25,GOOGL,124.58033752441406
2023-10-26,GOOGL,121.27764129638672
2023-10-27,GOOGL,121.16854858398438
2023-10-30,GOOGL,123.43978118896484
2023-10-31,GOOGL,123.06289672851563
2023-11-01,GOOGL,125.41346740722656
2023-11-02,GOOGL,126.44493103027344
2023-11-03,GOOGL,128.041748046875
2023-11-06,GOOGL,129.1822967529297
2023-11-07,GOOGL,129.8964080810547
2023-11-08,GOOGL,130.75927734375
2023-11-09,GOOGL,129.1724090576172
2023-11-10,GOOGL,131.50314331054688
2023-11-13,GOOGL,131.00721740722656
2023-11-14,GOOGL,132.52467346191406
2023-11-15,GOOGL,133.51646423339844
2023-11-16,GOOGL,135.8075408935547
2023-11-17,GOOGL,134.20083618164063
2023-11-20,GOOGL,135.1331329345703
2023-11-21,GOOGL,135.8472442626953
2023-11-22,GOOGL,137.35476684570313
2023-11-24,GOOGL,135.5695037841797
2023-11-27,GOOGL,135.2917938232422
2023-11-28,GOOGL,136.0753173828125
2023-11-29,GOOGL,133.8834686279297
2023-11-30,GOOGL,131.44361877441406
2023-12-01,GOOGL,130.77911376953125
2023-12-04,GOOGL,128.21034240722656
2023-12-05,GOOGL,129.916259765625
2023-12-06,GOOGL,128.95419311523438
2023-12-07,GOOGL,135.8075408935547
2023-12-08,GOOGL,133.8834686279297
2023-12-11,GOOGL,132.19737243652344
2023-12-12,GOOGL,131.43373107910156
2023-12-13,GOOGL,131.48329162597656
2023-12-14,GOOGL,130.8584442138672
2023-12-15,GOOGL,131.51307678222656
2023-12-18,GOOGL,134.6868133544922
2023-12-19,GOOGL,135.52981567382813
2023-12-20,GOOGL,137.20599365234375
2023-12-21,GOOGL,139.26895141601563
2023-12-22,GOOGL,140.33016967773438
2023-12-26,GOOGL,140.3599090576172
2023-12-27,GOOGL,139.2193603515625
2023-12-28,GOOGL,139.08050537109375
2023-12-29,GOOGL,138.54493713378906
2024-01-02,GOOGL,137.03738403320313
2024-01-03,GOOGL,137.78123474121094
2024-01-04,GOOGL,135.27198791503906
2024-01-05,GOOGL,134.61737060546875
2024-01-08,GOOGL,137.70188903808594
2024-01-09,GOOGL,139.79458618164063
2024-01-10,GOOGL,141.1136932373047
2024-01-11,GOOGL,140.91531372070313
2024-01-12,GOOGL,141.48065185546875
2024-01-16,GOOGL,141.3219451904297
2024-01-17,GOOGL,140.31033325195313
2024-01-18,GOOGL,142.30386352539063
2024-01-19,GOOGL,145.1800994873047
2024-01-22,GOOGL,144.79327392578125
2024-01-23,GOOGL,145.8346710205078
2024-01-24,GOOGL,147.4810791015625
2024-01-25,GOOGL,150.6250762939453
2024-01-26,GOOGL,150.94244384765625
2024-01-29,GOOGL,152.25160217285156
2024-01-30,GOOGL,150.21844482421875
2024-01-31,GOOGL,138.95155334472656
2024-02-01,GOOGL,140.0028839111328
2024-02-02,GOOGL,141.21290588378906
2024-02-05,GOOGL,142.50221252441406
2024-02-06,GOOGL,142.9187774658203
2024-02-07,GOOGL,144.3469696044922
2024-02-08,GOOGL,144.71392822265625
2024-02-09,GOOGL,147.7786102294922
2024-02-12,GOOGL,146.32064819335938
2024-02-13,GOOGL,143.95025634765625
2024-02-14,GOOGL,144.7436981201172
2024-02-15,GOOGL,141.5996856689453
2024-02-16,GOOGL,139.36814880371094
2024-02-20,GOOGL,139.9632110595703
2024-02-21,GOOGL,141.38148498535156
2024-02-22,GOOGL,142.9088592529297
2024-02-23,GOOGL,142.77992248535156
2024-02-26,GOOGL,136.44232177734375
2024-02-27,GOOGL,137.74156188964844
2024-02-28,GOOGL,135.26206970214844
2024-02-29,GOOGL,137.32501220703125
2024-03-01,GOOGL,136.01583862304688
2024-03-04,GOOGL,132.2569122314453
2024-03-05,GOOGL,131.58248901367188
2024-03-06,GOOGL,130.3228759765625
2024-03-07,GOOGL,133.27845764160156
2024-03-08,GOOGL,134.3000030517578
2024-03-11,GOOGL,136.54148864746094
2024-03-12,GOOGL,137.3646697998047
2024-03-13,GOOGL,138.6441192626953
2024-03-14,GOOGL,141.92701721191406
2024-03-15,GOOGL,140.02272033691406
2024-03-18,GOOGL,146.4694061279297
2024-03-19,GOOGL,145.82476806640625
2024-03-20,GOOGL,147.52073669433594
2024-03-21,GOOGL,146.3900909423828
2024-03-22,GOOGL,149.53411865234375
2024-03-25,GOOGL,148.83985900878906
2024-03-26,GOOGL,149.43490600585938
2024-03-27,GOOGL,149.63328552246094
2024-03-28,GOOGL,149.69277954101563
2024-04-01,GOOGL,154.2154083251953
2024-04-02,GOOGL,153.29306030273438
2024-04-03,GOOGL,153.6500701904297
2024-04-04,GOOGL,149.2960662841797
2024-04-05,GOOGL,151.24990844726563
2024-04-08,GOOGL,153.58067321777344
2024-04-09,GOOGL,155.3163299560547
2024-04-10,GOOGL,154.86007690429688
2024-04-11,GOOGL,158.103271484375
2024-04-12,GOOGL,156.43704223632813
2024-04-15,GOOGL,153.590576171875
2024-04-16,GOOGL,153.1343231201172
2024-04-17,GOOGL,154.1956024169922
2024-04-18,GOOGL,154.73114013671875
2024-04-19,GOOGL,152.826904296875
2024-04-22,GOOGL,154.9989471435547
2024-04-23,GOOGL,156.9626922607422
2024-04-24,GOOGL,157.82557678222656
2024-04-25,GOOGL,154.72122192382813
2024-04-26,GOOGL,170.54046630859375
2024-04-29,GOOGL,164.7880096435547
2024-04-30,GOOGL,161.44564819335938
2024-05-01,GOOGL,162.5167999267578
2024-05-02,GOOGL,165.25416564941406
2024-05-03,GOOGL,165.8690948486328
2024-05-06,GOOGL,166.72206115722656
2024-05-07,GOOGL,169.8462371826172
2024-05-08,GOOGL,167.99156188964844
2024-05-09,GOOGL,168.56680297851563
2024-05-10,GOOGL,167.2675323486328
2024-05-13,GOOGL,167.75350952148438
2024-05-14,GOOGL,168.9436798095703
2024-05-15,GOOGL,171.09588623046875
2024-05-16,GOOGL,172.752197265625
2024-05-17,GOOGL,174.61679077148438
2024-05-20,GOOGL,175.46974182128906
2024-05-21,GOOGL,176.39212036132813
2024-05-22,GOOGL,174.93418884277344
2024-05-23,GOOGL,172.1273651123047
2024-05-24,GOOGL,173.55555725097656
2024-05-28,GOOGL,174.95401000976563
2024-05-29,GOOGL,174.45809936523438
2024-05-30,GOOGL,170.69915771484375
2024-05-31,GOOGL,171.08596801757813
2024-06-03,GOOGL,171.75045776367188
2024-06-04,GOOGL,172.3654022216797
2024-06-05,GOOGL,173.97213745117188
2024-06-06,GOOGL,175.2812957763672
2024-06-07,GOOGL,173.02992248535156
2024-06-10,GOOGL,173.7746124267578
2024-06-11,GOOGL,175.3732452392578
2024-06-12,GOOGL,176.5349884033203
2024-06-13,GOOGL,173.9235382080078
2024-06-14,GOOGL,175.5420379638672
2024-06-17,GOOGL,175.98887634277344
2024-06-18,GOOGL,173.85403442382813
2024-06-20,GOOGL,175.05552673339844
2024-06-21,GOOGL,178.36199951171875
2024-06-24,GOOGL,177.9548797607422
2024-06-25,GOOGL,182.73094177246094
2024-06-26,GOOGL,182.58200073242188
2024-06-27,GOOGL,184.1011962890625
2024-06-28,GOOGL,180.86422729492188
2024-07-01,GOOGL,181.6982879638672
2024-07-02,GOOGL,183.93240356445313
2024-07-03,GOOGL,184.50831604003906
2024-07-05,GOOGL,189.2545623779297
2024-07-08,GOOGL,187.6956329345703
2024-07-09,GOOGL,187.64599609375
2024-07-10,GOOGL,189.83045959472656
2024-07-11,GOOGL,184.26007080078125
2024-07-12,GOOGL,183.76361083984375
2024-07-15,GOOGL,185.21328735351563
2024-07-16,GOOGL,182.62168884277344
2024-07-17,GOOGL,179.7421875
2024-07-18,GOOGL,176.43569946289063
2024-07-19,GOOGL,176.40589904785156
2024-07-22,GOOGL,180.3876190185547
2024-07-23,GOOGL,180.50674438476563
2024-07-24,GOOGL,171.41140747070313
2024-07-25,GOOGL,166.0991668701172
2024-07-26,GOOGL,165.82115173339844
2024-07-29,GOOGL,168.33331298828125
2024-07-30,GOOGL,169.0879364013672
2024-07-31,GOOGL,170.3291015625
2024-08-01,GOOGL,169.55462646484375
2024-08-02,GOOGL,165.4835662841797
2024-08-05,GOOGL,158.12586975097656
2024-08-06,GOOGL,157.17262268066406
2024-08-07,GOOGL,157.8180389404297
2024-08-08,GOOGL,160.88623046875
2024-08-09,GOOGL,162.51466369628906
2024-08-12,GOOGL,161.14439392089844
2024-08-13,GOOGL,163.00119018554688
2024-08-14,GOOGL,159.23794555664063
2024-08-15,GOOGL,160.16139221191406
2024-08-16,GOOGL,161.80967712402344
2024-08-19,GOOGL,165.49346923828125
2024-08-20,GOOGL,165.99989318847656
2024-08-21,GOOGL,164.6792755126953
2024-08-22,GOOGL,162.6437530517578
2024-08-23,GOOGL,164.4508819580078
2024-08-26,GOOGL,164.98707580566406
2024-08-27,GOOGL,163.5175018310547
2024-08-28,GOOGL,161.70045471191406
2024-08-29,GOOGL,160.6380157470703
2024-08-30,GOOGL,162.2267303466797
2024-09-03,GOOGL,156.2492218017578
2024-09-04,GOOGL,155.3456268310547
2024-09-05,GOOGL,156.13006591796875
2024-09-06,GOOGL,149.85467529296875
2024-09-09,GOOGL,147.856201171875
2024-09-10,GOOGL,147.80648803710938
2024-09-11,GOOGL,150.29214477539063
2024-09-12,GOOGL,153.8018798828125
2024-09-13,GOOGL,156.55596923828125
2024-09-16,GOOGL,157.1525115966797
2024-09-17,GOOGL,158.40528869628906
2024-09-18,GOOGL,158.89247131347656
2024-09-19,GOOGL,161.2091064453125
2024-09-20,GOOGL,162.65077209472656
2024-09-23,GOOGL,160.9207763671875
2024-09-24,GOOGL,161.3582305908203
2024-09-25,GOOGL,160.56283569335938
2024-09-26,GOOGL,161.7957000732422
2024-09-27,GOOGL,163.0087127685547
2024-09-30,GOOGL,164.89779663085938
2024-10-01,GOOGL,166.03125
2024-10-02,GOOGL,164.90774536132813
2024-10-03,GOOGL,164.90774536132813
2024-10-04,GOOGL,166.10086059570313
2024-10-07,GOOGL,162.0442657470703
2024-10-08,GOOGL,163.43624877929688
2024-10-09,GOOGL,160.9307098388672
2024-10-10,GOOGL,161.14944458007813
2024-10-11,GOOGL,162.30276489257813
2024-10-14,GOOGL,164.01290893554688
2024-10-15,GOOGL,164.51004028320313
2024-10-16,GOOGL,164.21176147460938
2024-10-17,GOOGL,161.9945526123047
2024-10-18,GOOGL,162.48175048828125
2024-10-21,GOOGL,163.12802124023438
2024-10-22,GOOGL,164.19186401367188
2024-10-23,GOOGL,161.84542846679688
2024-10-24,GOOGL,161.7857666015625
2024-10-25,GOOGL,164.3211212158203
2024-10-28,GOOGL,165.76278686523438
2024-10-29,GOOGL,168.70579528808594
2024-10-30,GOOGL,173.45834350585938
2024-10-31,GOOGL,170.12757873535156
2024-11-01,GOOGL,170.3065643310547
2024-11-04,GOOGL,168.26834106445313
2024-11-05,GOOGL,168.7654571533203
2024-11-06,GOOGL,175.49658203125
2024-11-07,GOOGL,179.71226501464844
2024-11-08,GOOGL,177.32601928710938
2024-11-11,GOOGL,179.31454467773438
2024-11-12,GOOGL,180.57723999023438
2024-11-13,GOOGL,177.85299682617188
2024-11-14,GOOGL,174.57192993164063
2024-11-15,GOOGL,171.4996795654297
2024-11-18,GOOGL,174.2935333251953
2024-11-19,GOOGL,177.0973358154297
2024-11-20,GOOGL,174.96961975097656
2024-11-21,GOOGL,166.66757202148438
2024-11-22,GOOGL,163.81405639648438
2024-11-25,GOOGL,166.6874542236328
2024-11-26,GOOGL,168.14901733398438
2024-11-27,GOOGL,168.2583770751953
2024-11-29,GOOGL,167.97999572753906
2024-12-02,GOOGL,170.50543212890625
2024-12-03,GOOGL,170.3562774658203
2024-12-04,GOOGL,173.36888122558594
2024-12-05,GOOGL,171.64881896972656
2024-12-06,GOOGL,173.70693969726563
2024-12-09,GOOGL,174.56297302246094
2024-12-10,GOOGL,184.31787109375
2024-12-11,GOOGL,194.50079345703125
2024-12-12,GOOGL,191.07662963867188
2024-12-13,GOOGL,188.94647216796875
2024-12-16,GOOGL,195.75498962402344
2024-12-17,GOOGL,194.52069091796875
2024-12-18,GOOGL,187.5330047607422
2024-12-19,GOOGL,187.6425018310547
2024-12-20,GOOGL,190.52914428710938
2024-12-23,GOOGL,193.73434448242188
2024-12-24,GOOGL,195.20751953125
2024-12-26,GOOGL,194.69989013671875
2024-12-27,GOOGL,191.8729248046875
2024-12-30,GOOGL,190.35995483398438
2024-12-31,GOOGL,188.42884826660156
2025-01-02,GOOGL,188.5582733154297
2025-01-03,GOOGL,190.9073944091797
2025-01-06,GOOGL,195.96400451660156
2025-01-07,GOOGL,194.59039306640625
2025-01-08,GOOGL,193.05746459960938
2025-01-10,GOOGL,191.15625
2025-01-13,GOOGL,190.13099670410156
2025-01-14,GOOGL,188.78721618652344
2025-01-15,GOOGL,194.65011596679688
2025-01-16,GOOGL,192.02224731445313
2025-01-17,GOOGL,195.09803771972656
2025-01-21,GOOGL,197.1385955810547
2025-01-22,GOOGL,197.45712280273438
2025-01-23,GOOGL,197.0689239501953
2025-01-24,GOOGL,199.28866577148438
2025-01-27,GOOGL,190.92730712890625
2025-01-28,GOOGL,194.40126037597656
2025-01-29,GOOGL,194.51075744628906
2025-01-30,GOOGL,199.9456329345703
2025-01-31,GOOGL,203.0811309814453
2025-02-03,GOOGL,200.303955078125
2025-02-04,GOOGL,205.43026733398438
2025-02-05,GOOGL,190.44952392578125
2025-02-06,GOOGL,190.71827697753906
2025-02-07,GOOGL,184.48707580566406
2025-02-10,GOOGL,185.61187744140625
2025-02-11,GOOGL,184.46717834472656
2025-02-12,GOOGL,182.76504516601563
2025-02-13,GOOGL,185.2834014892578
2025-02-14,GOOGL,184.37757873535156
2025-02-18,GOOGL,182.92430114746094
2025-02-19,GOOGL,184.41741943359375
2025-02-20,GOOGL,183.71067810058594
2025-02-21,GOOGL,178.83322143554688
2025-02-24,GOOGL,178.42510986328125
2025-02-25,GOOGL,174.6127471923828
2025-02-26,GOOGL,171.9351043701172
2025-02-27,GOOGL,167.72457885742188
2025-02-28,GOOGL,169.4963836669922
2025-03-03,GOOGL,166.24143981933594
2025-03-04,GOOGL,170.13345336914063
2025-03-05,GOOGL,172.2238006591797
2025-03-06,GOOGL,171.556884765625
2025-03-07,GOOGL,173.05990600585938
2025-03-10,GOOGL,165.2968292236328
2025-03-11,GOOGL,163.47314453125
2025-03-12,GOOGL,166.53256225585938
2025-03-13,GOOGL,162.19757080078125
2025-03-14,GOOGL,164.91815185546875
2025-03-17,GOOGL,163.72230529785156
2025-03-18,GOOGL,160.11480712890625
2025-03-19,GOOGL,163.3236846923828
2025-03-20,GOOGL,162.23744201660156
2025-03-21,GOOGL,163.42333984375
2025-03-24,GOOGL,167.1005859375
2025-03-25,GOOGL,169.97064208984375
2025-03-26,GOOGL,164.48963928222656
2025-03-27,GOOGL,161.67938232421875
2025-03-28,GOOGL,153.7967071533203
2025-03-31,GOOGL,154.10565185546875
2025-04-01,GOOGL,156.5272674560547
2025-04-02,GOOGL,156.49732971191406
2025-04-03,GOOGL,150.1991729736328
2025-04-04,GOOGL,145.09689331054688
2025-04-07,GOOGL,146.242919921875
2025-04-08,GOOGL,144.19998168945313
2025-04-09,GOOGL,158.16160583496094
2025-04-10,GOOGL,152.2919464111328
2025-04-11,GOOGL,156.5970001220703
2025-04-14,GOOGL,158.5203399658203
2025-04-15,GOOGL,155.76986694335938
2025-04-16,GOOGL,152.80018615722656
2025-04-17,GOOGL,150.63766479492188
2025-04-21,GOOGL,147.15972900390625
2025-04-22,GOOGL,150.9466094970703
2025-04-23,GOOGL,154.8131866455078
2025-04-24,GOOGL,158.7296142578125
2025-04-25,GOOGL,161.4003448486328
2025-04-28,GOOGL,160.0550079345703
2025-04-29,GOOGL,159.60658264160156
2025-04-30,GOOGL,158.2512664794922
2025-05-01,GOOGL,160.7426300048828
2025-05-02,GOOGL,163.4632110595703
2025-05-05,GOOGL,163.642578125
2025-05-06,GOOGL,162.6659698486328
2025-05-07,GOOGL,150.85691833496094
2025-05-08,GOOGL,153.7468719482422
2025-05-09,GOOGL,152.22219848632813
2025-05-12,GOOGL,157.91246032714844
2025-05-13,GOOGL,158.978759765625
2025-05-14,GOOGL,164.79855346679688
2025-05-15,GOOGL,163.39344787597656
2025-05-16,GOOGL,165.61572265625
2025-05-19,GOOGL,165.96450805664063
2025-05-20,GOOGL,163.41336059570313
2025-05-21,GOOGL,167.9775390625
2025-05-22,GOOGL,170.279541015625
2025-05-23,GOOGL,167.8878631591797
2025-05-27,GOOGL,172.30255126953125
2025-05-28,GOOGL,171.76441955566406
2025-05-29,GOOGL,171.26614379882813
2025-05-30,GOOGL,171.14654541015625
2025-06-02,GOOGL,168.4459228515625
2025-06-03,GOOGL,165.6057586669922
2025-06-04,GOOGL,167.4693145751953
2025-06-05,GOOGL,167.62876892089844
2025-06-06,GOOGL,173.07984924316406
2025-06-09,GOOGL,175.69395446777344
2025-06-10,GOOGL,178.19833374023438
2025-06-11,GOOGL,176.9511260986328
2025-06-12,GOOGL,175.30484008789063
2025-06-13,GOOGL,174.27716064453125
2025-06-16,GOOGL,176.3724365234375
2025-06-17,GOOGL,175.5542755126953
2025-06-18,GOOGL,172.93020629882813
2025-06-20,GOOGL,166.26522827148438
2025-06-23,GOOGL,164.8184814453125
2025-06-24,GOOGL,166.3949432373047
2025-06-25,GOOGL,170.29612731933594
2025-06-26,GOOGL,173.14968872070313
2025-06-27,GOOGL,178.12847900390625
2025-06-30,GOOGL,175.83364868164063
2025-07-01,GOOGL,175.44451904296875
2025-07-02,GOOGL,178.23822021484375
2025-07-03,GOOGL,179.126220703125
2025-07-07,GOOGL,176.3923797607422
2025-07-08,GOOGL,173.9678497314453
2025-07-09,GOOGL,176.2227783203125
2025-07-10,GOOGL,177.22052001953125
2025-07-11,GOOGL,179.7847442626953
2025-07-14,GOOGL,181.15164184570313
2025-07-15,GOOGL,181.59068298339844
2025-07-16,GOOGL,182.55848693847656
2025-07-17,GOOGL,183.1671142578125
2025-07-18,GOOGL,184.64378356933594
2025-07-21,GOOGL,189.67245483398438
2025-07-22,GOOGL,190.90966796875
2025-07-23,GOOGL,189.8021697998047
2025-07-24,GOOGL,191.73780822753906
2025-07-25,GOOGL,192.74551391601563
2025-07-28,GOOGL,192.14688110351563
2025-07-29,GOOGL,195.3097381591797
2025-07-30,GOOGL,196.08799743652344
2025-07-31,GOOGL,191.46839904785156
2025-08-01,GOOGL,188.70465087890625
2025-08-04,GOOGL,194.60133361816406
2025-08-05,GOOGL,194.232177734375
2025-08-06,GOOGL,195.6489715576172
2025-08-07,GOOGL,196.07801818847656
2025-08-08,GOOGL,200.9669952392578
2025-08-11,GOOGL,200.54794311523438
2025-08-12,GOOGL,202.88267517089844
2025-08-13,GOOGL,201.50579833984375
2025-08-14,GOOGL,202.48358154296875
2025-08-15,GOOGL,203.44140625
2025-08-18,GOOGL,203.04232788085938
2025-08-19,GOOGL,201.11668395996094
2025-08-20,GOOGL,198.87171936035156
2025-08-21,GOOGL,199.3007354736328
2025-08-22,GOOGL,205.62648010253906
2025-08-25,GOOGL,208.02110290527344
2025-08-26,GOOGL,206.6741180419922
2025-08-27,GOOGL,207.0133514404297
2025-08-28,GOOGL,211.1640167236328
2025-08-29,GOOGL,212.43115234375
2025-09-02,GOOGL,210.87466430664063
2025-09-03,GOOGL,230.1412353515625
2025-09-04,GOOGL,231.7775421142578
2025-09-05,GOOGL,234.4714813232422
2025-09-08,GOOGL,233.72247314453125
2025-09-09,GOOGL,239.30491638183594
2025-09-10,GOOGL,238.84552001953125
2025-09-11,GOOGL,240.0438995361328
2025-09-12,GOOGL,240.4733123779297
2025-09-15,GOOGL,251.26864624023438
2025-09-16,GOOGL,250.8192596435547
2025-09-17,GOOGL,249.19146728515625
2025-09-18,GOOGL,251.68807983398438
2025-09-19,GOOGL,254.3744354248047
2025-09-22,GOOGL,252.18739318847656
2025-09-23,GOOGL,251.31858825683594
2025-09-24,GOOGL,246.80470275878906
2025-09-25,GOOGL,245.45654296875
2025-09-26,GOOGL,246.2055206298828
2025-09-29,GOOGL,243.71890258789063
2025-09-30,GOOGL,242.77020263671875
2025-10-01,GOOGL,244.5677490234375
2025-10-02,GOOGL,245.35667419433594
2025-10-03,GOOGL,245.01715087890625
2025-10-06,GOOGL,250.09024047851563
2025-10-07,GOOGL,245.42657470703125
2025-10-08,GOOGL,244.2881317138672
2025-10-09,GOOGL,241.2023162841797
2025-10-10,GOOGL,236.2490692138672
2025-10-13,GOOGL,243.81875610351563
2025-10-14,GOOGL,245.1169891357422
2025-10-15,GOOGL,250.68942260742188
2025-10-16,GOOGL,251.1188507080078
2025-10-17,GOOGL,252.9563446044922
2025-10-20,GOOGL,256.2019348144531
2025-10-21,GOOGL,250.12020874023438
2025-10-22,GOOGL,251.34854125976563
2025-10-23,GOOGL,252.73666381835938
2025-10-24,GOOGL,259.5673828125
2025-10-27,GOOGL,268.9046630859375
2025-10-28,GOOGL,267.1071472167969
2025-10-29,GOOGL,274.197509765625
2025-10-30,GOOGL,281.09814453125
2025-10-31,GOOGL,280.8085021972656
2025-11-03,GOOGL,283.3350830078125
2025-11-04,GOOGL,277.1634521484375
2025-11-05,GOOGL,283.92425537109375
2025-11-06,GOOGL,284.3636779785156
2025-11-07,GOOGL,278.45172119140625
2025-11-10,GOOGL,289.7064208984375
2025-11-11,GOOGL,290.914794921875
2025-11-12,GOOGL,286.3210144042969
2025-11-13,GOOGL,278.19207763671875
2025-11-14,GOOGL,276.0350036621094
2025-11-17,GOOGL,284.63330078125
2025-11-18,GOOGL,283.8943176269531
2025-11-19,GOOGL,292.4127502441406
2025-11-20,GOOGL,289.05731201171875
2025-11-21,GOOGL,299.25347900390625
2025-11-24,GOOGL,318.14776611328125
2025-11-25,GOOGL,323.0011901855469
2025-11-26,GOOGL,319.5159606933594
2025-11-28,GOOGL,319.7456359863281
2025-12-01,GOOGL,314.46282958984375
2025-12-02,GOOGL,315.38153076171875
2025-12-03,GOOGL,319.19635009765625
2025-12-04,GOOGL,317.1890869140625
2025-12-05,GOOGL,320.8341064453125
2025-12-08,GOOGL,313.49932861328125
2025-12-09,GOOGL,316.85693359375
2025-12-10,GOOGL,319.9847412109375
2025-12-11,GOOGL,312.210205078125
2025-12-12,GOOGL,309.07244873046875
2025-12-15,GOOGL,308.003173828125
2025-12-16,GOOGL,306.3543395996094
2025-12-17,GOOGL,296.5112609863281
2025-12-18,GOOGL,302.2472229003906
2025-12-19,GOOGL,306.9439392089844
2025-12-22,GOOGL,309.56207275390625
2025-12-23,GOOGL,314.1288757324219
2025-12-24,GOOGL,313.8690490722656
2025-12-26,GOOGL,313.2894592285156
2025-12-29,GOOGL,313.33941650390625
2025-12-30,GOOGL,313.6292419433594
2017-01-03,GOOG,38.98691940307617
2017-01-04,GOOG,39.02460861206055
2017-01-05,GOOG,39.37771224975586
2017-01-06,GOOG,39.979270935058594
2017-01-09,GOOG,40.00407409667969
2017-01-10,GOOG,39.91182327270508
2017-01-11,GOOG,40.06655502319336
2017-01-12,GOOG,39.98968505859375
2017-01-13,GOOG,40.065067291259766
2017-01-17,GOOG,39.90290069580078
2017-01-18,GOOG,39.975303649902344
2017-01-19,GOOG,39.78213882446289
2017-01-20,GOOG,39.92323303222656
2017-01-23,GOOG,40.63191223144531
2017-01-24,GOOG,40.85805892944336
2017-01-25,GOOG,41.443260192871094
2017-01-26,GOOG,41.26868438720703
2017-01-27,GOOG,40.830284118652344
2017-01-30,GOOG,39.789337158203125
2017-01-31,GOOG,39.51508331298828
2017-02-01,GOOG,39.460784912109375
2017-02-02,GOOG,39.60137939453125
2017-02-03,GOOG,39.7481689453125
2017-02-06,GOOG,39.74073028564453
2017-02-07,GOOG,40.01993942260742
2017-02-08,GOOG,40.08986282348633
2017-02-09,GOOG,40.14838409423828
2017-02-10,GOOG,40.352210998535156
2017-02-13,GOOG,40.628448486328125
2017-02-14,GOOG,40.68844985961914
2017-02-15,GOOG,40.61555099487305
2017-02-16,GOOG,40.872440338134766
2017-02-17,GOOG,41.066349029541016
2017-02-21,GOOG,41.244384765625
2017-02-22,GOOG,41.19975280761719
2017-02-23,GOOG,41.228023529052734
2017-02-24,GOOG,41.0946159362793
2017-02-27,GOOG,41.12635803222656
2017-02-28,GOOG,40.82532501220703
2017-03-01,GOOG,41.42192840576172
2017-03-02,GOOG,41.19330978393555
2017-03-03,GOOG,41.116432189941406
2017-03-06,GOOG,41.05196762084961
2017-03-07,GOOG,41.25679016113281
2017-03-08,GOOG,41.428375244140625
2017-03-09,GOOG,41.592525482177734
2017-03-10,GOOG,41.81916427612305
2017-03-13,GOOG,41.9327392578125
2017-03-14,GOOG,41.936702728271484
2017-03-15,GOOG,42.01506423950195
2017-03-16,GOOG,42.09341049194336
2017-03-17,GOOG,42.259056091308594
2017-03-20,GOOG,42.07456970214844
2017-03-21,GOOG,41.184871673583984
2017-03-22,GOOG,41.141727447509766
2017-03-23,GOOG,40.54612350463867
2017-03-24,GOOG,40.3899040222168
2017-03-27,GOOG,40.64183044433594
2017-03-28,GOOG,40.71175765991211
2017-03-29,GOOG,41.23198699951172
2017-03-30,GOOG,41.2364501953125
2017-03-31,GOOG,41.14024353027344
2017-04-03,GOOG,41.58607864379883
2017-04-04,GOOG,41.38869857788086
2017-04-05,GOOG,41.23198699951172
2017-04-06,GOOG,41.05692672729492
2017-04-07,GOOG,40.89773178100586
2017-04-10,GOOG,40.90070343017578
2017-04-11,GOOG,40.832271575927734
2017-04-12,GOOG,40.880374908447266
2017-04-13,GOOG,40.842689514160156
2017-04-17,GOOG,41.517642974853516
2017-04-18,GOOG,41.500282287597656
2017-04-19,GOOG,41.569217681884766
2017-04-20,GOOG,41.73981857299805
2017-04-21,GOOG,41.81619644165039
2017-04-24,GOOG,42.78672409057617
2017-04-25,GOOG,43.25984191894531
2017-04-26,GOOG,43.23157501220703
2017-04-27,GOOG,43.356544494628906
2017-04-28,GOOG,44.929134368896484
2017-05-01,GOOG,45.25694274902344
2017-05-02,GOOG,45.44887161254883
2017-05-03,GOOG,45.974552154541016
2017-05-04,GOOG,46.20366668701172
2017-05-05,GOOG,45.9790153503418
2017-05-08,GOOG,46.3345947265625
2017-05-09,GOOG,46.22896957397461
2017-05-10,GOOG,46.06084442138672
2017-05-11,GOOG,46.151100158691406
2017-05-12,GOOG,46.23143768310547
2017-05-15,GOOG,46.47246551513672
2017-05-16,GOOG,46.766056060791016
2017-05-17,GOOG,45.606571197509766
2017-05-18,GOOG,46.13324737548828
2017-05-19,GOOG,46.320213317871094
2017-05-22,GOOG,46.709510803222656
2017-05-23,GOOG,47.054683685302734
2017-05-24,GOOG,47.359188079833984
2017-05-25,GOOG,48.082244873046875
2017-05-26,GOOG,48.1779670715332
2017-05-30,GOOG,48.396663665771484
2017-05-31,GOOG,47.85015106201172
2017-06-01,GOOG,47.953800201416016
2017-06-02,GOOG,48.38277816772461
2017-06-05,GOOG,48.78348922729492
2017-06-06,GOOG,48.43088150024414
2017-06-07,GOOG,48.64760971069336
2017-06-08,GOOG,48.770103454589844
2017-06-09,GOOG,47.104774475097656
2017-06-12,GOOG,46.7610969543457
2017-06-13,GOOG,47.28181838989258
2017-06-14,GOOG,47.1508903503418
2017-06-15,GOOG,46.731834411621094
2017-06-16,GOOG,46.60636520385742
2017-06-19,GOOG,47.478702545166016
2017-06-20,GOOG,47.144447326660156
2017-06-21,GOOG,47.58185958862305
2017-06-22,GOOG,47.46481704711914
2017-06-23,GOOG,47.8863525390625
2017-06-26,GOOG,47.22577667236328
2017-06-27,GOOG,45.988929748535156
2017-06-28,GOOG,46.641578674316406
2017-06-29,GOOG,45.51581573486328
2017-06-30,GOOG,45.06650924682617
2017-07-03,GOOG,44.569087982177734
2017-07-05,GOOG,45.21429443359375
2017-07-06,GOOG,44.965335845947266
2017-07-07,GOOG,45.55549240112305
2017-07-10,GOOG,46.061832427978516
2017-07-11,GOOG,46.12580871582031
2017-07-12,GOOG,46.807212829589844
2017-07-13,GOOG,46.97236251831055
2017-07-14,GOOG,47.4102668762207
2017-07-17,GOOG,47.28281784057617
2017-07-18,GOOG,47.87693405151367
2017-07-19,GOOG,48.149192810058594
2017-07-20,GOOG,48.0133171081543
2017-07-21,GOOG,48.24987030029297
2017-07-24,GOOG,48.61785125732422
2017-07-25,GOOG,47.14792251586914
2017-07-26,GOOG,47.00409698486328
2017-07-27,GOOG,46.32417678833008
2017-07-28,GOOG,46.69314956665039
2017-07-31,GOOG,46.14614486694336
2017-08-01,GOOG,46.162506103515625
2017-08-02,GOOG,46.140689849853516
2017-08-03,GOOG,45.80643081665039
2017-08-04,GOOG,46.020179748535156
2017-08-07,GOOG,46.089603424072266
2017-08-08,GOOG,45.962158203125
2017-08-09,GOOG,45.76924514770508
2017-08-10,GOOG,44.99261474609375
2017-08-11,GOOG,45.347206115722656
2017-08-14,GOOG,45.75782775878906
2017-08-15,GOOG,45.735511779785156
2017-08-16,GOOG,45.97058868408203
2017-08-17,GOOG,45.1780891418457
2017-08-18,GOOG,45.162715911865234
2017-08-21,GOOG,44.96385192871094
2017-08-22,GOOG,45.85800552368164
2017-08-23,GOOG,45.972564697265625
2017-08-24,GOOG,45.68889617919922
2017-08-25,GOOG,45.42158508300781
2017-08-28,GOOG,45.31843948364258
2017-08-29,GOOG,45.68939208984375
2017-08-30,GOOG,46.10002517700195
2017-08-31,GOOG,46.584049224853516
2017-09-01,GOOG,46.48535919189453
2017-09-05,GOOG,46.04447937011719
2017-09-06,GOOG,46.01274108886719
2017-09-07,GOOG,46.41642761230469
2017-09-08,GOOG,45.94777297973633
2017-09-11,GOOG,46.07571792602539
2017-09-12,GOOG,46.224002838134766
2017-09-13,GOOG,46.37377166748047
2017-09-14,GOOG,45.878841400146484
2017-09-15,GOOG,45.63979721069336
2017-09-18,GOOG,45.3774528503418
2017-09-19,GOOG,45.71518325805664
2017-09-20,GOOG,46.19969940185547
2017-09-21,GOOG,46.24284744262695
2017-09-22,GOOG,46.04844284057617
2017-09-25,GOOG,45.67352294921875
2017-09-26,GOOG,45.8664436340332
2017-09-27,GOOG,46.839942932128906
2017-09-28,GOOG,47.08840560913086
2017-09-29,GOOG,47.564998626708984
2017-10-02,GOOG,47.27537536621094
2017-10-03,GOOG,47.49952697753906
2017-10-04,GOOG,47.19651794433594
2017-10-05,GOOG,48.10307693481445
2017-10-06,GOOG,48.54594421386719
2017-10-09,GOOG,48.45220947265625
2017-10-10,GOOG,48.23400115966797
2017-10-11,GOOG,49.05971908569336
2017-10-12,GOOG,48.98930358886719
2017-10-13,GOOG,49.0810546875
2017-10-16,GOOG,49.19609451293945
2017-10-17,GOOG,49.20502853393555
2017-10-18,GOOG,49.236270904541016
2017-10-19,GOOG,48.821678161621094
2017-10-20,GOOG,49.007652282714844
2017-10-23,GOOG,48.02819061279297
2017-10-24,GOOG,48.131839752197266
2017-10-25,GOOG,48.27020263671875
2017-10-26,GOOG,48.232017517089844
2017-10-27,GOOG,50.54850387573242
2017-10-30,GOOG,50.44137954711914
2017-10-31,GOOG,50.418067932128906
2017-11-01,GOOG,50.857460021972656
2017-11-02,GOOG,50.861427307128906
2017-11-03,GOOG,51.20362091064453
2017-11-06,GOOG,50.877296447753906
2017-11-07,GOOG,51.24577331542969
2017-11-08,GOOG,51.56911849975586
2017-11-09,GOOG,51.14311981201172
2017-11-10,GOOG,50.98491668701172
2017-11-13,GOOG,50.8698616027832
2017-11-14,GOOG,50.882259368896484
2017-11-15,GOOG,50.62983703613281
2017-11-16,GOOG,51.204612731933594
2017-11-17,GOOG,50.539573669433594
2017-11-20,GOOG,50.504356384277344
2017-11-21,GOOG,51.30329895019531
2017-11-22,GOOG,51.37620544433594
2017-11-24,GOOG,51.6068115234375
2017-11-27,GOOG,52.28126907348633
2017-11-28,GOOG,51.94403839111328
2017-11-29,GOOG,50.66702651977539
2017-11-30,GOOG,50.654624938964844
2017-12-01,GOOG,50.097206115722656
2017-12-04,GOOG,49.52738571166992
2017-12-05,GOOG,49.84824752807617
2017-12-06,GOOG,50.504356384277344
2017-12-07,GOOG,51.12675094604492
2017-12-08,GOOG,51.430259704589844
2017-12-11,GOOG,51.6311149597168
2017-12-12,GOOG,51.60035705566406
2017-12-13,GOOG,51.6068115234375
2017-12-14,GOOG,52.030330657958984
2017-12-15,GOOG,52.77620315551758
2017-12-18,GOOG,53.41844177246094
2017-12-19,GOOG,53.09807205200195
2017-12-20,GOOG,52.813899993896484
2017-12-21,GOOG,52.748443603515625
2017-12-22,GOOG,52.574371337890625
2017-12-26,GOOG,52.40674591064453
2017-12-27,GOOG,52.04124069213867
2017-12-28,GOOG,51.98024368286133
2017-12-29,GOOG,51.89395523071289
2018-01-02,GOOG,52.816375732421875
2018-01-03,GOOG,53.683265686035156
2018-01-04,GOOG,53.877662658691406
2018-01-05,GOOG,54.6627197265625
2018-01-08,GOOG,54.896305084228516
2018-01-09,GOOG,54.86258316040039
2018-01-10,GOOG,54.68156814575195
2018-01-11,GOOG,54.82588577270508
2018-01-12,GOOG,55.65606689453125
2018-01-16,GOOG,55.63127517700195
2018-01-17,GOOG,56.13810729980469
2018-01-18,GOOG,56.02949905395508
2018-01-19,GOOG,56.412353515625
2018-01-22,GOOG,57.31990051269531
2018-01-23,GOOG,58.02214431762695
2018-01-24,GOOG,57.73797607421875
2018-01-25,GOOG,58.0419807434082
2018-01-26,GOOG,58.31324768066406
2018-01-29,GOOG,58.30035400390625
2018-01-30,GOOG,57.71070098876953
2018-01-31,GOOG,58.020660400390625
2018-02-01,GOOG,57.90956115722656
2018-02-02,GOOG,55.14228820800781
2018-02-05,GOOG,52.36012649536133
2018-02-06,GOOG,53.590023040771484
2018-02-07,GOOG,52.0020637512207
2018-02-08,GOOG,49.6682243347168
2018-02-09,GOOG,51.466468811035156
2018-02-12,GOOG,52.168697357177734
2018-02-13,GOOG,52.17662811279297
2018-02-14,GOOG,53.049468994140625
2018-02-15,GOOG,54.03240203857422
2018-02-16,GOOG,54.29425048828125
2018-02-20,GOOG,54.674129486083984
2018-02-21,GOOG,55.1145133972168
2018-02-22,GOOG,54.88093185424805
2018-02-23,GOOG,55.88072204589844
2018-02-26,GOOG,56.72181701660156
2018-02-27,GOOG,55.45918655395508
2018-02-28,GOOG,54.786705017089844
2018-03-01,GOOG,53.04054260253906
2018-03-02,GOOG,53.5067138671875
2018-03-05,GOOG,54.102317810058594
2018-03-06,GOOG,54.3071403503418
2018-03-07,GOOG,55.030208587646484
2018-03-08,GOOG,55.8415412902832
2018-03-09,GOOG,57.52968215942383
2018-03-12,GOOG,57.7508659362793
2018-03-13,GOOG,56.44509506225586
2018-03-14,GOOG,57.006473541259766
2018-03-15,GOOG,57.01094436645508
2018-03-16,GOOG,56.32408142089844
2018-03-19,GOOG,54.543209075927734
2018-03-20,GOOG,54.438560485839844
2018-03-21,GOOG,54.0998420715332
2018-03-22,GOOG,52.02686309814453
2018-03-23,GOOG,50.66256332397461
2018-03-26,GOOG,52.231685638427734
2018-03-27,GOOG,49.84577178955078
2018-03-28,GOOG,49.81898880004883
2018-03-29,GOOG,51.169403076171875
2018-04-02,GOOG,49.91371154785156
2018-04-03,GOOG,50.25788879394531
2018-04-04,GOOG,50.83961868286133
2018-04-05,GOOG,50.97201919555664
2018-04-06,GOOG,49.94198226928711
2018-04-09,GOOG,50.35905456542969
2018-04-10,GOOG,51.161964416503906
2018-04-11,GOOG,50.58321762084961
2018-04-12,GOOG,51.205108642578125
2018-04-13,GOOG,51.044429779052734
2018-04-16,GOOG,51.47637939453125
2018-04-17,GOOG,53.27064895629883
2018-04-18,GOOG,53.167503356933594
2018-04-19,GOOG,53.942134857177734
2018-04-20,GOOG,53.21113586425781
2018-04-23,GOOG,52.93788146972656
2018-04-24,GOOG,50.583717346191406
2018-04-25,GOOG,50.643218994140625
2018-04-26,GOOG,51.57854080200195
2018-04-27,GOOG,51.08311080932617
2018-04-30,GOOG,50.45228576660156
2018-05-01,GOOG,51.44315719604492
2018-05-02,GOOG,50.80192184448242
2018-05-03,GOOG,50.76919174194336
2018-05-04,GOOG,51.98371505737305
2018-05-07,GOOG,52.31003189086914
2018-05-08,GOOG,52.266395568847656
2018-05-09,GOOG,53.69715118408203
2018-05-10,GOOG,54.431617736816406
2018-05-11,GOOG,54.46583938598633
2018-05-14,GOOG,54.562042236328125
2018-05-15,GOOG,53.52208709716797
2018-05-16,GOOG,53.64805603027344
2018-05-17,GOOG,53.49034881591797
2018-05-18,GOOG,52.883827209472656
2018-05-21,GOOG,53.5394401550293
2018-05-22,GOOG,53.05095672607422
2018-05-23,GOOG,53.54490280151367
2018-05-24,GOOG,53.5225830078125
2018-05-25,GOOG,53.34504318237305
2018-05-29,GOOG,52.584285736083984
2018-05-30,GOOG,52.955238342285156
2018-05-31,GOOG,53.807743072509766
2018-06-01,GOOG,55.51919174194336
2018-06-04,GOOG,56.500633239746094
2018-06-05,GOOG,56.51898193359375
2018-06-06,GOOG,56.38111877441406
2018-06-07,GOOG,55.735416412353516
2018-06-08,GOOG,55.587135314941406
2018-06-11,GOOG,56.03942108154297
2018-06-12,GOOG,56.50212097167969
2018-06-13,GOOG,56.2774658203125
2018-06-14,GOOG,57.136905670166016
2018-06-15,GOOG,57.143856048583984
2018-06-18,GOOG,58.19522476196289
2018-06-19,GOOG,57.92741775512695
2018-06-20,GOOG,58.01568603515625
2018-06-21,GOOG,57.41165542602539
2018-06-22,GOOG,57.30353546142578
2018-06-25,GOOG,55.78253173828125
2018-06-26,GOOG,55.467613220214844
2018-06-27,GOOG,54.749507904052734
2018-06-28,GOOG,55.25733947753906
2018-06-29,GOOG,55.32826232910156
2018-07-02,GOOG,55.91394805908203
2018-07-03,GOOG,54.69545364379883
2018-07-05,GOOG,55.7557487487793
2018-07-06,GOOG,56.54427719116211
2018-07-09,GOOG,57.23262023925781
2018-07-10,GOOG,57.17261505126953
2018-07-11,GOOG,57.225189208984375
2018-07-12,GOOG,58.692142486572266
2018-07-13,GOOG,58.956966400146484
2018-07-16,GOOG,58.71099090576172
2018-07-17,GOOG,59.45189666748047
2018-07-18,GOOG,59.30708694458008
2018-07-19,GOOG,58.86472702026367
2018-07-20,GOOG,58.76305389404297
2018-07-23,GOOG,59.78417205810547
2018-07-24,GOOG,61.895843505859375
2018-07-25,GOOG,62.670475006103516
2018-07-26,GOOG,62.90009689331055
2018-07-27,GOOG,61.420738220214844
2018-07-30,GOOG,60.490379333496094
2018-07-31,GOOG,60.36738586425781
2018-08-01,GOOG,60.5037727355957
2018-08-02,GOOG,60.808265686035156
2018-08-03,GOOG,60.68726348876953
2018-08-06,GOOG,60.739830017089844
2018-08-07,GOOG,61.605220794677734
2018-08-08,GOOG,61.773338317871094
2018-08-09,GOOG,61.94642639160156
2018-08-10,GOOG,61.37660598754883
2018-08-13,GOOG,61.247657775878906
2018-08-14,GOOG,61.599273681640625
2018-08-15,GOOG,60.22455978393555
2018-08-16,GOOG,59.833274841308594
2018-08-17,GOOG,59.559024810791016
2018-08-20,GOOG,59.89675521850586
2018-08-21,GOOG,59.59175491333008
2018-08-22,GOOG,59.87493133544922
2018-08-23,GOOG,59.77822494506836
2018-08-24,GOOG,60.53550720214844
2018-08-27,GOOG,61.585384368896484
2018-08-28,GOOG,61.05623245239258
2018-08-29,GOOG,61.95634460449219
2018-08-30,GOOG,61.45148468017578
2018-08-31,GOOG,60.41351318359375
2018-09-04,GOOG,59.36263656616211
2018-09-05,GOOG,58.84092330932617
2018-09-06,GOOG,58.09504318237305
2018-09-07,GOOG,57.76723861694336
2018-09-10,GOOG,57.757808685302734
2018-09-11,GOOG,58.38863754272461
2018-09-12,GOOG,57.66755294799805
2018-09-13,GOOG,58.28795623779297
2018-09-14,GOOG,58.14909744262695
2018-09-17,GOOG,57.33181381225586
2018-09-18,GOOG,57.58820724487305
2018-09-19,GOOG,58.07769012451172
2018-09-20,GOOG,58.860252380371094
2018-09-21,GOOG,57.82971954345703
2018-09-24,GOOG,58.190757751464844
2018-09-25,GOOG,58.75016403198242
2018-09-26,GOOG,58.543861389160156
2018-09-27,GOOG,59.245601654052734
2018-09-28,GOOG,59.18757247924805
2018-10-01,GOOG,59.2788200378418
2018-10-02,GOOG,59.51687240600586
2018-10-03,GOOG,59.65771484375
2018-10-04,GOOG,57.93386459350586
2018-10-05,GOOG,57.396278381347656
2018-10-08,GOOG,56.98069381713867
2018-10-09,GOOG,56.47732925415039
2018-10-10,GOOG,53.62078094482422
2018-10-11,GOOG,53.526546478271484
2018-10-12,GOOG,55.052024841308594
2018-10-15,GOOG,54.167789459228516
2018-10-16,GOOG,55.60746765136719
2018-10-17,GOOG,55.330238342285156
2018-10-18,GOOG,53.95552444458008
2018-10-19,GOOG,54.3765754699707
2018-10-22,GOOG,54.609657287597656
2018-10-23,GOOG,54.73512649536133
2018-10-24,GOOG,52.10770034790039
2018-10-25,GOOG,54.332435607910156
2018-10-26,GOOG,53.13724899291992
2018-10-29,GOOG,50.58866882324219
2018-10-30,GOOG,51.388607025146484
2018-10-31,GOOG,53.400089263916016
2018-11-01,GOOG,53.06435012817383
2018-11-02,GOOG,52.45881652832031
2018-11-05,GOOG,51.581024169921875
2018-11-06,GOOG,52.36062240600586
2018-11-07,GOOG,54.22432327270508
2018-11-08,GOOG,53.679290771484375
2018-11-09,GOOG,52.87340545654297
2018-11-12,GOOG,51.50861740112305
2018-11-13,GOOG,51.38066864013672
2018-11-14,GOOG,51.7580680847168
2018-11-15,GOOG,52.802001953125
2018-11-16,GOOG,52.642311096191406
2018-11-19,GOOG,50.58469772338867
2018-11-20,GOOG,50.8703498840332
2018-11-21,GOOG,51.458030700683594
2018-11-23,GOOG,50.777122497558594
2018-11-26,GOOG,52.004051208496094
2018-11-27,GOOG,51.79526901245117
2018-11-28,GOOG,53.86923599243164
2018-11-29,GOOG,53.97189712524414
2018-11-30,GOOG,54.27589797973633
2018-12-03,GOOG,54.87101364135742
2018-12-04,GOOG,52.11315155029297
2018-12-06,GOOG,53.0013542175293
2018-12-07,GOOG,51.406944274902344
2018-12-10,GOOG,51.55424499511719
2018-12-11,GOOG,52.159278869628906
2018-12-12,GOOG,52.75091552734375
2018-12-13,GOOG,52.66264343261719
2018-12-14,GOOG,51.68069839477539
2018-12-17,GOOG,50.41261672973633
2018-12-18,GOOG,51.01666259765625
2018-12-19,GOOG,50.73397445678711
2018-12-20,GOOG,50.05952072143555
2018-12-21,GOOG,48.57817459106445
2018-12-24,GOOG,48.41352844238281
2018-12-26,GOOG,51.54978561401367
2018-12-27,GOOG,51.768985748291016
2018-12-28,GOOG,51.43175506591797
2018-12-31,GOOG,51.358848571777344
2019-01-02,GOOG,51.866676330566406
2019-01-03,GOOG,50.389305114746094
2019-01-04,GOOG,53.09954833984375
2019-01-07,GOOG,52.9844970703125
2019-01-08,GOOG,53.37578582763672
2019-01-09,GOOG,53.29545211791992
2019-01-10,GOOG,53.080711364746094
2019-01-11,GOOG,52.4290657043457
2019-01-14,GOOG,51.80915069580078
2019-01-15,GOOG,53.4189338684082
2019-01-16,GOOG,53.60838317871094
2019-01-17,GOOG,54.051239013671875
2019-01-18,GOOG,54.46583938598633
2019-01-22,GOOG,53.09013748168945
2019-01-23,GOOG,53.340576171875
2019-01-24,GOOG,53.25775146484375
2019-01-25,GOOG,54.10529708862305
2019-01-28,GOOG,53.06831359863281
2019-01-29,GOOG,52.59916305541992
2019-01-30,GOOG,54.009586334228516
2019-01-31,GOOG,55.36396408081055
2019-02-01,GOOG,55.08525466918945
2019-02-04,GOOG,56.17877197265625
2019-02-05,GOOG,56.832908630371094
2019-02-06,GOOG,55.30743408203125
2019-02-07,GOOG,54.4881591796875
2019-02-08,GOOG,54.3071403503418
2019-02-11,GOOG,54.304664611816406
2019-02-12,GOOG,55.6119270324707
2019-02-13,GOOG,55.551918029785156
2019-02-14,GOOG,55.62681198120117
2019-02-15,GOOG,55.22907257080078
2019-02-19,GOOG,55.47257614135742
2019-02-20,GOOG,55.236507415771484
2019-02-21,GOOG,54.4018669128418
2019-02-22,GOOG,55.066410064697266
2019-02-25,GOOG,55.01830291748047
2019-02-26,GOOG,55.30247116088867
2019-02-27,GOOG,55.34809494018555
2019-02-28,GOOG,55.54001998901367
2019-03-01,GOOG,56.58494186401367
2019-03-04,GOOG,56.922672271728516
2019-03-05,GOOG,57.62837600708008
2019-03-06,GOOG,57.421573638916016
2019-03-07,GOOG,56.69950485229492
2019-03-08,GOOG,56.65089797973633
2019-03-11,GOOG,58.30928421020508
2019-03-12,GOOG,59.17418670654297
2019-03-13,GOOG,59.18013381958008
2019-03-14,GOOG,58.794803619384766
2019-03-15,GOOG,58.74074172973633
2019-03-18,GOOG,58.7308235168457
2019-03-19,GOOG,59.45438766479492
2019-03-20,GOOG,60.70016098022461
2019-03-21,GOOG,61.0755729675293
2019-03-22,GOOG,59.78417205810547
2019-03-25,GOOG,59.164268493652344
2019-03-26,GOOG,58.74867630004883
2019-03-27,GOOG,58.17340087890625
2019-03-28,GOOG,57.94874572753906
2019-03-29,GOOG,58.187782287597656
2019-04-01,GOOG,59.23517990112305
2019-04-02,GOOG,59.53572082519531
2019-04-03,GOOG,59.80501174926758
2019-04-04,GOOG,60.255313873291016
2019-04-05,GOOG,59.866004943847656
2019-04-08,GOOG,59.70185089111328
2019-04-09,GOOG,59.37503433227539
2019-04-10,GOOG,59.618534088134766
2019-04-11,GOOG,59.740535736083984
2019-04-12,GOOG,60.397640228271484
2019-04-15,GOOG,60.55781936645508
2019-04-16,GOOG,60.856868743896484
2019-04-17,GOOG,61.313621520996094
2019-04-18,GOOG,61.31510925292969
2019-04-22,GOOG,61.93353271484375
2019-04-23,GOOG,62.7126350402832
2019-04-24,GOOG,62.288612365722656
2019-04-25,GOOG,62.6580810546875
2019-04-26,GOOG,63.09103012084961
2019-04-29,GOOG,63.85475540161133
2019-04-30,GOOG,58.940101623535156
2019-05-01,GOOG,57.92841720581055
2019-05-02,GOOG,57.657142639160156
2019-05-03,GOOG,58.78736114501953
2019-05-06,GOOG,58.985233306884766
2019-05-07,GOOG,58.22696304321289
2019-05-08,GOOG,57.838645935058594
2019-05-09,GOOG,57.64573287963867
2019-05-10,GOOG,57.73945999145508
2019-05-13,GOOG,56.140586853027344
2019-05-14,GOOG,55.5658073425293
2019-05-15,GOOG,57.73648452758789
2019-05-16,GOOG,58.468971252441406
2019-05-17,GOOG,57.64176559448242
2019-05-20,GOOG,56.47880935668945
2019-05-21,GOOG,57.01342010498047
2019-05-22,GOOG,57.10219192504883
2019-05-23,GOOG,56.574031829833984
2019-05-24,GOOG,56.212005615234375
2019-05-28,GOOG,56.2457275390625
2019-05-29,GOOG,55.36842727661133
2019-05-30,GOOG,55.44232177734375
2019-05-31,GOOG,54.732147216796875
2019-06-03,GOOG,51.38959503173828
2019-06-04,GOOG,52.2237434387207
2019-06-05,GOOG,51.68665313720703
2019-06-06,GOOG,51.79179382324219
2019-06-07,GOOG,52.867958068847656
2019-06-10,GOOG,53.57911682128906
2019-06-11,GOOG,53.496795654296875
2019-06-12,GOOG,53.412986755371094
2019-06-13,GOOG,53.995201110839844
2019-06-14,GOOG,53.82559585571289
2019-06-17,GOOG,54.18018341064453
2019-06-18,GOOG,54.73067092895508
2019-06-19,GOOG,54.66768264770508
2019-06-20,GOOG,55.11848068237305
2019-06-21,GOOG,55.63722610473633
2019-06-24,GOOG,55.321815490722656
2019-06-25,GOOG,53.875186920166016
2019-06-26,GOOG,53.550357818603516
2019-06-27,GOOG,53.36239242553711
2019-06-28,GOOG,53.60540771484375
2019-07-01,GOOG,54.45046615600586
2019-07-02,GOOG,55.110050201416016
2019-07-03,GOOG,55.62234115600586
2019-07-05,GOOG,56.1187629699707
2019-07-08,GOOG,55.362979888916016
2019-07-09,GOOG,55.78351974487305
2019-07-10,GOOG,56.55964660644531
2019-07-11,GOOG,56.744625091552734
2019-07-12,GOOG,56.778846740722656
2019-07-15,GOOG,57.04862976074219
2019-07-16,GOOG,57.209312438964844
2019-07-17,GOOG,56.85075759887695
2019-07-18,GOOG,56.849769592285156
2019-07-19,GOOG,56.04487609863281
2019-07-22,GOOG,56.44013214111328
2019-07-23,GOOG,56.843814849853516
2019-07-24,GOOG,56.4272346496582
2019-07-25,GOOG,56.14505386352539
2019-07-26,GOOG,62.011390686035156
2019-07-29,GOOG,61.46587371826172
2019-07-30,GOOG,60.7581787109375
2019-07-31,GOOG,60.338623046875
2019-08-01,GOOG,59.95824432373047
2019-08-02,GOOG,59.21336364746094
2019-08-05,GOOG,57.146827697753906
2019-08-06,GOOG,58.021148681640625
2019-08-07,GOOG,58.22150802612305
2019-08-08,GOOG,59.74946212768555
2019-08-09,GOOG,58.91680145263672
2019-08-12,GOOG,58.2572135925293
2019-08-13,GOOG,59.37601852416992
2019-08-14,GOOG,57.740455627441406
2019-08-15,GOOG,57.88774490356445
2019-08-16,GOOG,58.40053939819336
2019-08-19,GOOG,59.43454360961914
2019-08-20,GOOG,58.652957916259766
2019-08-21,GOOG,59.07748031616211
2019-08-22,GOOG,58.99217987060547
2019-08-23,GOOG,57.09574508666992
2019-08-26,GOOG,57.96858215332031
2019-08-27,GOOG,57.91651153564453
2019-08-28,GOOG,58.07421875
2019-08-29,GOOG,59.15683364868164
2019-08-30,GOOG,58.92125701904297
2019-09-03,GOOG,57.94377899169922
2019-09-04,GOOG,58.589481353759766
2019-09-05,GOOG,60.07577896118164
2019-09-06,GOOG,59.75590515136719
2019-09-09,GOOG,59.73011779785156
2019-09-10,GOOG,59.80897521972656
2019-09-11,GOOG,60.51169967651367
2019-09-12,GOOG,61.20996856689453
2019-09-13,GOOG,61.47330856323242
2019-09-16,GOOG,61.063663482666016
2019-09-17,GOOG,60.95704650878906
2019-09-18,GOOG,61.118717193603516
2019-09-19,GOOG,61.43115234375
2019-09-20,GOOG,60.995723724365234
2019-09-23,GOOG,61.199058532714844
2019-09-24,GOOG,60.441776275634766
2019-09-25,GOOG,61.81847381591797
2019-09-26,GOOG,61.564064025878906
2019-09-27,GOOG,60.75570297241211
2019-09-30,GOOG,60.45368194580078
2019-10-01,GOOG,59.76434326171875
2019-10-02,GOOG,58.3524284362793
2019-10-03,GOOG,58.907867431640625
2019-10-04,GOOG,59.95774841308594
2019-10-07,GOOG,59.89228439331055
2019-10-08,GOOG,58.97234344482422
2019-10-09,GOOG,59.6259765625
2019-10-10,GOOG,59.94137954711914
2019-10-11,GOOG,60.27762222290039
2019-10-14,GOOG,60.36143493652344
2019-10-15,GOOG,61.644405364990234
2019-10-16,GOOG,61.6756477355957
2019-10-17,GOOG,62.143306732177734
2019-10-18,GOOG,61.767391204833984
2019-10-21,GOOG,61.80012130737305
2019-10-22,GOOG,61.63398742675781
2019-10-23,GOOG,62.443843841552734
2019-10-24,GOOG,62.53607940673828
2019-10-25,GOOG,62.741397857666016
2019-10-28,GOOG,63.974769592285156
2019-10-29,GOOG,62.616920471191406
2019-10-30,GOOG,62.550960540771484
2019-10-31,GOOG,62.4924430847168
2019-11-01,GOOG,63.168399810791016
2019-11-04,GOOG,64.04270935058594
2019-11-05,GOOG,64.07544708251953
2019-11-06,GOOG,64.06403350830078
2019-11-07,GOOG,64.91008758544922
2019-11-08,GOOG,65.0345687866211
2019-11-11,GOOG,64.43053436279297
2019-11-12,GOOG,64.41120910644531
2019-11-13,GOOG,64.37151336669922
2019-11-14,GOOG,65.0390396118164
2019-11-15,GOOG,66.19999694824219
2019-11-18,GOOG,65.49727630615234
2019-11-19,GOOG,65.2374038696289
2019-11-20,GOOG,64.62195587158203
2019-11-21,GOOG,64.53765869140625
2019-11-22,GOOG,64.239593505859375
2019-11-25,GOOG,64.80247497558594
2019-11-26,GOOG,65.14268493652344
2019-11-27,GOOG,65.11491394042969
2019-11-29,GOOG,64.71668243408203
2019-12-02,GOOG,63.97080612182617
2019-12-03,GOOG,64.23663330078125
2019-12-04,GOOG,65.48934173583984
2019-12-05,GOOG,65.8657455444336
2019-12-06,GOOG,66.48516082763672
2019-12-09,GOOG,66.63096618652344
2019-12-10,GOOG,66.68550872802734
2019-12-11,GOOG,66.70337677001953
2019-12-12,GOOG,66.96372985839844
2019-12-13,GOOG,66.84273529052734
2019-12-16,GOOG,67.5042953491211
2019-12-17,GOOG,67.204254150390625
2019-12-18,GOOG,67.08026123046875
2019-12-19,GOOG,67.24989318847656
2019-12-20,GOOG,66.93000793457031
2019-12-23,GOOG,66.89281463623047
2019-12-24,GOOG,66.63096618652344
2019-12-26,GOOG,67.46610260009766
2019-12-27,GOOG,67.04408264160156
2019-12-30,GOOG,66.26297760009766
2019-12-31,GOOG,66.3066177368164
2020-01-02,GOOG,67.811767578125
2020-01-03,GOOG,67.47899627685547
2020-01-06,GOOG,69.142852783203125
2020-01-07,GOOG,69.0997085571289
2020-01-08,GOOG,69.64422607421875
2020-01-09,GOOG,70.41340637207031
2020-01-10,GOOG,70.904388427734375
2020-01-13,GOOG,71.3755111694336
2020-01-14,GOOG,70.96141815185547
2020-01-15,GOOG,71.3740234375
2020-01-16,GOOG,71.993927001953125
2020-01-17,GOOG,73.41675567626953
2020-01-21,GOOG,73.61560821533203
2020-01-22,GOOG,73.69248962402344
2020-01-23,GOOG,73.7271957397461
2020-01-24,GOOG,72.73832702636719
2020-01-27,GOOG,71.111175537109375
2020-01-28,GOOG,72.03657531738281
2020-01-29,GOOG,72.337615966796875
2020-01-30,GOOG,72.199249267578125
2020-01-31,GOOG,71.12755584716797
2020-02-03,GOOG,73.6919937133789
2020-02-04,GOOG,71.76432800292969
2020-02-05,GOOG,71.82183837890625
2020-02-06,GOOG,73.21044921875
2020-02-07,GOOG,73.3592300415039
2020-02-10,GOOG,74.819732666015625
2020-02-11,GOOG,74.8251953125
2020-02-12,GOOG,75.29532623291016
2020-02-13,GOOG,75.116302490234375
2020-02-14,GOOG,75.41783142089844
2020-02-18,GOOG,75.36476135253906
2020-02-19,GOOG,75.71290588378906
2020-02-20,GOOG,75.28938293457031
2020-02-21,GOOG,73.65083312988281
2020-02-24,GOOG,70.50068664550781
2020-02-25,GOOG,68.85718536376953
2020-02-26,GOOG,69.09175872802734
2020-02-27,GOOG,65.36783599853516
2020-02-28,GOOG,66.42118835449219
2020-03-02,GOOG,68.8899154663086
2020-03-03,GOOG,66.523345947265625
2020-03-04,GOOG,68.76145935058594
2020-03-05,GOOG,65.414947509765625
2020-03-06,GOOG,64.39185333251953
2020-03-09,GOOG,60.283077239990234
2020-03-10,GOOG,63.4981803894043
2020-03-11,GOOG,60.27564239501953
2020-03-12,GOOG,55.29155731201172
2020-03-13,GOOG,60.48988342285156
2020-03-16,GOOG,53.7750129699707
2020-03-17,GOOG,55.5340690612793
2020-03-18,GOOG,54.3934326171875
2020-03-19,GOOG,55.31040954589844
2020-03-20,GOOG,53.17940139770508
2020-03-23,GOOG,52.400787353515625
2020-03-24,GOOG,56.2610969543457
2020-03-25,GOOG,54.67561721801758
2020-03-26,GOOG,57.61448669433594
2020-03-27,GOOG,55.08326721191406
2020-03-30,GOOG,56.874061584472656
2020-03-31,GOOG,57.667057037353516
2020-04-01,GOOG,54.830841064453125
2020-04-02,GOOG,55.58564376831055
2020-04-03,GOOG,54.44699478149414
2020-04-06,GOOG,58.86274719238281
2020-04-07,GOOG,58.842411041259766
2020-04-08,GOOG,60.0212287902832
2020-04-09,GOOG,60.07925033569336
2020-04-13,GOOG,60.38226318359375
2020-04-14,GOOG,62.94472122192383
2020-04-15,GOOG,62.60948181152344
2020-04-16,GOOG,62.65907669067383
2020-04-17,GOOG,63.64002990722656
2020-04-20,GOOG,62.81480026245117
2020-04-21,GOOG,60.3217658996582
2020-04-22,GOOG,62.64617919921875
2020-04-23,GOOG,63.29584503173828
2020-04-24,GOOG,63.444618225097656
2020-04-27,GOOG,63.27452087402344
2020-04-28,GOOG,61.18120574951172
2020-04-29,GOOG,66.5278091430664
2020-04-30,GOOG,66.8838882446289
2020-05-01,GOOG,65.49280548095703
2020-05-04,GOOG,65.7997817993164
2020-05-05,GOOG,67.00537872314453
2020-05-06,GOOG,66.81644439697266
2020-05-07,GOOG,68.06915283203125
2020-05-08,GOOG,68.85322570800781
2020-05-11,GOOG,69.59165954589844
2020-05-12,GOOG,68.22686767578125
2020-05-13,GOOG,66.91712188720703
2020-05-14,GOOG,67.25434875488281
2020-05-15,GOOG,68.10041046142578
2020-05-18,GOOG,68.633514404296875
2020-05-19,GOOG,68.11503601074219
2020-05-20,GOOG,69.76325225830078
2020-05-21,GOOG,69.56885528564453
2020-05-22,GOOG,69.946746826171875
2020-05-26,GOOG,70.2740478515625
2020-05-27,GOOG,70.314727783203125
2020-05-28,GOOG,70.259674072265625
2020-05-29,GOOG,70.86420440673828
2020-06-01,GOOG,71.00804138183594
2020-06-02,GOOG,71.37501525878906
2020-06-03,GOOG,71.23417663574219
2020-06-04,GOOG,70.0340347290039
2020-06-05,GOOG,71.3338623046875
2020-06-08,GOOG,71.74149322509766
2020-06-09,GOOG,72.2151107788086
2020-06-10,GOOG,72.6956787109375
2020-06-11,GOOG,69.62042236328125
2020-06-12,GOOG,70.08360290527344
2020-06-15,GOOG,70.414398193359375
2020-06-16,GOOG,71.54859161376953
2020-06-17,GOOG,71.965179443359375
2020-06-18,GOOG,71.21334075927734
2020-06-19,GOOG,71.00305938720703
2020-06-22,GOOG,72.00186920166016
2020-06-23,GOOG,72.62425231933594
2020-06-24,GOOG,71.01546478271484
2020-06-25,GOOG,71.47966003417969
2020-06-26,GOOG,67.4413070678711
2020-06-29,GOOG,69.18053436279297
2020-06-30,GOOG,70.10493469238281
2020-07-01,GOOG,71.3165054321289
2020-07-02,GOOG,72.6386489868164
2020-07-06,GOOG,74.176025390625
2020-07-07,GOOG,73.654296875
2020-07-08,GOOG,74.19090270996094
2020-07-09,GOOG,74.934295654296875
2020-07-10,GOOG,76.45926666259766
2020-07-13,GOOG,74.95165252685547
2020-07-14,GOOG,75.40989685058594
2020-07-15,GOOG,75.06572723388672
2020-07-16,GOOG,75.28194427490234
2020-07-17,GOOG,75.16043853759766
2020-07-20,GOOG,77.64851379394531
2020-07-21,GOOG,77.2864761352539
2020-07-22,GOOG,77.785888671875
2020-07-23,GOOG,75.16687774658203
2020-07-24,GOOG,74.977935791015625
2020-07-27,GOOG,75.88697814941406
2020-07-28,GOOG,74.40612030029297
2020-07-29,GOOG,75.4813003540039
2020-07-30,GOOG,75.94895935058594
2020-07-31,GOOG,73.54420471191406
2020-08-03,GOOG,73.1221694946289
2020-08-04,GOOG,72.65203094482422
2020-08-05,GOOG,73.08050537109375
2020-08-06,GOOG,74.39421844482422
2020-08-07,GOOG,74.11602020263672
2020-08-10,GOOG,74.19585418701172
2020-08-11,GOOG,73.41327667236328
2020-08-12,GOOG,74.71757507324219
2020-08-13,GOOG,75.30425262451172
2020-08-14,GOOG,74.772613525390625
2020-08-17,GOOG,75.28096008300781
2020-08-18,GOOG,77.29541015625
2020-08-19,GOOG,76.74642181396484
2020-08-20,GOOG,78.44347381591797
2020-08-21,GOOG,78.37752532958984
2020-08-24,GOOG,78.76336669921875
2020-08-25,GOOG,79.75621032714844
2020-08-26,GOOG,81.94623565673828
2020-08-27,GOOG,81.05107116699219
2020-08-28,GOOG,81.55096435546875
2020-08-31,GOOG,81.04362487792969
2020-09-01,GOOG,82.35932922363281
2020-09-02,GOOG,85.71031951904297
2020-09-03,GOOG,81.42351531982422
2020-09-04,GOOG,78.9041976928711
2020-09-08,GOOG,75.9955825805664
2020-09-09,GOOG,77.21407318115234
2020-09-10,GOOG,75.97723388671875
2020-09-11,GOOG,75.416839599609375
2020-09-14,GOOG,75.345428466796875
2020-09-15,GOOG,76.44439697265625
2020-09-16,GOOG,75.4257583618164
2020-09-17,GOOG,74.16758728027344
2020-09-18,GOOG,72.4050521850586
2020-09-21,GOOG,70.97529602050781
2020-09-22,GOOG,72.67633819580078
2020-09-23,GOOG,70.184295654296875
2020-09-24,GOOG,70.83296203613281
2020-09-25,GOOG,71.65967559814453
2020-09-28,GOOG,72.62970733642578
2020-09-29,GOOG,72.86824798583984
2020-09-30,GOOG,72.88164520263672
2020-10-01,GOOG,73.89781188964844
2020-10-02,GOOG,72.32720184326172
2020-10-05,GOOG,73.69596099853516
2020-10-06,GOOG,72.080230712890625
2020-10-07,GOOG,72.4199447631836
2020-10-08,GOOG,73.691497802734375
2020-10-09,GOOG,75.144073486328125
2020-10-12,GOOG,77.81861114501953
2020-10-13,GOOG,77.94407653808594
2020-10-14,GOOG,77.76554870605469
2020-10-15,GOOG,77.32169342041016
2020-10-16,GOOG,78.01004791259766
2020-10-19,GOOG,76.10567474365234
2020-10-20,GOOG,77.16300201416016
2020-10-21,GOOG,79.01677703857422
2020-10-22,GOOG,80.10881805419922
2020-10-23,GOOG,81.381866455078125
2020-10-26,GOOG,78.87493133544922
2020-10-27,GOOG,79.55982208251953
2020-10-28,GOOG,75.21350860595703
2020-10-29,GOOG,77.72389221191406
2020-10-30,GOOG,80.39049530029297
2020-11-02,GOOG,80.63945770263672
2020-11-03,GOOG,81.83861541748047
2020-11-04,GOOG,86.74433135986328
2020-11-05,GOOG,87.4505386352539
2020-11-06,GOOG,87.37020111083984
2020-11-09,GOOG,87.43218994140625
2020-11-10,GOOG,86.31089782714844
2020-11-11,GOOG,86.92186737060547
2020-11-12,GOOG,86.77954864501953
2020-11-13,GOOG,88.12747955322266
2020-11-16,GOOG,88.34370422363281
2020-11-17,GOOG,87.786773681640625
2020-11-18,GOOG,86.6277847290039
2020-11-19,GOOG,87.4778060913086
2020-11-20,GOOG,86.40016174316406
2020-11-23,GOOG,86.03663635253906
2020-11-24,GOOG,87.72379302978516
2020-11-25,GOOG,87.850250244140625
2020-11-27,GOOG,88.92940521240234
2020-11-30,GOOG,87.32011413574219
2020-12-01,GOOG,89.17288970947266
2020-12-02,GOOG,90.65323638916016
2020-12-03,GOOG,90.59473419189453
2020-12-04,GOOG,90.65522766113281
2020-12-07,GOOG,90.23320007324219
2020-12-08,GOOG,90.18707275390625
2020-12-09,GOOG,88.48008728027344
2020-12-10,GOOG,88.043670654296875
2020-12-11,GOOG,88.363037109375
2020-12-14,GOOG,87.28639221191406
2020-12-15,GOOG,87.66874694824219
2020-12-16,GOOG,87.43218994140625
2020-12-17,GOOG,86.68333435058594
2020-12-18,GOOG,85.84571838378906
2020-12-21,GOOG,86.26030731201172
2020-12-22,GOOG,85.4732666015625
2020-12-23,GOOG,85.913665771484375
2020-12-24,GOOG,86.2345199584961
2020-12-28,GOOG,88.08135986328125
2020-12-29,GOOG,87.21992492675781
2020-12-30,GOOG,86.26774597167969
2020-12-31,GOOG,86.8807144165039
2021-01-04,GOOG,85.708343505859375
2021-01-05,GOOG,86.3371810913086
2021-01-06,GOOG,86.05797576904297
2021-01-07,GOOG,88.63481140136719
2021-01-08,GOOG,89.62467956542969
2021-01-11,GOOG,87.61668395996094
2021-01-12,GOOG,86.61637878417969
2021-01-13,GOOG,87.00569915771484
2021-01-14,GOOG,86.30047607421875
2021-01-15,GOOG,86.10261535644531
2021-01-19,GOOG,88.81385040283203
2021-01-20,GOOG,93.57674407958984
2021-01-21,GOOG,93.79247283935547
2021-01-22,GOOG,94.278472900390625
2021-01-25,GOOG,94.19664764404297
2021-01-26,GOOG,95.08138275146484
2021-01-27,GOOG,90.79408264160156
2021-01-28,GOOG,92.39693450927734
2021-01-29,GOOG,91.03956604003906
2021-02-01,GOOG,94.2933578491211
2021-02-02,GOOG,95.5907211303711
2021-02-03,GOOG,102.66065216064453
2021-02-04,GOOG,102.27879333496094
2021-02-05,GOOG,104.0457992553711
2021-02-08,GOOG,103.79336547851563
2021-02-09,GOOG,103.32717895507813
2021-02-10,GOOG,103.91585540771484
2021-02-11,GOOG,103.94114685058594
2021-02-12,GOOG,104.34879302978516
2021-02-16,GOOG,105.2310562133789
2021-02-17,GOOG,105.5489501953125
2021-02-18,GOOG,104.99797821044922
2021-02-19,GOOG,104.2015151977539
2021-02-22,GOOG,102.40327453613281
2021-02-23,GOOG,102.69983673095703
2021-02-24,GOOG,103.90544128417969
2021-02-25,GOOG,100.74092864990234
2021-02-26,GOOG,101.0136947631836
2021-03-01,GOOG,103.2280044555664
2021-03-02,GOOG,102.94680786132813
2021-03-03,GOOG,100.51032257080078
2021-03-04,GOOG,101.62019348144531
2021-03-05,GOOG,104.5685043334961
2021-03-08,GOOG,100.38435363769531
2021-03-09,GOOG,101.79924011230469
2021-03-10,GOOG,101.91477966308594
2021-03-11,GOOG,104.87745666503906
2021-03-12,GOOG,102.25648498535156
2021-03-15,GOOG,102.4831314086914
2021-03-16,GOOG,103.7740249633789
2021-03-17,GOOG,103.70259857177734
2021-03-18,GOOG,100.98194122314453
2021-03-19,GOOG,101.3281021118164
2021-03-22,GOOG,101.09947967529297
2021-03-23,GOOG,101.8121337890625
2021-03-24,GOOG,101.42034912109375
2021-03-25,GOOG,101.38562774658203
2021-03-26,GOOG,100.9487075805664
2021-03-29,GOOG,101.9604263305664
2021-03-30,GOOG,101.9400863647461
2021-03-31,GOOG,102.5892562866211
2021-04-01,GOOG,106.01710510253906
2021-04-05,GOOG,110.37135314941406
2021-04-06,GOOG,110.33169555664063
2021-04-07,GOOG,111.56803131103516
2021-04-08,GOOG,112.34961700439453
2021-04-09,GOOG,113.36329650878906
2021-04-12,GOOG,111.82144927978516
2021-04-13,GOOG,112.44036865234375
2021-04-14,GOOG,111.82392883300781
2021-04-15,GOOG,113.89790344238281
2021-04-16,GOOG,113.95246887207031
2021-04-19,GOOG,114.18257904052734
2021-04-20,GOOG,113.74763488769531
2021-04-21,GOOG,113.73078155517578
2021-04-22,GOOG,112.47261810302734
2021-04-23,GOOG,114.82231903076172
2021-04-26,GOOG,115.38966369628906
2021-04-27,GOOG,114.41666412353516
2021-04-28,GOOG,118.0265121459961
2021-04-29,GOOG,120.5051498413086
2021-04-30,GOOG,119.52471160888672
2021-05-03,GOOG,118.7833023071289
2021-05-04,GOOG,116.75395965576172
2021-05-05,GOOG,116.87744140625
2021-05-06,GOOG,118.09791564941406
2021-05-07,GOOG,118.9578628540039
2021-05-10,GOOG,116.12958526611328
2021-05-11,GOOG,114.49798583984375
2021-05-12,GOOG,111.0423355102539
2021-05-13,GOOG,112.17753601074219
2021-05-14,GOOG,114.86497497558594
2021-05-17,GOOG,115.12533569335938
2021-05-18,GOOG,114.23365020751953
2021-05-19,GOOG,114.49549865722656
2021-05-20,GOOG,116.84520721435547
2021-05-21,GOOG,116.30017852783203
2021-05-24,GOOG,119.3536148071289
2021-05-25,GOOG,119.47264099121094
2021-05-26,GOOG,120.6856689453125
2021-05-27,GOOG,119.1473159790039
2021-05-28,GOOG,119.59612274169922
2021-06-01,GOOG,120.5011978149414
2021-06-02,GOOG,120.07817077636719
2021-06-03,GOOG,119.25145721435547
2021-06-04,GOOG,121.5897445678711
2021-06-07,GOOG,122.30040740966797
2021-06-08,GOOG,123.13159942626953
2021-06-09,GOOG,123.55561828613281
2021-06-10,GOOG,125.0533218383789
2021-06-11,GOOG,124.6729507446289
2021-06-14,GOOG,125.32310485839844
2021-06-15,GOOG,125.00670623779297
2021-06-16,GOOG,124.6729507446289
2021-06-17,GOOG,125.34194946289063
2021-06-18,GOOG,124.54499816894531
2021-06-21,GOOG,125.4252700805664
2021-06-22,GOOG,125.96532440185547
2021-06-23,GOOG,125.43171691894531
2021-06-24,GOOG,126.24552154541016
2021-06-25,GOOG,125.96087646484375
2021-06-28,GOOG,125.78680419921875
2021-06-29,GOOG,124.9923095703125
2021-06-30,GOOG,124.29553985595703
2021-07-01,GOOG,125.33946990966797
2021-07-02,GOOG,127.67080688476563
2021-07-06,GOOG,128.71426391601563
2021-07-07,GOOG,129.0182647705078
2021-07-08,GOOG,128.12510681152344
2021-07-09,GOOG,128.5193634033203
2021-07-12,GOOG,129.5008087158203
2021-07-13,GOOG,129.9278106689453
2021-07-14,GOOG,131.00694274902344
2021-07-15,GOOG,130.1975860595703
2021-07-16,GOOG,130.77186584472656
2021-07-19,GOOG,128.2014617919922
2021-07-20,GOOG,130.03392028808594
2021-07-21,GOOG,131.52072143554688
2021-07-22,GOOG,132.24281311035156
2021-07-23,GOOG,136.69375610351563
2021-07-26,GOOG,138.50738525390625
2021-07-27,GOOG,135.68255615234375
2021-07-28,GOOG,135.2709197998047
2021-07-29,GOOG,135.42861938476563
2021-07-30,GOOG,134.11985778808594
2021-08-02,GOOG,134.88211059570313
2021-08-03,GOOG,135.1702423095703
2021-08-04,GOOG,134.92080688476563
2021-08-05,GOOG,135.82489013671875
2021-08-06,GOOG,135.92010498046875
2021-08-09,GOOG,136.8782196044922
2021-08-10,GOOG,136.9719696044922
2021-08-11,GOOG,136.56826782226563
2021-08-12,GOOG,137.26258850097656
2021-08-13,GOOG,137.27894592285156
2021-08-16,GOOG,137.78482055664063
2021-08-17,GOOG,136.18243408203125
2021-08-18,GOOG,135.45790100097656
2021-08-19,GOOG,135.79859924316406
2021-08-20,GOOG,137.3096923828125
2021-08-23,GOOG,139.95054626464844
2021-08-24,GOOG,141.2389373779297
2021-08-25,GOOG,141.7859649658203
2021-08-26,GOOG,140.96566772460938
2021-08-27,GOOG,143.37342834472656
2021-08-30,GOOG,144.28494262695313
2021-08-31,GOOG,144.2775115966797
2021-09-01,GOOG,144.65440368652344
2021-09-02,GOOG,143.0446014404297
2021-09-03,GOOG,143.59608459472656
2021-09-07,GOOG,144.33404541015625
2021-09-08,GOOG,143.70372009277344
2021-09-09,GOOG,143.73345947265625
2021-09-10,GOOG,140.76531982421875
2021-09-13,GOOG,142.2967529296875
2021-09-14,GOOG,142.23825073242188
2021-09-15,GOOG,144.02359008789063
2021-09-16,GOOG,143.19786071777344
2021-09-17,GOOG,140.31153869628906
2021-09-20,GOOG,137.8849639892578
2021-09-21,GOOG,138.50933837890625
2021-09-22,GOOG,139.7908477783203
2021-09-23,GOOG,140.67161560058594
2021-09-24,GOOG,141.47149658203125
2021-09-27,GOOG,140.34877014160156
2021-09-28,GOOG,135.07504272460938
2021-09-29,GOOG,133.4255828857422
2021-09-30,GOOG,132.18031311035156
2021-10-01,GOOG,135.3512725830078
2021-10-04,GOOG,132.67576599121094
2021-10-05,GOOG,135.0680694580078
2021-10-06,GOOG,136.23550415039063
2021-10-07,GOOG,138.05209350585938
2021-10-08,GOOG,138.91551208496094
2021-10-11,GOOG,137.71685791015625
2021-10-12,GOOG,135.59974670410156
2021-10-13,GOOG,136.77706909179688
2021-10-14,GOOG,140.26046752929688
2021-10-15,GOOG,140.5213165283203
2021-10-18,GOOG,141.79635620117188
2021-10-19,GOOG,142.65086364746094
2021-10-20,GOOG,141.25527954101563
2021-10-21,GOOG,141.61781311035156
2021-10-22,GOOG,137.49615478515625
2021-10-25,GOOG,137.6429443359375
2021-10-26,GOOG,138.53465270996094
2021-10-27,GOOG,145.23513793945313
2021-10-28,GOOG,144.9390411376953
2021-10-29,GOOG,147.0631103515625
2021-11-01,GOOG,142.60324096679688
2021-11-02,GOOG,144.67523193359375
2021-11-03,GOOG,145.59466552734375
2021-11-04,GOOG,147.47225952148438
2021-11-05,GOOG,148.02572631835938
2021-11-08,GOOG,148.13531494140625
2021-11-09,GOOG,148.0331573486328
2021-11-10,GOOG,145.4320068359375
2021-11-11,GOOG,145.5530242919922
2021-11-12,GOOG,148.4269256591797
2021-11-15,GOOG,148.17153930664063
2021-11-16,GOOG,147.862060546875
2021-11-17,GOOG,147.84817504882813
2021-11-18,GOOG,149.4817352294922
2021-11-19,GOOG,148.73143005371094
2021-11-22,GOOG,145.88084411621094
2021-11-23,GOOG,145.5619354248047
2021-11-24,GOOG,145.5227508544922
2021-11-26,GOOG,141.6431121826172
2021-11-29,GOOG,144.9241943359375
2021-11-30,GOOG,141.29200744628906
2021-12-01,GOOG,140.46478271484375
2021-12-02,GOOG,142.60574340820313
2021-12-03,GOOG,141.35995483398438
2021-12-06,GOOG,142.62554931640625
2021-12-07,GOOG,146.8310089111328
2021-12-08,GOOG,147.5094451904297
2021-12-09,GOOG,146.8999481201172
2021-12-10,GOOG,147.46434020996094
2021-12-13,GOOG,145.50987243652344
2021-12-14,GOOG,143.7899932861328
2021-12-15,GOOG,146.16847229003906
2021-12-16,GOOG,143.65904235839844
2021-12-17,GOOG,141.64015197753906
2021-12-20,GOOG,141.2418975830078
2021-12-21,GOOG,143.0460968017578
2021-12-22,GOOG,145.7523956298828
2021-12-23,GOOG,145.9442901611328
2021-12-27,GOOG,146.85830688476563
2021-12-28,GOOG,145.2554473876953
2021-12-29,GOOG,145.3115234375
2021-12-30,GOOG,144.8135986328125
2021-12-31,GOOG,143.50137329101563
2022-01-03,GOOG,143.8931427001953
2022-01-04,GOOG,143.24050903320313
2022-01-05,GOOG,136.53257751464844
2022-01-06,GOOG,136.43092346191406
2022-01-07,GOOG,135.88885498046875
2022-01-10,GOOG,137.44558715820313
2022-01-11,GOOG,138.8773193359375
2022-01-12,GOOG,140.4945526123047
2022-01-13,GOOG,137.998046875
2022-01-14,GOOG,138.64820861816406
2022-01-18,GOOG,135.18067932128906
2022-01-19,GOOG,134.54736328125
2022-01-20,GOOG,132.4193572998047
2022-01-21,GOOG,129.0326385498047
2022-01-24,GOOG,129.3103485107422
2022-01-25,GOOG,125.70348358154297
2022-01-26,GOOG,128.18759155273438
2022-01-27,GOOG,128.06956481933594
2022-01-28,GOOG,132.2041015625
2022-01-31,GOOG,134.593505859375
2022-02-01,GOOG,136.7557373046875
2022-02-02,GOOG,146.8310089111328
2022-02-03,GOOG,141.4888916015625
2022-02-04,GOOG,141.85140991210938
2022-02-07,GOOG,137.80662536621094
2022-02-08,GOOG,138.07937622070313
2022-02-09,GOOG,140.30113220214844
2022-02-10,GOOG,137.4738311767578
2022-02-11,GOOG,133.03778076171875
2022-02-14,GOOG,134.1982421875
2022-02-15,GOOG,135.31460571289063
2022-02-16,GOOG,136.367919921875
2022-02-17,GOOG,131.23110961914063
2022-02-18,GOOG,129.40509033203125
2022-02-22,GOOG,128.3487548828125
2022-02-23,GOOG,126.54605865478516
2022-02-24,GOOG,131.59312438964844
2022-02-25,GOOG,133.42410278320313
2022-02-28,GOOG,133.79258728027344
2022-03-01,GOOG,133.07546997070313
2022-03-02,GOOG,133.65420532226563
2022-03-03,GOOG,133.2143096923828
2022-03-04,GOOG,131.04611206054688
2022-03-07,GOOG,125.43468475341797
2022-03-08,GOOG,126.24208068847656
2022-03-09,GOOG,132.77593994140625
2022-03-10,GOOG,131.6015625
2022-03-11,GOOG,129.4130096435547
2022-03-14,GOOG,125.70893096923828
2022-03-15,GOOG,128.6046600341797
2022-03-16,GOOG,132.6018524169922
2022-03-17,GOOG,133.5044403076172
2022-03-18,GOOG,135.6875
2022-03-21,GOOG,135.36715698242188
2022-03-22,GOOG,139.1352081298828
2022-03-23,GOOG,137.37564086914063
2022-03-24,GOOG,140.16128540039063
2022-03-25,GOOG,140.3690643310547
2022-03-28,GOOG,140.79409790039063
2022-03-29,GOOG,142.08352661132813
2022-03-30,GOOG,141.48292541503906
2022-03-31,GOOG,138.5123291015625
2022-04-01,GOOG,139.55426025390625
2022-04-04,GOOG,142.47280883789063
2022-04-05,GOOG,139.914306640625
2022-04-06,GOOG,136.05894470214844
2022-04-07,GOOG,135.353759765625
2022-04-08,GOOG,132.91921997070313
2022-04-11,GOOG,128.7395477294922
2022-04-12,GOOG,127.32913208007813
2022-04-13,GOOG,129.22508239746094
2022-04-14,GOOG,126.2167739868164
2022-04-18,GOOG,126.91900634765625
2022-04-19,GOOG,129.4680938720703
2022-04-20,GOOG,127.20117950439453
2022-04-21,GOOG,123.92012023925781
2022-04-22,GOOG,118.63996887207031
2022-04-25,GOOG,122.2463607788086
2022-04-26,GOOG,118.53285217285156
2022-04-27,GOOG,114.08387756347656
2022-04-28,GOOG,118.43911743164063
2022-04-29,GOOG,114.03031921386719
2022-05-02,GOOG,116.2029800415039
2022-05-03,GOOG,117.16756439208984
2022-05-04,GOOG,121.57686614990234
2022-05-05,GOOG,115.79582214355469
2022-05-06,GOOG,114.71818542480469
2022-05-09,GOOG,112.16313934326172
2022-05-10,GOOG,113.65143585205078
2022-05-11,GOOG,113.03299713134766
2022-05-12,GOOG,112.23953247070313
2022-05-13,GOOG,115.56671142578125
2022-05-16,GOOG,113.85774230957031
2022-05-17,GOOG,115.7511978149414
2022-05-18,GOOG,111.48570251464844
2022-05-19,GOOG,109.84367370605469
2022-05-20,GOOG,108.42286682128906
2022-05-23,GOOG,110.75718688964844
2022-05-24,GOOG,105.06343841552734
2022-05-25,GOOG,104.9776382446289
2022-05-26,GOOG,107.41413116455078
2022-05-27,GOOG,111.88047790527344
2022-05-31,GOOG,113.1103744506836
2022-06-01,GOOG,113.20756530761719
2022-06-02,GOOG,116.78718566894531
2022-06-03,GOOG,113.63111114501953
2022-06-06,GOOG,116.05767822265625
2022-06-07,GOOG,116.27489471435547
2022-06-08,GOOG,116.28333282470703
2022-06-09,GOOG,113.98220825195313
2022-06-10,GOOG,110.52013397216797
2022-06-13,GOOG,106.00619506835938
2022-06-14,GOOG,106.32110595703125
2022-06-15,GOOG,109.49158477783203
2022-06-16,GOOG,105.76765441894531
2022-06-17,GOOG,106.98715209960938
2022-06-21,GOOG,111.10283660888672
2022-06-22,GOOG,111.12169647216797
2022-06-23,GOOG,111.76689147949219
2022-06-24,GOOG,117.5727310180664
2022-06-27,GOOG,115.67282104492188
2022-06-28,GOOG,111.65482330322266
2022-06-29,GOOG,111.34239196777344
2022-06-30,GOOG,108.48187255859375
2022-07-01,GOOG,108.1927490234375
2022-07-05,GOOG,112.9596176147461
2022-07-06,GOOG,114.27531433105469
2022-07-07,GOOG,118.33448028564453
2022-07-08,GOOG,119.1899642944336
2022-07-11,GOOG,115.57364654541016
2022-07-12,GOOG,113.91427612304688
2022-07-13,GOOG,111.27344512939453
2022-07-14,GOOG,110.53253936767578
2022-07-15,GOOG,111.8487319946289
2022-07-18,GOOG,109.01499938964844
2022-07-19,GOOG,113.68663787841797
2022-07-20,GOOG,113.76599884033203
2022-07-21,GOOG,114.10321807861328
2022-07-22,GOOG,107.47761535644531
2022-07-25,GOOG,107.3288345336914
2022-07-26,GOOG,104.58139038085938
2022-07-27,GOOG,112.67494201660156
2022-07-28,GOOG,113.6568832397461
2022-07-29,GOOG,115.69017791748047
2022-08-01,GOOG,114.53962707519531
2022-08-02,GOOG,114.95621490478516
2022-08-03,GOOG,117.81275939941406
2022-08-04,GOOG,117.90203094482422
2022-08-05,GOOG,117.25731658935547
2022-08-08,GOOG,117.17796325683594
2022-08-09,GOOG,116.54319763183594
2022-08-10,GOOG,119.66754913330078
2022-08-11,GOOG,118.84429168701172
2022-08-12,GOOG,121.65125274658203
2022-08-15,GOOG,121.8793716430664
2022-08-16,GOOG,121.51239013671875
2022-08-17,GOOG,119.3402328491211
2022-08-18,GOOG,119.87582397460938
2022-08-19,GOOG,117.15813446044922
2022-08-22,GOOG,114.13297271728516
2022-08-23,GOOG,113.83541870117188
2022-08-24,GOOG,113.76599884033203
2022-08-25,GOOG,116.74154663085938
2022-08-26,GOOG,110.39366912841797
2022-08-29,GOOG,109.44149780273438
2022-08-30,GOOG,109.01499938964844
2022-08-31,GOOG,108.26119232177734
2022-09-01,GOOG,109.6497802734375
2022-09-02,GOOG,107.79500579833984
2022-09-06,GOOG,106.60478210449219
2022-09-07,GOOG,109.58036041259766
2022-09-08,GOOG,108.52897644042969
2022-09-09,GOOG,110.86975860595703
2022-09-12,GOOG,110.95903778076172
2022-09-13,GOOG,104.45244598388672
2022-09-14,GOOG,105.00790405273438
2022-09-15,GOOG,103.05393981933594
2022-09-16,GOOG,102.78614044189453
2022-09-19,GOOG,103.00433349609375
2022-09-20,GOOG,101.00080108642578
2022-09-21,GOOG,99.19561767578125
2022-09-22,GOOG,99.75105285644531
2022-09-23,GOOG,98.362457275390625
2022-09-26,GOOG,98.00536346435547
2022-09-27,GOOG,97.2912368774414
2022-09-28,GOOG,99.91966247558594
2022-09-29,GOOG,97.2912368774414
2022-09-30,GOOG,95.3670425415039
2022-10-03,GOOG,98.49139404296875
2022-10-04,GOOG,101.5760726928711
2022-10-05,GOOG,101.38762664794922
2022-10-06,GOOG,101.4074478149414
2022-10-07,GOOG,98.759185791015625
2022-10-10,GOOG,97.90619659423828
2022-10-11,GOOG,97.25157928466797
2022-10-12,GOOG,97.499542236328125
2022-10-13,GOOG,98.8980484008789
2022-10-14,GOOG,96.38865661621094
2022-10-17,GOOG,99.95933532714844
2022-10-18,GOOG,100.56436157226563
2022-10-19,GOOG,99.47332763671875
2022-10-20,GOOG,99.71137237548828
2022-10-21,GOOG,100.65364837646484
2022-10-24,GOOG,102.13151550292969
2022-10-25,GOOG,104.0755615234375
2022-10-26,GOOG,94.0478744506836
2022-10-27,GOOG,91.845947265625
2022-10-28,GOOG,95.793548583984375
2022-10-31,GOOG,93.88917541503906
2022-11-01,GOOG,89.7630386352539
2022-11-02,GOOG,86.36097717285156
2022-11-03,GOOG,82.81012725830078
2022-11-04,GOOG,85.9939956665039
2022-11-07,GOOG,87.9281234741211
2022-11-08,GOOG,88.186004638671875
2022-11-09,GOOG,86.68829345703125
2022-11-10,GOOG,93.403167724609375
2022-11-11,GOOG,95.94230651855469
2022-11-14,GOOG,95.248016357421875
2022-11-15,GOOG,97.91613006591797
2022-11-16,GOOG,98.18391418457031
2022-11-17,GOOG,97.697906494140625
2022-11-18,GOOG,97.00361633300781
2022-11-21,GOOG,95.049652099609375
2022-11-22,GOOG,96.53743743896484
2022-11-23,GOOG,98.01530456542969
2022-11-25,GOOG,96.80522155761719
2022-11-28,GOOG,95.466217041015625
2022-11-29,GOOG,94.6628189086914
2022-11-30,GOOG,100.6238784790039
2022-12-01,GOOG,100.45526123046875
2022-12-02,GOOG,100.00892639160156
2022-12-05,GOOG,99.05674743652344
2022-12-06,GOOG,96.5176010131836
2022-12-07,GOOG,94.37518310546875
2022-12-08,GOOG,93.18495178222656
2022-12-09,GOOG,92.3121109008789
2022-12-12,GOOG,92.798126220703125
2022-12-13,GOOG,95.0694808959961
2022-12-14,GOOG,94.53387451171875
2022-12-15,GOOG,90.45735168457031
2022-12-16,GOOG,90.1201171875
2022-12-19,GOOG,88.4240493774414
2022-12-20,GOOG,88.90013885498047
2022-12-21,GOOG,89.51507568359375
2022-12-22,GOOG,87.54129791259766
2022-12-23,GOOG,89.07865905761719
2022-12-27,GOOG,87.21397399902344
2022-12-28,GOOG,85.75593566894531
2022-12-29,GOOG,88.22566223144531
2022-12-30,GOOG,88.007476806640625
2023-01-03,GOOG,88.96956634521484
2023-01-04,GOOG,87.98762512207031
2023-01-05,GOOG,86.06341552734375
2023-01-06,GOOG,87.4421157836914
2023-01-09,GOOG,88.076904296875
2023-01-10,GOOG,88.51332092285156
2023-01-11,GOOG,91.50871276855469
2023-01-12,GOOG,91.16156768798828
2023-01-13,GOOG,92.04432678222656
2023-01-17,GOOG,91.40953826904297
2023-01-18,GOOG,91.0326156616211
2023-01-19,GOOG,93.145294189453125
2023-01-20,GOOG,98.4715576171875
2023-01-23,GOOG,100.38583374023438
2023-01-24,GOOG,98.402130126953125
2023-01-25,GOOG,95.94230651855469
2023-01-26,GOOG,98.35253143310547
2023-01-27,GOOG,99.88990020751953
2023-01-30,GOOG,97.152374267578125
2023-01-31,GOOG,99.05674743652344
2023-02-01,GOOG,100.60404968261719
2023-02-02,GOOG,107.9140396118164
2023-02-03,GOOG,104.36319732666016
2023-02-06,GOOG,102.62742614746094
2023-02-07,GOOG,107.16023254394531
2023-02-08,GOOG,99.1856918334961
2023-02-09,GOOG,94.68266296386719
2023-02-10,GOOG,94.087554931640625
2023-02-13,GOOG,94.226409912109375
2023-02-14,GOOG,94.17681121826172
2023-02-15,GOOG,96.3093032836914
2023-02-16,GOOG,95.00004577636719
2023-02-17,GOOG,93.81974029541016
2023-02-21,GOOG,91.30043029785156
2023-02-22,GOOG,91.052459716796875
2023-02-23,GOOG,90.32842254638672
2023-02-24,GOOG,88.622406005859375
2023-02-27,GOOG,89.366302490234375
2023-02-28,GOOG,89.56468200683594
2023-03-01,GOOG,89.772979736328125
2023-03-02,GOOG,91.55831146240234
2023-03-03,GOOG,93.25437927246094
2023-03-06,GOOG,94.80168914794922
2023-03-07,GOOG,93.403167724609375
2023-03-08,GOOG,93.87926483154297
2023-03-09,GOOG,91.90547180175781
2023-03-10,GOOG,90.2688980102539
2023-03-13,GOOG,90.913604736328125
2023-03-14,GOOG,93.482513427734375
2023-03-15,GOOG,95.7637939453125
2023-03-16,GOOG,100.24698638916016
2023-03-17,GOOG,101.62566375732422
2023-03-20,GOOG,101.0999755859375
2023-03-21,GOOG,104.97813415527344
2023-03-22,GOOG,103.37132263183594
2023-03-23,GOOG,105.39472961425781
2023-03-24,GOOG,105.19634246826172
2023-03-27,GOOG,102.22076416015625
2023-03-28,GOOG,100.53462982177734
2023-03-29,GOOG,101.07022094726563
2023-03-30,GOOG,100.49493408203125
2023-03-31,GOOG,103.15312957763672
2023-04-03,GOOG,104.05571746826172
2023-04-04,GOOG,104.26399993896484
2023-04-05,GOOG,104.09538269042969
2023-04-06,GOOG,108.01322937011719
2023-04-10,GOOG,106.07909393310547
2023-04-11,GOOG,105.25586700439453
2023-04-12,GOOG,104.36319732666016
2023-04-13,GOOG,107.30900573730469
2023-04-14,GOOG,108.56866455078125
2023-04-17,GOOG,105.55339813232422
2023-04-18,GOOG,104.26399993896484
2023-04-19,GOOG,104.16480255126953
2023-04-20,GOOG,105.03765106201172
2023-04-21,GOOG,105.04756927490234
2023-04-24,GOOG,105.91047668457031
2023-04-25,GOOG,103.7581558227539
2023-04-26,GOOG,103.59944915771484
2023-04-27,GOOG,107.48753356933594
2023-04-28,GOOG,107.33876037597656
2023-05-01,GOOG,106.83290100097656
2023-05-02,GOOG,105.11698913574219
2023-05-03,GOOG,105.25586700439453
2023-05-04,GOOG,104.35325622558594
2023-05-05,GOOG,105.35008239746094
2023-05-08,GOOG,107.35858154296875
2023-05-09,GOOG,107.06103515625
2023-05-10,GOOG,111.36569213867188
2023-05-11,GOOG,115.94807434082031
2023-05-12,GOOG,116.95976257324219
2023-05-15,GOOG,116.00758361816406
2023-05-16,GOOG,119.11209106445313
2023-05-17,GOOG,120.49079132080078
2023-05-18,GOOG,122.51415252685547
2023-05-19,GOOG,122.2463607788086
2023-05-22,GOOG,124.84503936767578
2023-05-23,GOOG,122.28604888916016
2023-05-24,GOOG,120.64947509765625
2023-05-25,GOOG,123.33739471435547
2023-05-26,GOOG,124.40861511230469
2023-05-30,GOOG,123.62505340576172
2023-05-31,GOOG,122.36538696289063
2023-06-01,GOOG,123.35725402832031
2023-06-02,GOOG,124.21024322509766
2023-06-05,GOOG,125.59882354736328
2023-06-06,GOOG,126.86841583251953
2023-06-07,GOOG,121.93889617919922
2023-06-08,GOOG,121.67108917236328
2023-06-09,GOOG,121.86946868896484
2023-06-12,GOOG,123.33739471435547
2023-06-13,GOOG,123.41676330566406
2023-06-14,GOOG,123.36715698242188
2023-06-15,GOOG,124.76568603515625
2023-06-16,GOOG,123.04975891113281
2023-06-20,GOOG,122.84147644042969
2023-06-21,GOOG,120.27257537841797
2023-06-22,GOOG,122.86131286621094
2023-06-23,GOOG,122.01823425292969
2023-06-26,GOOG,118.1202392578125
2023-06-27,GOOG,118.04090118408203
2023-06-28,GOOG,120.09404754638672
2023-06-29,GOOG,119.03274536132813
2023-06-30,GOOG,119.98493957519531
2023-07-03,GOOG,119.5782699584961
2023-07-05,GOOG,121.63140869140625
2023-07-06,GOOG,119.94525909423828
2023-07-07,GOOG,119.16168975830078
2023-07-10,GOOG,115.91831970214844
2023-07-11,GOOG,116.75147247314453
2023-07-12,GOOG,118.64591979980469
2023-07-13,GOOG,123.81351470947266
2023-07-14,GOOG,124.67640686035156
2023-07-17,GOOG,124.04161834716797
2023-07-18,GOOG,123.0696029663086
2023-07-19,GOOG,121.78018951416016
2023-07-20,GOOG,118.55664825439453
2023-07-21,GOOG,119.33030700683594
2023-07-24,GOOG,120.88751983642578
2023-07-25,GOOG,121.79011535644531
2023-07-26,GOOG,128.6041717529297
2023-07-27,GOOG,128.81243896484375
2023-07-28,GOOG,131.92686462402344
2023-07-31,GOOG,132.02609252929688
2023-08-01,GOOG,130.81600952148438
2023-08-02,GOOG,127.59245300292969
2023-08-03,GOOG,127.7214126586914
2023-08-04,GOOG,127.49330139160156
2023-08-07,GOOG,130.86558532714844
2023-08-08,GOOG,130.76641845703125
2023-08-09,GOOG,129.09017944335938
2023-08-10,GOOG,129.14968872070313
2023-08-11,GOOG,129.11000061035156
2023-08-14,GOOG,130.75650024414063
2023-08-15,GOOG,129.20921325683594
2023-08-16,GOOG,128.05862426757813
2023-08-17,GOOG,129.39767456054688
2023-08-18,GOOG,127.06678771972656
2023-08-21,GOOG,127.88009643554688
2023-08-22,GOOG,128.6339569091797
2023-08-23,GOOG,132.12527465820313
2023-08-24,GOOG,129.35800170898438
2023-08-25,GOOG,129.62576293945313
2023-08-28,GOOG,130.716796875
2023-08-29,GOOG,134.38668823242188
2023-08-30,GOOG,135.81494140625
2023-08-31,GOOG,136.23155212402344
2023-09-01,GOOG,135.68603515625
2023-09-05,GOOG,135.59677124023438
2023-09-06,GOOG,134.2676544189453
2023-09-07,GOOG,135.09091186523438
2023-09-08,GOOG,136.08277893066406
2023-09-11,GOOG,136.61839294433594
2023-09-12,GOOG,134.9619598388672
2023-09-13,GOOG,136.3803253173828
2023-09-14,GOOG,137.8582000732422
2023-09-15,GOOG,137.17381286621094
2023-09-18,GOOG,137.8284454345703
2023-09-19,GOOG,137.69949340820313
2023-09-20,GOOG,133.49403381347656
2023-09-21,GOOG,130.29031372070313
2023-09-22,GOOG,130.1812286376953
2023-09-25,GOOG,131.0937042236328
2023-09-26,GOOG,128.39590454101563
2023-09-27,GOOG,130.3895263671875
2023-09-28,GOOG,132.04591369628906
2023-09-29,GOOG,130.77635192871094
2023-10-02,GOOG,134.06930541992188
2023-10-03,GOOG,132.21453857421875
2023-10-04,GOOG,135.16033935546875
2023-10-05,GOOG,134.8826141357422
2023-10-06,GOOG,137.60031127929688
2023-10-09,GOOG,138.36404418945313
2023-10-10,GOOG,138.0664825439453
2023-10-11,GOOG,140.5460968017578
2023-10-12,GOOG,139.1475830078125
2023-10-13,GOOG,137.45152282714844
2023-10-16,GOOG,139.34597778320313
2023-10-17,GOOG,139.84190368652344
2023-10-18,GOOG,138.1458282470703
2023-10-19,GOOG,137.8482666015625
2023-10-20,GOOG,135.62652587890625
2023-10-23,GOOG,136.77706909179688
2023-10-24,GOOG,138.97897338867188
2023-10-25,GOOG,125.63851165771484
2023-10-26,GOOG,122.434814453125
2023-10-27,GOOG,122.3951416015625
2023-10-30,GOOG,124.72601318359375
2023-10-31,GOOG,124.27967071533203
2023-11-01,GOOG,126.53119659423828
2023-11-02,GOOG,127.53296661376953
2023-11-03,GOOG,129.30836486816406
2023-11-06,GOOG,130.3795928955078
2023-11-07,GOOG,131.3218231201172
2023-11-08,GOOG,132.1748504638672
2023-11-09,GOOG,130.61764526367188
2023-11-10,GOOG,132.9683380126953
2023-11-13,GOOG,132.5517578125
2023-11-14,GOOG,134.32717895507813
2023-11-15,GOOG,135.26943969726563
2023-11-16,GOOG,137.57057189941406
2023-11-17,GOOG,135.82489013671875
2023-11-20,GOOG,136.79689025878906
2023-11-21,GOOG,137.49119567871094
2023-11-22,GOOG,138.87982177734375
2023-11-24,GOOG,137.0944366455078
2023-11-27,GOOG,136.92587280273438
2023-11-28,GOOG,137.49119567871094
2023-11-29,GOOG,135.28927612304688
2023-11-30,GOOG,132.82948303222656
2023-12-01,GOOG,132.23435974121094
2023-12-04,GOOG,129.56626892089844
2023-12-05,GOOG,131.31195068359375
2023-12-06,GOOG,130.35972595214844
2023-12-07,GOOG,137.3225860595703
2023-12-08,GOOG,135.52732849121094
2023-12-11,GOOG,133.6031036376953
2023-12-12,GOOG,132.5517578125
2023-12-13,GOOG,132.87905883789063
2023-12-14,GOOG,132.11534118652344
2023-12-15,GOOG,132.7501220703125
2023-12-18,GOOG,136.07284545898438
2023-12-19,GOOG,136.9754638671875
2023-12-20,GOOG,138.5227508544922
2023-12-21,GOOG,140.64532470703125
2023-12-22,GOOG,141.55783081054688
2023-12-26,GOOG,141.65701293945313
2023-12-27,GOOG,140.28822326660156
2023-12-28,GOOG,140.1295166015625
2023-12-29,GOOG,139.78237915039063
2024-01-02,GOOG,138.4235382080078
2024-01-03,GOOG,139.217041015625
2024-01-04,GOOG,136.91590881347656
2024-01-05,GOOG,136.271240234375
2024-01-08,GOOG,139.38565063476563
2024-01-09,GOOG,141.39913940429688
2024-01-10,GOOG,142.62905883789063
2024-01-11,GOOG,142.50009155273438
2024-01-12,GOOG,143.0654296875
2024-01-16,GOOG,142.90675354003906
2024-01-17,GOOG,141.72642517089844
2024-01-18,GOOG,143.80935668945313
2024-01-19,GOOG,146.7650604248047
2024-01-22,GOOG,146.50717163085938
2024-01-23,GOOG,147.46925354003906
2024-01-24,GOOG,149.1256866455078
2024-01-25,GOOG,152.388916015625
2024-01-26,GOOG,152.5376739501953
2024-01-29,GOOG,153.57911682128906
2024-01-30,GOOG,151.8037109375
2024-01-31,GOOG,140.64532470703125
2024-02-01,GOOG,141.54791259765625
2024-02-02,GOOG,142.3711395263672
2024-02-05,GOOG,143.74978637695313
2024-02-06,GOOG,144.22592163085938
2024-02-07,GOOG,145.48556518554688
2024-02-08,GOOG,146.02117919921875
2024-02-09,GOOG,148.99673461914063
2024-02-12,GOOG,147.51889038085938
2024-02-13,GOOG,145.17808532714844
2024-02-14,GOOG,145.9418182373047
2024-02-15,GOOG,142.7678985595703
2024-02-16,GOOG,140.60565185546875
2024-02-20,GOOG,141.0420379638672
2024-02-21,GOOG,142.66871643066406
2024-02-22,GOOG,144.1366424560547
2024-02-23,GOOG,144.1068878173828
2024-02-26,GOOG,137.6201629638672
2024-02-27,GOOG,138.9591522216797
2024-02-28,GOOG,136.31088256835938
2024-02-29,GOOG,138.6417694091797
2024-03-01,GOOG,136.95558166503906
2024-03-04,GOOG,133.107177734375
2024-03-05,GOOG,132.69061279296875
2024-03-06,GOOG,131.48056030273438
2024-03-07,GOOG,134.1387481689453
2024-03-08,GOOG,135.18019104003906
2024-03-11,GOOG,137.80860900878906
2024-03-12,GOOG,138.48306274414063
2024-03-13,GOOG,139.62368774414063
2024-03-14,GOOG,143.1646270751953
2024-03-15,GOOG,141.01231384277344
2024-03-18,GOOG,147.27090454101563
2024-03-19,GOOG,146.71546936035156
2024-03-20,GOOG,148.46112060546875
2024-03-21,GOOG,147.52882385253906
2024-03-22,GOOG,150.53411865234375
2024-03-25,GOOG,149.91915893554688
2024-03-26,GOOG,150.4646759033203
2024-03-27,GOOG,150.70274353027344
2024-03-28,GOOG,151.02012634277344
2024-04-01,GOOG,155.22560119628906
2024-04-02,GOOG,154.6007537841797
2024-04-03,GOOG,155.0966796875
2024-04-04,GOOG,150.70274353027344
2024-04-05,GOOG,152.6864776611328
2024-04-08,GOOG,154.8685302734375
2024-04-09,GOOG,156.8522491455078
2024-04-10,GOOG,156.3761749267578
2024-04-11,GOOG,159.48068237304688
2024-04-12,GOOG,157.89370727539063
2024-04-15,GOOG,155.05699157714844
2024-04-16,GOOG,154.7296600341797
2024-04-17,GOOG,155.60252380371094
2024-04-18,GOOG,156.17779541015625
2024-04-19,GOOG,154.45196533203125
2024-04-22,GOOG,156.66380310058594
2024-04-23,GOOG,158.6177520751953
2024-04-24,GOOG,159.78817749023438
2024-04-25,GOOG,156.66380310058594
2024-04-26,GOOG,172.275634765625
2024-04-29,GOOG,166.53277587890625
2024-04-30,GOOG,163.29931640625
2024-05-01,GOOG,164.2217559814453
2024-05-02,GOOG,167.08824157714844
2024-05-03,GOOG,167.6138916015625
2024-05-06,GOOG,168.44708251953125
2024-05-07,GOOG,171.5714111328125
2024-05-08,GOOG,169.76622009277344
2024-05-09,GOOG,170.1828155517578
2024-05-10,GOOG,168.90330505371094
2024-05-13,GOOG,169.50833129882813
2024-05-14,GOOG,170.52996826171875
2024-05-15,GOOG,172.4640655517578
2024-05-16,GOOG,174.00144958496094
2024-05-17,GOOG,175.84629821777344
2024-05-20,GOOG,177.00677490234375
2024-05-21,GOOG,178.07798767089844
2024-05-22,GOOG,176.550537109375
2024-05-23,GOOG,173.6344757080078
2024-05-24,GOOG,174.89413452148438
2024-05-28,GOOG,176.57037353515625
2024-05-29,GOOG,175.95541381835938
2024-05-30,GOOG,172.1466827392578
2024-05-31,GOOG,172.54342651367188
2024-06-03,GOOG,172.99966430664063
2024-06-04,GOOG,173.7039031982422
2024-06-05,GOOG,175.6281280517578
2024-06-06,GOOG,176.89768981933594
2024-06-07,GOOG,174.5172119140625
2024-06-10,GOOG,175.3910675048828
2024-06-11,GOOG,176.9401092529297
2024-06-12,GOOG,178.30050659179688
2024-06-13,GOOG,175.50027465820313
2024-06-14,GOOG,177.11883544921875
2024-06-17,GOOG,177.5259552001953
2024-06-18,GOOG,175.2122802734375
2024-06-20,GOOG,176.46348571777344
2024-06-21,GOOG,178.99557495117188
2024-06-24,GOOG,179.52183532714844
2024-06-25,GOOG,184.27825927734375
2024-06-26,GOOG,184.0697479248047
2024-06-27,GOOG,185.5492706298828
2024-06-28,GOOG,182.13340759277344
2024-07-01,GOOG,183.1959228515625
2024-07-02,GOOG,185.30104064941406
2024-07-03,GOOG,186.07557678222656
2024-07-05,GOOG,190.613525390625
2024-07-08,GOOG,189.14390563964844
2024-07-09,GOOG,189.10418701171875
2024-07-10,GOOG,191.30859375
2024-07-11,GOOG,185.98622131347656
2024-07-12,GOOG,185.4698486328125
2024-07-15,GOOG,186.86997985839844
2024-07-16,GOOG,184.19882202148438
2024-07-17,GOOG,181.3390350341797
2024-07-18,GOOG,177.962890625
2024-07-19,GOOG,178.13168334960938
2024-07-22,GOOG,182.0639190673828
2024-07-23,GOOG,182.3121795654297
2024-07-24,GOOG,173.14688110351563
2024-07-25,GOOG,167.9734649658203
2024-07-26,GOOG,167.49681091308594
2024-07-29,GOOG,169.92962646484375
2024-07-30,GOOG,170.6544952392578
2024-07-31,GOOG,171.93545532226563
2024-08-01,GOOG,171.24037170410156
2024-08-02,GOOG,167.2187957763672
2024-08-05,GOOG,159.5132293701172
2024-08-06,GOOG,159.4138946533203
2024-08-07,GOOG,159.6224365234375
2024-08-08,GOOG,162.6907501220703
2024-08-09,GOOG,164.22988891601563
2024-08-12,GOOG,162.79998779296875
2024-08-13,GOOG,164.76611328125
2024-08-14,GOOG,160.89344787597656
2024-08-15,GOOG,162.0254669189453
2024-08-16,GOOG,163.58445739746094
2024-08-19,GOOG,167.2187957763672
2024-08-20,GOOG,167.7748565673828
2024-08-21,GOOG,166.45419311523438
2024-08-22,GOOG,164.32919311523438
2024-08-23,GOOG,166.2555694580078
2024-08-26,GOOG,166.7520751953125
2024-08-27,GOOG,165.21295166015625
2024-08-28,GOOG,163.3461456298828
2024-08-29,GOOG,162.25384521484375
2024-08-30,GOOG,163.95184326171875
2024-09-03,GOOG,157.4974365234375
2024-09-04,GOOG,156.7030487060547
2024-09-05,GOOG,157.48753356933594
2024-09-06,GOOG,151.06289672851563
2024-09-09,GOOG,148.68655395507813
2024-09-10,GOOG,149.1538543701172
2024-09-11,GOOG,151.2816162109375
2024-09-12,GOOG,154.65228271484375
2024-09-13,GOOG,157.4661407470703
2024-09-16,GOOG,158.08262634277344
2024-09-17,GOOG,159.36521911621094
2024-09-18,GOOG,159.89222717285156
2024-09-19,GOOG,162.30838012695313
2024-09-20,GOOG,163.7003631591797
2024-09-23,GOOG,162.13931274414063
2024-09-24,GOOG,162.70606994628906
2024-09-25,GOOG,162.05975341796875
2024-09-26,GOOG,162.89495849609375
2024-09-27,GOOG,164.3466339111328
2024-09-30,GOOG,166.2357940673828
2024-10-01,GOOG,167.4587860107422
2024-10-02,GOOG,166.35511779785156
2024-10-03,GOOG,166.2556915283203
2024-10-04,GOOG,167.59799194335938
2024-10-07,GOOG,163.4517822265625
2024-10-08,GOOG,164.75430297851563
2024-10-09,GOOG,162.12936401367188
2024-10-10,GOOG,162.2486572265625
2024-10-11,GOOG,163.5810546875
2024-10-14,GOOG,165.4005889892578
2024-10-15,GOOG,165.94744873046875
2024-10-16,GOOG,165.78839111328125
2024-10-17,GOOG,163.5710906982422
2024-10-18,GOOG,164.10801696777344
2024-10-21,GOOG,164.853759765625
2024-10-22,GOOG,165.867919921875
2024-10-23,GOOG,163.54127502441406
2024-10-24,GOOG,163.5909881591797
2024-10-25,GOOG,166.0369415283203
2024-10-28,GOOG,167.3792266845703
2024-10-29,GOOG,170.1632537841797
2024-10-30,GOOG,175.1347198486328
2024-10-31,GOOG,171.7044219970703
2024-11-01,GOOG,171.6646270751953
2024-11-04,GOOG,169.70587158203125
2024-11-05,GOOG,170.43173217773438
2024-11-06,GOOG,177.3122100830078
2024-11-07,GOOG,181.23968505859375
2024-11-08,GOOG,178.83351135253906
2024-11-11,GOOG,180.93145751953125
2024-11-12,GOOG,182.27374267578125
2024-11-13,GOOG,179.45989990234375
2024-11-14,GOOG,176.33782958984375
2024-11-15,GOOG,172.89756774902344
2024-11-18,GOOG,175.79095458984375
2024-11-19,GOOG,178.5550994873047
2024-11-20,GOOG,176.3179473876953
2024-11-21,GOOG,168.2740936279297
2024-11-22,GOOG,165.6193389892578
2024-11-25,GOOG,168.46299743652344
2024-11-26,GOOG,169.64622497558594
2024-11-27,GOOG,169.8450927734375
2024-11-29,GOOG,169.5169677734375
2024-12-02,GOOG,171.99273681640625
2024-12-03,GOOG,172.03253173828125
2024-12-04,GOOG,175.08502197265625
2024-12-05,GOOG,173.31517028808594
2024-12-06,GOOG,175.48272705078125
2024-12-09,GOOG,176.28903198242188
2024-12-10,GOOG,185.67584228515625
2024-12-11,GOOG,195.8092041015625
2024-12-12,GOOG,192.7433319091797
2024-12-13,GOOG,190.5036163330078
2024-12-16,GOOG,197.25259399414063
2024-12-17,GOOG,196.21734619140625
2024-12-18,GOOG,189.2792510986328
2024-12-19,GOOG,188.83131408691406
2024-12-20,GOOG,192.07640075683594
2024-12-23,GOOG,195.09251403808594
2024-12-24,GOOG,196.665283203125
2024-12-26,GOOG,196.19741821289063
2024-12-27,GOOG,193.1514434814453
2024-12-30,GOOG,191.80763244628906
2024-12-31,GOOG,189.56793212890625
2025-01-02,GOOG,189.75706481933594
2025-01-03,GOOG,192.24560546875
2025-01-06,GOOG,197.05349731445313
2025-01-07,GOOG,195.8092041015625
2025-01-08,GOOG,194.49525451660156
2025-01-10,GOOG,192.28543090820313
2025-01-13,GOOG,191.40943908691406
2025-01-14,GOOG,190.17515563964844
2025-01-15,GOOG,196.07798767089844
2025-01-16,GOOG,193.519775390625
2025-01-17,GOOG,196.6453857421875
2025-01-21,GOOG,198.71585083007813
2025-01-22,GOOG,199.114013671875
2025-01-23,GOOG,198.66607666015625
2025-01-24,GOOG,200.97544860839844
2025-01-27,GOOG,192.8826904296875
2025-01-28,GOOG,196.16758728027344
2025-01-29,GOOG,196.2770538330078
2025-01-30,GOOG,201.70211791992188
2025-01-31,GOOG,204.65850830078125
2025-02-03,GOOG,201.71206665039063
2025-02-04,GOOG,206.7588653564453
2025-02-05,GOOG,192.4148406982422
2025-02-06,GOOG,192.42478942871094
2025-02-07,GOOG,186.28305053710938
2025-02-10,GOOG,187.33819580078125
2025-02-11,GOOG,186.21336364746094
2025-02-12,GOOG,184.58087158203125
2025-02-13,GOOG,187.01966857910156
2025-02-14,GOOG,186.0142822265625
2025-02-18,GOOG,184.9491729736328
2025-02-19,GOOG,186.2730712890625
2025-02-20,GOOG,185.7853240966797
2025-02-21,GOOG,180.7484893798828
2025-02-24,GOOG,180.3602752685547
2025-02-25,GOOG,176.5577850341797
2025-02-26,GOOG,173.89999389648438
2025-02-27,GOOG,169.43057250976563
2025-02-28,GOOG,171.4313507080078
2025-03-03,GOOG,167.88768005371094
2025-03-04,GOOG,171.81956481933594
2025-03-05,GOOG,174.18870544433594
2025-03-06,GOOG,173.4122772216797
2025-03-07,GOOG,174.9451904296875
2025-03-10,GOOG,167.2318572998047
2025-03-11,GOOG,165.4081573486328
2025-03-12,GOOG,168.4177703857422
2025-03-13,GOOG,164.1624755859375
2025-03-14,GOOG,167.0425262451172
2025-03-17,GOOG,165.9961395263672
2025-03-18,GOOG,162.1095733642578
2025-03-19,GOOG,165.70713806152344
2025-03-20,GOOG,164.4813690185547
2025-03-21,GOOG,165.67723083496094
2025-03-24,GOOG,169.3445587158203
2025-03-25,GOOG,172.1947021484375
2025-03-26,GOOG,166.5641632080078
2025-03-27,GOOG,163.5147247314453
2025-03-28,GOOG,155.5223388671875
2025-03-31,GOOG,155.69175720214844
2025-04-01,GOOG,158.3326416015625
2025-04-02,GOOG,158.31271362304688
2025-04-03,GOOG,152.10415649414063
2025-04-04,GOOG,147.23101806640625
2025-04-07,GOOG,148.72584533691406
2025-04-08,GOOG,146.07501220703125
2025-04-09,GOOG,160.50511169433594
2025-04-10,GOOG,154.834716796875
2025-04-11,GOOG,158.850830078125
2025-04-14,GOOG,160.9136962890625
2025-04-15,GOOG,158.13330078125
2025-04-16,GOOG,154.9642791748047
2025-04-17,GOOG,152.83163452148438
2025-04-21,GOOG,149.3437042236328
2025-04-22,GOOG,153.36978149414063
2025-04-23,GOOG,157.17660522460938
2025-04-24,GOOG,160.9136962890625
2025-04-25,GOOG,163.28550720214844
2025-04-28,GOOG,161.8604278564453
2025-04-29,GOOG,161.5016632080078
2025-04-30,GOOG,160.335693359375
2025-05-01,GOOG,162.22914123535156
2025-05-02,GOOG,165.23875427246094
2025-05-05,GOOG,165.47793579101563
2025-05-06,GOOG,164.630859375
2025-05-07,GOOG,152.2735595703125
2025-05-08,GOOG,155.21339416503906
2025-05-09,GOOG,153.84812927246094
2025-05-12,GOOG,159.0302276611328
2025-05-13,GOOG,160.335693359375
2025-05-14,GOOG,166.2353057861328
2025-05-15,GOOG,164.8301544189453
2025-05-16,GOOG,166.85316467285156
2025-05-19,GOOG,167.29165649414063
2025-05-20,GOOG,164.75045776367188
2025-05-21,GOOG,169.47410583496094
2025-05-22,GOOG,171.38748168945313
2025-05-23,GOOG,169.00572204589844
2025-05-27,GOOG,173.38059997558594
2025-05-28,GOOG,172.78268432617188
2025-05-29,GOOG,172.3641357421875
2025-05-30,GOOG,172.25450134277344
2025-06-02,GOOG,169.78305053710938
2025-06-03,GOOG,167.13221740722656
2025-06-04,GOOG,168.80642700195313
2025-06-05,GOOG,169.22499084472656
2025-06-06,GOOG,174.31736755371094
2025-06-09,GOOG,177.23081970214844
2025-06-10,GOOG,179.60545349121094
2025-06-11,GOOG,178.38819885253906
2025-06-12,GOOG,176.57228088378906
2025-06-13,GOOG,175.4847412109375
2025-06-16,GOOG,177.54010009765625
2025-06-17,GOOG,176.83169555664063
2025-06-18,GOOG,173.58900451660156
2025-06-20,GOOG,167.35304260253906
2025-06-23,GOOG,165.6369171142578
2025-06-24,GOOG,167.363037109375
2025-06-25,GOOG,171.10459899902344
2025-06-26,GOOG,174.03799438476563
2025-06-27,GOOG,177.86936950683594
2025-06-30,GOOG,176.99134826660156
2025-07-01,GOOG,176.51243591308594
2025-07-02,GOOG,179.3560028076172
2025-07-03,GOOG,180.1442413330078
2025-07-07,GOOG,177.1609649658203
2025-07-08,GOOG,174.76637268066406
2025-07-09,GOOG,177.2607421875
2025-07-10,GOOG,178.2983856201172
2025-07-11,GOOG,180.90252685546875
2025-07-14,GOOG,182.399169921875
2025-07-15,GOOG,182.6885223388672
2025-07-16,GOOG,183.3570098876953
2025-07-17,GOOG,184.284912109375
2025-07-18,GOOG,185.52212524414063
2025-07-21,GOOG,190.7204132080078
2025-07-22,GOOG,191.6782684326172
2025-07-23,GOOG,191.07958984375
2025-07-24,GOOG,192.76580810546875
2025-07-25,GOOG,193.6438446044922
2025-07-28,GOOG,192.98532104492188
2025-07-29,GOOG,195.98854064941406
2025-07-30,GOOG,196.9962921142578
2025-07-31,GOOG,192.42657470703125
2025-08-01,GOOG,189.5231170654297
2025-08-04,GOOG,195.31008911132813
2025-08-05,GOOG,194.88107299804688
2025-08-06,GOOG,196.47744750976563
2025-08-07,GOOG,196.83663940429688
2025-08-08,GOOG,201.63583374023438
2025-08-11,GOOG,201.17686462402344
2025-08-12,GOOG,203.70118713378906
2025-08-13,GOOG,202.57373046875
2025-08-14,GOOG,203.36195373535156
2025-08-15,GOOG,204.44949340820313
2025-08-18,GOOG,203.8308868408203
2025-08-19,GOOG,202.0349578857422
2025-08-20,GOOG,199.7401123046875
2025-08-21,GOOG,200.16912841796875
2025-08-22,GOOG,206.25543212890625
2025-08-25,GOOG,208.68995666503906
2025-08-26,GOOG,207.482666015625
2025-08-27,GOOG,207.74208068847656
2025-08-28,GOOG,211.89273071289063
2025-08-29,GOOG,213.05010986328125
2025-09-02,GOOG,211.51358032226563
2025-09-03,GOOG,230.58065795898438
2025-09-04,GOOG,232.1371307373047
2025-09-05,GOOG,234.64149475097656
2025-09-08,GOOG,233.84259033203125
2025-09-09,GOOG,239.61474609375
2025-09-10,GOOG,239.23526000976563
2025-09-11,GOOG,240.45361328125
2025-09-12,GOOG,241.0528106689453
2025-09-15,GOOG,251.41873168945313
2025-09-16,GOOG,251.0791778564453
2025-09-17,GOOG,249.51132202148438
2025-09-18,GOOG,251.98794555664063
2025-09-19,GOOG,254.89401245117188
2025-09-22,GOOG,252.53721618652344
2025-09-23,GOOG,251.99794006347656
2025-09-24,GOOG,247.4940643310547
2025-09-25,GOOG,246.2357635498047
2025-09-26,GOOG,246.8449249267578
2025-09-29,GOOG,244.0287628173828
2025-09-30,GOOG,243.2198486328125
2025-10-01,GOOG,245.2071533203125
2025-10-02,GOOG,246.095947265625
2025-10-03,GOOG,246.1159210205078
2025-10-06,GOOG,251.16905212402344
2025-10-07,GOOG,246.7949981689453
2025-10-08,GOOG,245.1272735595703
2025-10-09,GOOG,241.88168334960938
2025-10-10,GOOG,237.16807556152344
2025-10-13,GOOG,244.30838012695313
2025-10-14,GOOG,245.85629272460938
2025-10-15,GOOG,251.36880493164063
2025-10-16,GOOG,251.53857421875
2025-10-17,GOOG,253.4459686279297
2025-10-20,GOOG,256.6716003417969
2025-10-21,GOOG,250.99929809570313
2025-10-22,GOOG,252.18768310546875
2025-10-23,GOOG,253.3860626220703
2025-10-24,GOOG,260.1568603515625
2025-10-27,GOOG,269.5640869140625
2025-10-28,GOOG,268.0661315917969
2025-10-29,GOOG,274.7969970703125
2025-10-30,GOOG,281.5178527832031
2025-10-31,GOOG,281.43798828125
2025-11-03,GOOG,283.73486328125
2025-11-04,GOOG,277.6830749511719
2025-11-05,GOOG,284.364013671875
2025-11-06,GOOG,284.9532165527344
2025-11-07,GOOG,279.32086181640625
2025-11-10,GOOG,290.19610595703125
2025-11-11,GOOG,291.3445129394531
2025-11-12,GOOG,287.04034423828125
2025-11-13,GOOG,278.74163818359375
2025-11-14,GOOG,276.60455322265625
2025-11-17,GOOG,285.2128601074219
2025-11-18,GOOG,284.5736999511719
2025-11-19,GOOG,292.59283447265625
2025-11-20,GOOG,289.5869445800781
2025-11-21,GOOG,299.2438049316406
2025-11-24,GOOG,318.0382995605469
2025-11-25,GOOG,323.2012939453125
2025-11-26,GOOG,319.8458557128906
2025-11-28,GOOG,319.68603515625
2025-12-01,GOOG,314.6928405761719
2025-12-02,GOOG,315.59161376953125
2025-12-03,GOOG,320.1853942871094
2025-12-04,GOOG,317.9584045410156
2025-12-05,GOOG,321.65338134765625
2025-12-08,GOOG,314.2286376953125
2025-12-09,GOOG,317.52630615234375
2025-12-10,GOOG,320.7740173339844
2025-12-11,GOOG,313.4791564941406
2025-12-12,GOOG,310.3013916015625
2025-12-15,GOOG,309.10223388671875
2025-12-16,GOOG,307.51336669921875
2025-12-17,GOOG,297.85015869140625
2025-12-18,GOOG,303.5361633300781
2025-12-19,GOOG,308.3927307128906
2025-12-22,GOOG,311.1108093261719
2025-12-23,GOOG,315.457763671875
2025-12-24,GOOG,315.4477844238281
2025-12-26,GOOG,314.7382507324219
2025-12-29,GOOG,314.168701171875
2025-12-30,GOOG,314.32855224609375
2017-01-03,META,115.95008087158203
2017-01-04,META,117.76583099365234
2017-01-05,META,119.73042297363281
2017-01-06,META,122.4490966796875
2017-01-09,META,123.92747497558594
2017-01-10,META,123.38175964355469
2017-01-11,META,125.10820770263672
2017-01-12,META,125.63409423828125
2017-01-13,META,127.3406753540039
2017-01-17,META,126.87435150146484
2017-01-18,META,126.9239730834961
2017-01-19,META,126.55684661865234
2017-01-20,META,126.05081939697266
2017-01-23,META,127.92610168457031
2017-01-24,META,128.3626708984375
2017-01-25,META,130.45623779296875
2017-01-26,META,131.74612426757813
2017-01-27,META,131.15078735351563
2017-01-30,META,129.96011352539063
2017-01-31,META,129.30531311035156
2017-02-01,META,132.192626953125
2017-02-02,META,129.82122802734375
2017-02-03,META,129.96011352539063
2017-02-06,META,131.03173828125
2017-02-07,META,130.81344604492188
2017-02-08,META,133.1550750732422
2017-02-09,META,133.0955352783203
2017-02-10,META,133.1451416015625
2017-02-13,META,133.00625610351563
2017-02-14,META,132.8077850341797
2017-02-15,META,132.40097045898438
2017-02-16,META,132.7978515625
2017-02-17,META,132.49029541015625
2017-02-21,META,132.67880249023438
2017-02-22,META,135.06011962890625
2017-02-23,META,134.30606079101563
2017-02-24,META,134.3854217529297
2017-02-27,META,135.34786987304688
2017-02-28,META,134.48463439941406
2017-03-01,META,136.3499755859375
2017-03-02,META,135.69512939453125
2017-03-03,META,136.10194396972656
2017-03-06,META,136.3499755859375
2017-03-07,META,136.23092651367188
2017-03-08,META,136.6476593017578
2017-03-09,META,137.16363525390625
2017-03-10,META,137.70932006835938
2017-03-13,META,138.51303100585938
2017-03-14,META,138.2351837158203
2017-03-15,META,138.632080078125
2017-03-16,META,138.89999389648438
2017-03-17,META,138.7511444091797
2017-03-20,META,138.8503875732422
2017-03-21,META,137.4315185546875
2017-03-22,META,138.50311279296875
2017-03-23,META,138.44358825683594
2017-03-24,META,139.2472381591797
2017-03-27,META,139.2274169921875
2017-03-28,META,140.65618896484375
2017-03-29,META,141.53927612304688
2017-03-30,META,141.3011474609375
2017-03-31,META,140.9439697265625
2017-04-03,META,141.17214965820313
2017-04-04,META,140.62644958496094
2017-04-05,META,140.7455291748047
2017-04-06,META,140.07080078125
2017-04-07,META,139.683837890625
2017-04-10,META,139.94180297851563
2017-04-11,META,138.8305206298828
2017-04-12,META,138.4931640625
2017-04-13,META,138.3046417236328
2017-04-17,META,140.31883239746094
2017-04-18,META,139.86244201660156
2017-04-19,META,141.16221618652344
2017-04-20,META,142.68031311035156
2017-04-21,META,142.56126403808594
2017-04-24,META,144.33731079101563
2017-04-25,META,145.34938049316406
2017-04-26,META,145.4188232421875
2017-04-27,META,146.5499725341797
2017-04-28,META,149.08010864257813
2017-05-01,META,151.2729034423828
2017-05-02,META,151.59039306640625
2017-05-03,META,150.61802673339844
2017-05-04,META,149.67543029785156
2017-05-05,META,149.07017517089844
2017-05-08,META,149.8837890625
2017-05-09,META,149.30831909179688
2017-05-10,META,149.11978149414063
2017-05-11,META,148.87171936035156
2017-05-12,META,149.1594696044922
2017-05-15,META,149.02056884765625
2017-05-16,META,148.61375427246094
2017-05-17,META,143.72210693359375
2017-05-18,META,146.51026916503906
2017-05-19,META,146.9071502685547
2017-05-22,META,147.08575439453125
2017-05-23,META,146.91708374023438
2017-05-24,META,148.87171936035156
2017-05-25,META,150.7767791748047
2017-05-26,META,150.9454803466797
2017-05-30,META,151.1935272216797
2017-05-31,META,150.28067016601563
2017-06-01,META,150.35012817382813
2017-06-02,META,152.41392517089844
2017-06-05,META,152.4337921142578
2017-06-06,META,151.62014770507813
2017-06-07,META,151.927734375
2017-06-08,META,153.50537109375
2017-06-09,META,148.43516540527344
2017-06-12,META,147.28419494628906
2017-06-13,META,149.5067596435547
2017-06-14,META,149.08010864257813
2017-06-15,META,148.63360595703125
2017-06-16,META,149.46705627441406
2017-06-19,META,151.6796875
2017-06-20,META,151.0645294189453
2017-06-21,META,152.7115936279297
2017-06-22,META,152.20558166503906
2017-06-23,META,153.86256408691406
2017-06-26,META,152.3940887451172
2017-06-27,META,149.4075164794922
2017-06-28,META,152.04681396484375
2017-06-29,META,149.86395263671875
2017-06-30,META,149.80441284179688
2017-07-03,META,147.27426147460938
2017-07-05,META,149.1693878173828
2017-07-06,META,147.66122436523438
2017-07-07,META,150.26083374023438
2017-07-10,META,152.30479431152344
2017-07-11,META,154.06100463867188
2017-07-12,META,157.66275024414063
2017-07-13,META,158.0199432373047
2017-07-14,META,158.72442626953125
2017-07-17,META,158.4862823486328
2017-07-18,META,161.59190368652344
2017-07-19,META,162.86195373535156
2017-07-20,META,163.24891662597656
2017-07-21,META,163.14967346191406
2017-07-24,META,164.7074432373047
2017-07-25,META,163.99305725097656
2017-07-26,META,164.3205108642578
2017-07-27,META,169.11288452148438
2017-07-28,META,171.10723876953125
2017-07-31,META,167.93215942382813
2017-08-01,META,168.53738403320313
2017-08-02,META,167.98178100585938
2017-08-03,META,167.2772979736328
2017-08-04,META,168.2992706298828
2017-08-07,META,170.640869140625
2017-08-08,META,169.896728515625
2017-08-09,META,169.8471221923828
2017-08-10,META,166.09654235839844
2017-08-11,META,166.77127075195313
2017-08-14,META,169.42047119140625
2017-08-15,META,169.66851806640625
2017-08-16,META,168.6763153076172
2017-08-17,META,165.61038208007813
2017-08-18,META,166.1064910888672
2017-08-21,META,166.4735870361328
2017-08-22,META,168.3191375732422
2017-08-23,META,167.3963623046875
2017-08-24,META,166.43392944335938
2017-08-25,META,165.02500915527344
2017-08-28,META,165.93780517578125
2017-08-29,META,166.74151611328125
2017-08-30,META,168.596923828125
2017-08-31,META,170.6309814453125
2017-09-01,META,170.68060302734375
2017-09-05,META,169.39071655273438
2017-09-06,META,170.7500457763672
2017-09-07,META,171.86135864257813
2017-09-08,META,169.61891174316406
2017-09-11,META,172.1589813232422
2017-09-12,META,171.61328125
2017-09-13,META,171.7025909423828
2017-09-14,META,169.62884521484375
2017-09-15,META,170.30355834960938
2017-09-18,META,168.6862335205078
2017-09-19,META,171.1766815185547
2017-09-20,META,170.8294219970703
2017-09-21,META,169.77769470214844
2017-09-22,META,169.21209716796875
2017-09-25,META,161.60183715820313
2017-09-26,META,162.931396484375
2017-09-27,META,166.3743896484375
2017-09-28,META,167.41619873046875
2017-09-29,META,169.5395050048828
2017-10-02,META,168.15048217773438
2017-10-03,META,168.63662719726563
2017-10-04,META,167.10861206054688
2017-10-05,META,169.90667724609375
2017-10-06,META,170.8889617919922
2017-10-09,META,171.15682983398438
2017-10-10,META,170.25392150878906
2017-10-11,META,171.39498901367188
2017-10-12,META,171.2064666748047
2017-10-13,META,172.38717651367188
2017-10-16,META,173.1611328125
2017-10-17,META,174.73875427246094
2017-10-18,META,174.6593475341797
2017-10-19,META,173.20079040527344
2017-10-20,META,173.6175079345703
2017-10-23,META,169.93641662597656
2017-10-24,META,170.4623260498047
2017-10-25,META,169.2716522216797
2017-10-26,META,169.30142211914063
2017-10-27,META,176.49497985839844
2017-10-30,META,178.46945190429688
2017-10-31,META,178.657958984375
2017-11-01,META,181.23776245117188
2017-11-02,META,177.52687072753906
2017-11-03,META,177.52687072753906
2017-11-06,META,178.76712036132813
2017-11-07,META,178.84649658203125
2017-11-08,META,178.161865234375
2017-11-09,META,177.9038848876953
2017-11-10,META,177.07044982910156
2017-11-13,META,177.37802124023438
2017-11-14,META,176.6835174560547
2017-11-15,META,176.5644073486328
2017-11-16,META,178.19163513183594
2017-11-17,META,177.6062469482422
2017-11-20,META,177.34829711914063
2017-11-21,META,180.44400024414063
2017-11-22,META,179.46170043945313
2017-11-24,META,181.35679626464844
2017-11-27,META,181.6048583984375
2017-11-28,META,180.99960327148438
2017-11-29,META,173.76637268066406
2017-11-30,META,175.80039978027344
2017-12-01,META,173.73660278320313
2017-12-04,META,170.13487243652344
2017-12-05,META,171.48428344726563
2017-12-06,META,174.68911743164063
2017-12-07,META,178.7373504638672
2017-12-08,META,177.6062469482422
2017-12-11,META,177.64590454101563
2017-12-12,META,175.5821533203125
2017-12-13,META,176.91168212890625
2017-12-14,META,177.00099182128906
2017-12-15,META,178.7770233154297
2017-12-18,META,179.4120635986328
2017-12-19,META,178.11227416992188
2017-12-20,META,176.5048828125
2017-12-21,META,176.06829833984375
2017-12-22,META,175.82025146484375
2017-12-26,META,174.61968994140625
2017-12-27,META,176.2369842529297
2017-12-28,META,176.53465270996094
2017-12-29,META,175.08602905273438
2018-01-02,META,180.0074005126953
2018-01-03,META,183.23208618164063
2018-01-04,META,182.8947296142578
2018-01-05,META,185.39511108398438
2018-01-08,META,186.81398010253906
2018-01-09,META,186.4071807861328
2018-01-10,META,186.3773956298828
2018-01-11,META,186.30795288085938
2018-01-12,META,177.97332763671875
2018-01-16,META,177.00099182128906
2018-01-17,META,176.21713256835938
2018-01-18,META,178.40000915527344
2018-01-19,META,179.87840270996094
2018-01-22,META,183.9266357421875
2018-01-23,META,187.8756561279297
2018-01-24,META,185.09744262695313
2018-01-25,META,186.0201873779297
2018-01-26,META,188.52061462402344
2018-01-29,META,184.53187561035156
2018-01-30,META,185.66299438476563
2018-01-31,META,185.43479919433594
2018-02-01,META,191.58653259277344
2018-02-02,META,188.7983856201172
2018-02-05,META,179.8486328125
2018-02-06,META,183.86709594726563
2018-02-07,META,178.7770233154297
2018-02-08,META,170.24400329589844
2018-02-09,META,174.73875427246094
2018-02-12,META,175.03640747070313
2018-02-13,META,171.80177307128906
2018-02-14,META,178.12220764160156
2018-02-15,META,178.55874633789063
2018-02-16,META,175.97901916503906
2018-02-20,META,174.63949584960938
2018-02-21,META,176.5247344970703
2018-02-22,META,177.59632873535156
2018-02-23,META,181.86282348632813
2018-02-26,META,183.4900360107422
2018-02-27,META,180.04710388183594
2018-02-28,META,176.93153381347656
2018-03-01,META,174.570068359375
2018-03-02,META,175.24476623535156
2018-03-05,META,178.99533081054688
2018-03-06,META,178.38015747070313
2018-03-07,META,182.27955627441406
2018-03-08,META,180.9202117919922
2018-03-09,META,183.7877197265625
2018-03-12,META,183.32138061523438
2018-03-13,META,180.4638214111328
2018-03-14,META,182.75582885742188
2018-03-15,META,182.42840576171875
2018-03-16,META,183.64881896972656
2018-03-19,META,171.21636962890625
2018-03-20,META,166.8406982421875
2018-03-21,META,168.07106018066406
2018-03-22,META,163.60609436035156
2018-03-23,META,158.14891052246094
2018-03-26,META,158.81370544433594
2018-03-27,META,151.0347442626953
2018-03-28,META,151.83847045898438
2018-03-29,META,158.54580688476563
2018-04-02,META,154.18008422851563
2018-04-03,META,154.8944854736328
2018-04-04,META,153.89236450195313
2018-04-05,META,158.09933471679688
2018-04-06,META,155.97596740722656
2018-04-09,META,156.70028686523438
2018-04-10,META,163.75491333007813
2018-04-11,META,165.02500915527344
2018-04-12,META,162.5940399169922
2018-04-13,META,163.23898315429688
2018-04-16,META,163.5465850830078
2018-04-17,META,167.34674072265625
2018-04-18,META,165.06466674804688
2018-04-19,META,166.79112243652344
2018-04-20,META,164.9852752685547
2018-04-23,META,164.54869079589844
2018-04-24,META,158.4466094970703
2018-04-25,META,158.4466094970703
2018-04-26,META,172.80393981933594
2018-04-27,META,172.2383575439453
2018-04-30,META,170.66073608398438
2018-05-01,META,172.5062713623047
2018-05-02,META,174.69903564453125
2018-05-03,META,172.66502380371094
2018-05-04,META,175.23484802246094
2018-05-07,META,176.5842742919922
2018-05-08,META,177.52687072753906
2018-05-09,META,181.23776245117188
2018-05-10,META,184.0854034423828
2018-05-11,META,185.53404235839844
2018-05-14,META,185.18673706054688
2018-05-15,META,182.88482666015625
2018-05-16,META,181.7735137939453
2018-05-17,META,182.32919311523438
2018-05-18,META,181.25759887695313
2018-05-21,META,183.05348205566406
2018-05-22,META,182.36886596679688
2018-05-23,META,185.44473266601563
2018-05-24,META,184.48226928710938
2018-05-25,META,183.4801483154297
2018-05-29,META,184.2937469482422
2018-05-30,META,186.208740234375
2018-05-31,META,190.28671264648438
2018-06-01,META,192.47952270507813
2018-06-04,META,191.77503967285156
2018-06-05,META,191.43768310546875
2018-06-06,META,189.85015869140625
2018-06-07,META,186.71475219726563
2018-06-08,META,187.62759399414063
2018-06-11,META,190.04859924316406
2018-06-12,META,190.9019012451172
2018-06-13,META,190.9118194580078
2018-06-14,META,195.2775421142578
2018-06-15,META,194.3250732421875
2018-06-18,META,196.765869140625
2018-06-19,META,195.9522705078125
2018-06-20,META,200.42715454101563
2018-06-21,META,199.93104553222656
2018-06-22,META,200.169189453125
2018-06-25,META,194.82118225097656
2018-06-26,META,197.45053100585938
2018-06-27,META,194.3151092529297
2018-06-28,META,194.70205688476563
2018-06-29,META,192.80697631835938
2018-07-02,META,195.82327270507813
2018-07-03,META,191.2293243408203
2018-07-05,META,196.90478515625
2018-07-06,META,201.64756774902344
2018-07-09,META,203.1458282470703
2018-07-10,META,201.9551544189453
2018-07-11,META,200.96295166015625
2018-07-12,META,205.308837890625
2018-07-13,META,205.7057647705078
2018-07-16,META,205.61642456054688
2018-07-17,META,208.3549346923828
2018-07-18,META,207.72987365722656
2018-07-19,META,206.4697265625
2018-07-20,META,208.3053436279297
2018-07-23,META,209.26776123046875
2018-07-24,META,212.9984893798828
2018-07-25,META,215.8064727783203
2018-07-26,META,174.88755798339844
2018-07-27,META,173.5282440185547
2018-07-30,META,169.72805786132813
2018-07-31,META,171.2362060546875
2018-08-01,META,170.31346130371094
2018-08-02,META,174.9967041015625
2018-08-03,META,176.39573669433594
2018-08-06,META,184.24415588378906
2018-08-07,META,182.37876892089844
2018-08-08,META,183.7381134033203
2018-08-09,META,181.66439819335938
2018-08-10,META,178.8564453125
2018-08-13,META,178.6480712890625
2018-08-14,META,179.69979858398438
2018-08-15,META,178.13209533691406
2018-08-16,META,173.3397216796875
2018-08-17,META,172.44674682617188
2018-08-20,META,171.15682983398438
2018-08-21,META,171.2759246826172
2018-08-22,META,172.28799438476563
2018-08-23,META,171.5537109375
2018-08-24,META,173.29010009765625
2018-08-27,META,176.07821655273438
2018-08-28,META,174.88755798339844
2018-08-29,META,174.5303497314453
2018-08-30,META,176.25680541992188
2018-08-31,META,174.3616943359375
2018-09-04,META,169.82728576660156
2018-09-05,META,165.87826538085938
2018-09-06,META,161.2644805908203
2018-09-07,META,161.7705078125
2018-09-10,META,162.90164184570313
2018-09-11,META,164.64793395996094
2018-09-12,META,160.7386016845703
2018-09-13,META,160.1035919189453
2018-09-14,META,161.05613708496094
2018-09-17,META,159.3296661376953
2018-09-18,META,159.05184936523438
2018-09-19,META,161.7903594970703
2018-09-20,META,164.72731018066406
2018-09-21,META,161.6613311767578
2018-09-24,META,164.1220703125
2018-09-25,META,163.62596130371094
2018-09-26,META,165.65003967285156
2018-09-27,META,167.52532958984375
2018-09-28,META,163.17947387695313
2018-10-01,META,161.1751708984375
2018-10-02,META,158.0894012451172
2018-10-03,META,161.16525268554688
2018-10-04,META,157.61314392089844
2018-10-05,META,156.10499572753906
2018-10-08,META,156.02560424804688
2018-10-09,META,156.6705322265625
2018-10-10,META,150.2012939453125
2018-10-11,META,152.1559600830078
2018-10-12,META,152.54293823242188
2018-10-15,META,152.3246612548828
2018-10-16,META,157.54367065429688
2018-10-17,META,158.17868041992188
2018-10-18,META,153.7137451171875
2018-10-19,META,152.8505096435547
2018-10-22,META,153.57481384277344
2018-10-23,META,153.1878662109375
2018-10-24,META,144.9028778076172
2018-10-25,META,149.77464294433594
2018-10-26,META,144.2380828857422
2018-10-29,META,140.98362731933594
2018-10-30,META,145.08145141601563
2018-10-31,META,150.6081085205078
2018-11-01,META,150.56842041015625
2018-11-02,META,149.17930603027344
2018-11-05,META,147.5222930908203
2018-11-06,META,148.7725067138672
2018-11-07,META,150.35012817382813
2018-11-08,META,146.71864318847656
2018-11-09,META,143.83131408691406
2018-11-12,META,140.4478302001953
2018-11-13,META,141.05311584472656
2018-11-14,META,143.0970458984375
2018-11-15,META,142.7299346923828
2018-11-16,META,138.44358825683594
2018-11-19,META,130.5256805419922
2018-11-20,META,131.39881896972656
2018-11-21,META,133.77024841308594
2018-11-23,META,130.7042999267578
2018-11-26,META,135.318115234375
2018-11-27,META,133.94883728027344
2018-11-28,META,135.69512939453125
2018-11-29,META,137.6001739501953
2018-11-30,META,139.51515197753906
2018-12-03,META,139.99142456054688
2018-12-04,META,136.85601806640625
2018-12-06,META,138.5428009033203
2018-12-07,META,136.3499755859375
2018-12-10,META,140.7455291748047
2018-12-11,META,140.97372436523438
2018-12-12,META,143.37486267089844
2018-12-13,META,143.88087463378906
2018-12-14,META,142.93829345703125
2018-12-17,META,139.09841918945313
2018-12-18,META,142.54139709472656
2018-12-19,META,132.20252990722656
2018-12-20,META,132.3612823486328
2018-12-21,META,123.97708129882813
2018-12-24,META,123.0940170288086
2018-12-26,META,133.1352081298828
2018-12-27,META,133.47256469726563
2018-12-28,META,132.16285705566406
2018-12-31,META,130.0692596435547
2019-01-02,META,134.62353515625
2019-01-03,META,130.71421813964844
2019-01-04,META,136.8758544921875
2019-01-07,META,136.97509765625
2019-01-08,META,141.42019653320313
2019-01-09,META,143.10696411132813
2019-01-10,META,143.07720947265625
2019-01-11,META,142.68031311035156
2019-01-14,META,144.2579345703125
2019-01-15,META,147.79022216796875
2019-01-16,META,146.3911895751953
2019-01-17,META,147.14527893066406
2019-01-18,META,148.87171936035156
2019-01-22,META,146.4209747314453
2019-01-23,META,143.17642211914063
2019-01-24,META,144.69451904296875
2019-01-25,META,147.84974670410156
2019-01-28,META,146.3217315673828
2019-01-29,META,143.06727600097656
2019-01-30,META,149.24879455566406
2019-01-31,META,165.39208984375
2019-02-01,META,164.41969299316406
2019-02-04,META,167.93215942382813
2019-02-05,META,169.82728576660156
2019-02-06,META,169.16253662109375
2019-02-07,META,165.08450317382813
2019-02-08,META,166.027099609375
2019-02-11,META,164.49908447265625
2019-02-12,META,163.75491333007813
2019-02-13,META,162.79248046875
2019-02-14,META,162.67343139648438
2019-02-15,META,161.23471069335938
2019-02-19,META,161.02633666992188
2019-02-20,META,161.29425048828125
2019-02-21,META,158.79385375976563
2019-02-22,META,160.62945556640625
2019-02-25,META,163.3382110595703
2019-02-26,META,162.8520050048828
2019-02-27,META,161.5423126220703
2019-02-28,META,160.19288635253906
2019-03-01,META,161.0164337158203
2019-03-04,META,166.06678771972656
2019-03-05,META,169.92652893066406
2019-03-06,META,171.16677856445313
2019-03-07,META,167.8131103515625
2019-03-08,META,168.2794189453125
2019-03-11,META,170.73019409179688
2019-03-12,META,170.58135986328125
2019-03-13,META,172.02008056640625
2019-03-14,META,168.84500122070313
2019-03-15,META,164.68765258789063
2019-03-18,META,159.2205047607422
2019-03-19,META,160.3119659423828
2019-03-20,META,164.15182495117188
2019-03-21,META,164.78683471679688
2019-03-22,META,163.0603790283203
2019-03-25,META,164.9951934814453
2019-03-26,META,166.3743896484375
2019-03-27,META,164.57846069335938
2019-03-28,META,164.260986328125
2019-03-29,META,165.39208984375
2019-04-01,META,167.38645935058594
2019-04-02,META,172.8436279296875
2019-04-03,META,172.18875122070313
2019-04-04,META,174.6494598388672
2019-04-05,META,174.35177612304688
2019-04-08,META,173.5679168701172
2019-04-09,META,176.1973114013672
2019-04-10,META,176.4354248046875
2019-04-11,META,176.12782287597656
2019-04-12,META,177.70547485351563
2019-04-15,META,178.25119018554688
2019-04-16,META,177.47723388671875
2019-04-17,META,177.387939453125
2019-04-18,META,176.891845703125
2019-04-22,META,180.02725219726563
2019-04-23,META,182.34901428222656
2019-04-24,META,181.15835571289063
2019-04-25,META,191.7552032470703
2019-04-26,META,189.9989776611328
2019-04-29,META,193.2633819580078
2019-04-30,META,191.8941192626953
2019-05-01,META,191.52700805664063
2019-05-02,META,191.0308837890625
2019-05-03,META,193.947998046875
2019-05-06,META,192.37039184570313
2019-05-07,META,188.29238891601563
2019-05-08,META,188.06414794921875
2019-05-09,META,187.18109130859375
2019-05-10,META,186.87351989746094
2019-05-13,META,180.12644958496094
2019-05-14,META,179.32276916503906
2019-05-15,META,184.8196258544922
2019-05-16,META,185.53404235839844
2019-05-17,META,183.85719299316406
2019-05-20,META,181.29725646972656
2019-05-21,META,183.3809356689453
2019-05-22,META,183.87704467773438
2019-05-23,META,179.46170043945313
2019-05-24,META,179.65017700195313
2019-05-28,META,182.8748779296875
2019-05-29,META,180.77139282226563
2019-05-30,META,181.5850067138672
2019-05-31,META,176.08816528320313
2019-06-03,META,162.87185668945313
2019-06-04,META,166.19578552246094
2019-06-05,META,166.86056518554688
2019-06-06,META,167.0193328857422
2019-06-07,META,172.00022888183594
2019-06-10,META,173.45880126953125
2019-06-11,META,176.7132568359375
2019-06-12,META,173.67706298828125
2019-06-13,META,176.08816528320313
2019-06-14,META,179.91807556152344
2019-06-17,META,187.5382843017578
2019-06-18,META,187.0025177001953
2019-06-19,META,186.0201873779297
2019-06-20,META,188.0542449951172
2019-06-21,META,189.65170288085938
2019-06-24,META,191.100341796875
2019-06-25,META,187.36962890625
2019-06-26,META,186.1988067626953
2019-06-27,META,188.0244903564453
2019-06-28,META,191.49720764160156
2019-07-01,META,191.49720764160156
2019-07-02,META,193.48165893554688
2019-07-03,META,195.66455078125
2019-07-05,META,194.87074279785156
2019-07-08,META,194.23573303222656
2019-07-09,META,197.65887451171875
2019-07-10,META,201.15147399902344
2019-07-11,META,199.66314697265625
2019-07-12,META,203.27479553222656
2019-07-15,META,202.32228088378906
2019-07-16,META,202.25282287597656
2019-07-17,META,200.22872924804688
2019-07-18,META,199.2166290283203
2019-07-19,META,196.8155059814453
2019-07-22,META,200.74464416503906
2019-07-23,META,200.78436279296875
2019-07-24,META,203.0664520263672
2019-07-25,META,199.14718627929688
2019-07-26,META,198.1947021484375
2019-07-29,META,194.4143524169922
2019-07-30,META,195.50576782226563
2019-07-31,META,192.7176513671875
2019-08-01,META,191.2293243408203
2019-08-02,META,187.54820251464844
2019-08-05,META,180.31500244140625
2019-08-06,META,183.07333374023438
2019-08-07,META,183.70835876464844
2019-08-08,META,188.6793212890625
2019-08-09,META,186.38735961914063
2019-08-12,META,183.9266357421875
2019-08-13,META,186.98265075683594
2019-08-14,META,178.31072998046875
2019-08-15,META,181.16827392578125
2019-08-16,META,182.26963806152344
2019-08-19,META,184.72039794921875
2019-08-20,META,182.37876892089844
2019-08-21,META,182.12081909179688
2019-08-22,META,180.62255859375
2019-08-23,META,176.36599731445313
2019-08-26,META,178.95565795898438
2019-08-27,META,179.88833618164063
2019-08-28,META,180.34474182128906
2019-08-29,META,184.1250762939453
2019-08-30,META,184.2242889404297
2019-09-03,META,180.96986389160156
2019-09-04,META,185.682861328125
2019-09-05,META,189.41357421875
2019-09-06,META,186.0301513671875
2019-09-09,META,187.2902374267578
2019-09-10,META,184.72039794921875
2019-09-11,META,187.0223388671875
2019-09-12,META,186.01028442382813
2019-09-13,META,185.73248291015625
2019-09-16,META,184.77005004882813
2019-09-17,META,186.61553955078125
2019-09-18,META,186.67506408691406
2019-09-19,META,188.65953063964844
2019-09-20,META,188.4511260986328
2019-09-23,META,185.36537170410156
2019-09-24,META,179.86851501464844
2019-09-25,META,181.37664794921875
2019-09-26,META,178.7075958251953
2019-09-27,META,175.72105407714844
2019-09-30,META,176.69338989257813
2019-10-01,META,174.44107055664063
2019-10-02,META,173.24049377441406
2019-10-03,META,177.98329162597656
2019-10-04,META,179.04495239257813
2019-10-07,META,178.28094482421875
2019-10-08,META,176.36599731445313
2019-10-09,META,178.4496307373047
2019-10-10,META,178.62823486328125
2019-10-11,META,182.75582885742188
2019-10-14,META,181.8529052734375
2019-10-15,META,187.41921997070313
2019-10-16,META,188.07412719726563
2019-10-17,META,188.90753173828125
2019-10-18,META,184.4029083251953
2019-10-21,META,188.28244018554688
2019-10-22,META,180.9202117919922
2019-10-23,META,184.70057678222656
2019-10-24,META,184.92877197265625
2019-10-25,META,186.42701721191406
2019-10-28,META,187.9252471923828
2019-10-29,META,187.8359375
2019-10-30,META,186.78421020507813
2019-10-31,META,190.15771484375
2019-11-01,META,192.1123809814453
2019-11-04,META,193.203857421875
2019-11-05,META,192.80697631835938
2019-11-06,META,190.05850219726563
2019-11-07,META,188.93731689453125
2019-11-08,META,189.35401916503906
2019-11-11,META,188.1336212158203
2019-11-12,META,192.95578002929688
2019-11-13,META,191.6857452392578
2019-11-14,META,191.6460418701172
2019-11-15,META,193.58090209960938
2019-11-18,META,195.86297607421875
2019-11-19,META,197.76803588867188
2019-11-20,META,195.97210693359375
2019-11-21,META,196.38882446289063
2019-11-22,META,197.27191162109375
2019-11-25,META,198.23434448242188
2019-11-26,META,197.42074584960938
2019-11-27,META,200.42715454101563
2019-11-29,META,200.06996154785156
2019-12-02,META,198.14505004882813
2019-12-03,META,197.27191162109375
2019-12-04,META,197.1627655029297
2019-12-05,META,197.80772399902344
2019-12-06,META,199.48455810546875
2019-12-09,META,199.77227783203125
2019-12-10,META,199.30593872070313
2019-12-11,META,200.6851348876953
2019-12-12,META,195.21803283691406
2019-12-13,META,192.5985870361328
2019-12-16,META,196.37890625
2019-12-17,META,196.84527587890625
2019-12-18,META,200.9232635498047
2019-12-19,META,204.45553588867188
2019-12-20,META,204.6936798095703
2019-12-23,META,204.57460021972656
2019-12-24,META,203.5228729248047
2019-12-26,META,206.17205810546875
2019-12-27,META,206.47967529296875
2019-12-30,META,202.81838989257813
2019-12-31,META,203.65187072753906
2020-01-02,META,208.1465606689453
2020-01-03,META,207.04522705078125
2020-01-06,META,210.94464111328125
2020-01-07,META,211.40103149414063
2020-01-08,META,213.54421997070313
2020-01-09,META,216.60025024414063
2020-01-10,META,216.3621063232422
2020-01-13,META,220.18212890625
2020-01-14,META,217.35433959960938
2020-01-15,META,219.42803955078125
2020-01-16,META,220.043212890625
2020-01-17,META,220.4103546142578
2020-01-21,META,219.71578979492188
2020-01-22,META,219.5967254638672
2020-01-23,META,218.04885864257813
2020-01-24,META,216.2430419921875
2020-01-27,META,213.19692993164063
2020-01-28,META,216.09422302246094
2020-01-29,META,221.49185180664063
2020-01-30,META,207.8985137939453
2020-01-31,META,200.33786010742188
2020-02-03,META,202.60011291503906
2020-02-04,META,208.1961669921875
2020-02-05,META,208.4739990234375
2020-02-06,META,209.20822143554688
2020-02-07,META,210.67672729492188
2020-02-10,META,211.40103149414063
2020-02-11,META,205.57672119140625
2020-02-12,META,209.1189422607422
2020-02-13,META,211.48040771484375
2020-02-14,META,212.5122833251953
2020-02-18,META,216.1041259765625
2020-02-19,META,215.79653930664063
2020-02-20,META,212.90921020507813
2020-02-21,META,208.54344177246094
2020-02-24,META,199.15713500976563
2020-02-25,META,195.23788452148438
2020-02-26,META,195.66455078125
2020-02-27,META,188.2725372314453
2020-02-28,META,190.9713592529297
2020-03-02,META,194.91046142578125
2020-03-03,META,184.44261169433594
2020-03-04,META,190.26686096191406
2020-03-05,META,183.72817993164063
2020-03-06,META,179.67994689941406
2020-03-09,META,168.18019104003906
2020-03-10,META,176.8025360107422
2020-03-11,META,168.91445922851563
2020-03-12,META,153.2672576904297
2020-03-13,META,168.95413208007813
2020-03-16,META,144.8730926513672
2020-03-17,META,148.25656127929688
2020-03-18,META,145.81573486328125
2020-03-19,META,151.93768310546875
2020-03-20,META,148.56417846679688
2020-03-23,META,146.9468536376953
2020-03-24,META,159.72654724121094
2020-03-25,META,154.99368286132813
2020-03-26,META,162.0681610107422
2020-03-27,META,155.56918334960938
2020-03-30,META,164.65785217285156
2020-03-31,META,165.50123596191406
2020-04-01,META,158.3572998046875
2020-04-02,META,156.95826721191406
2020-04-03,META,152.97947692871094
2020-04-06,META,164.260986328125
2020-04-07,META,167.5154266357422
2020-04-08,META,172.92300415039063
2020-04-09,META,173.8258819580078
2020-04-13,META,173.42898559570313
2020-04-14,META,176.78271484375
2020-04-15,META,175.592041015625
2020-04-16,META,174.87765502929688
2020-04-17,META,177.84437561035156
2020-04-20,META,176.85218811035156
2020-04-21,META,169.4700927734375
2020-04-22,META,180.86068725585938
2020-04-23,META,183.6885528564453
2020-04-24,META,188.59005737304688
2020-04-27,META,186.0400390625
2020-04-28,META,181.48580932617188
2020-04-29,META,192.67796325683594
2020-04-30,META,203.11605834960938
2020-05-01,META,200.69503784179688
2020-05-04,META,203.66175842285156
2020-05-05,META,205.45770263671875
2020-05-06,META,206.84677124023438
2020-05-07,META,209.61505126953125
2020-05-08,META,210.69656372070313
2020-05-11,META,211.5200958251953
2020-05-12,META,208.46409606933594
2020-05-13,META,203.50303649902344
2020-05-14,META,205.19972229003906
2020-05-15,META,209.23800659179688
2020-05-18,META,211.53004455566406
2020-05-19,META,215.1912841796875
2020-05-20,META,228.1793670654297
2020-05-21,META,229.58831787109375
2020-05-22,META,233.08091735839844
2020-05-26,META,230.39199829101563
2020-05-27,META,227.35581970214844
2020-05-28,META,223.70448303222656
2020-05-29,META,223.33737182617188
2020-06-01,META,230.10430908203125
2020-06-02,META,230.90794372558594
2020-06-03,META,228.36788940429688
2020-06-04,META,224.5280303955078
2020-06-05,META,228.97312927246094
2020-06-08,META,229.5982208251953
2020-06-09,META,236.8115997314453
2020-06-10,META,234.88673400878906
2020-06-11,META,222.68252563476563
2020-06-12,META,226.8002166748047
2020-06-15,META,230.689697265625
2020-06-16,META,233.8151397705078
2020-06-17,META,233.696044921875
2020-06-18,META,234.10289001464844
2020-06-19,META,236.9306640625
2020-06-22,META,237.35733032226563
2020-06-23,META,240.3538360595703
2020-06-24,META,232.1978302001953
2020-06-25,META,233.8448944091797
2020-06-26,META,214.39749145507813
2020-06-29,META,218.92201232910156
2020-06-30,META,225.3019561767578
2020-07-01,META,235.70034790039063
2020-07-02,META,231.6024932861328
2020-07-06,META,238.4091033935547
2020-07-07,META,238.98460388183594
2020-07-08,META,241.68341064453125
2020-07-09,META,242.5962371826172
2020-07-10,META,243.1617889404297
2020-07-13,META,237.13906860351563
2020-07-14,META,237.8634033203125
2020-07-15,META,238.4091033935547
2020-07-16,META,239.0540313720703
2020-07-17,META,240.1454620361328
2020-07-20,META,243.50906372070313
2020-07-21,META,239.86764526367188
2020-07-22,META,238.00225830078125
2020-07-23,META,230.7888946533203
2020-07-24,META,228.91360473632813
2020-07-27,META,231.681884765625
2020-07-28,META,228.32821655273438
2020-07-29,META,231.4735107421875
2020-07-30,META,232.67408752441406
2020-07-31,META,251.69480895996094
2020-08-03,META,249.99815368652344
2020-08-04,META,247.88473510742188
2020-08-05,META,247.1802520751953
2020-08-06,META,263.2144775390625
2020-08-07,META,266.349853515625
2020-08-10,META,260.95220947265625
2020-08-11,META,254.1356658935547
2020-08-12,META,257.86639404296875
2020-08-13,META,259.2654113769531
2020-08-14,META,259.20587158203125
2020-08-17,META,259.1265869140625
2020-08-18,META,260.29730224609375
2020-08-19,META,260.5453796386719
2020-08-20,META,266.9153747558594
2020-08-21,META,264.93096923828125
2020-08-24,META,269.27685546875
2020-08-25,META,278.6334228515625
2020-08-26,META,301.5436096191406
2020-08-27,META,290.9368591308594
2020-08-28,META,291.3735046386719
2020-08-31,META,290.9170227050781
2020-09-01,META,293.1396179199219
2020-09-02,META,300.1446228027344
2020-09-03,META,288.8532409667969
2020-09-04,META,280.5285949707031
2020-09-08,META,269.04864501953125
2020-09-09,META,271.5887145996094
2020-09-10,META,266.0025634765625
2020-09-11,META,264.5340576171875
2020-09-14,META,264.0776672363281
2020-09-15,META,270.298828125
2020-09-16,META,261.4681091308594
2020-09-17,META,252.8358917236328
2020-09-18,META,250.563720703125
2020-09-21,META,246.21778869628906
2020-09-22,META,252.7664031982422
2020-09-23,META,247.08103942871094
2020-09-24,META,247.58706665039063
2020-09-25,META,252.8358917236328
2020-09-28,META,254.8203125
2020-09-29,META,259.75164794921875
2020-09-30,META,259.8607482910156
2020-10-01,META,264.553955078125
2020-10-02,META,257.9159851074219
2020-10-05,META,262.58935546875
2020-10-06,META,256.6459655761719
2020-10-07,META,256.1102294921875
2020-10-08,META,261.7062683105469
2020-10-09,META,262.3909606933594
2020-10-12,META,273.6029052734375
2020-10-13,META,273.9898986816406
2020-10-14,META,269.7035217285156
2020-10-15,META,264.6432189941406
2020-10-16,META,263.8593444824219
2020-10-19,META,259.3645935058594
2020-10-20,META,265.4766540527344
2020-10-21,META,276.55975341796875
2020-10-22,META,275.9544372558594
2020-10-23,META,282.5724792480469
2020-10-26,META,274.95233154296875
2020-10-27,META,281.0841979980469
2020-10-28,META,265.5858154296875
2020-10-29,META,278.64337158203125
2020-10-30,META,261.061279296875
2020-11-02,META,259.3249206542969
2020-11-03,META,263.2342529296875
2020-11-04,META,285.142333984375
2020-11-05,META,292.385498046875
2020-11-06,META,291.12542724609375
2020-11-09,META,276.59942626953125
2020-11-10,META,270.3087463378906
2020-11-11,META,274.3272705078125
2020-11-12,META,272.9381408691406
2020-11-13,META,274.7935485839844
2020-11-16,META,276.7879333496094
2020-11-17,META,272.8587341308594
2020-11-18,META,269.85235595703125
2020-11-19,META,270.8148193359375
2020-11-20,META,267.6000061035156
2020-11-23,META,266.3398742675781
2020-11-24,META,274.7637939453125
2020-11-25,META,273.4441223144531
2020-11-27,META,275.6468200683594
2020-11-30,META,274.81341552734375
2020-12-01,META,284.3187561035156
2020-12-02,META,285.28125
2020-12-03,META,279.6554260253906
2020-12-04,META,277.52215576171875
2020-12-07,META,283.3563232421875
2020-12-08,META,281.1933288574219
2020-12-09,META,275.7560119628906
2020-12-10,META,274.9622497558594
2020-12-11,META,271.4200134277344
2020-12-14,META,272.0550537109375
2020-12-15,META,273.4044189453125
2020-12-16,META,273.5235290527344
2020-12-17,META,272.3428039550781
2020-12-18,META,274.24786376953125
2020-12-21,META,270.666015625
2020-12-22,META,265.0103454589844
2020-12-23,META,266.0223693847656
2020-12-24,META,265.31787109375
2020-12-28,META,274.8431396484375
2020-12-29,META,274.6249084472656
2020-12-30,META,269.7530822753906
2020-12-31,META,271.0330505371094
2021-01-04,META,266.84588623046875
2021-01-05,META,268.860107421875
2021-01-06,META,261.259765625
2021-01-07,META,266.64752197265625
2021-01-08,META,265.48663330078125
2021-01-11,META,254.84014892578125
2021-01-12,META,249.13490295410156
2021-01-13,META,249.68063354492188
2021-01-14,META,243.72735595703125
2021-01-15,META,249.40283203125
2021-01-19,META,259.06695556640625
2021-01-20,META,265.3973083496094
2021-01-21,META,270.7452697753906
2021-01-22,META,272.36260986328125
2021-01-25,META,275.8453674316406
2021-01-26,META,279.8538513183594
2021-01-27,META,270.02105712890625
2021-01-28,META,262.9366149902344
2021-01-29,META,256.31854248046875
2021-02-01,META,259.96990966796875
2021-02-02,META,265.0003967285156
2021-02-03,META,264.5736999511719
2021-02-04,META,264.4150085449219
2021-02-05,META,266.01251220703125
2021-02-08,META,264.50433349609375
2021-02-09,META,267.35198974609375
2021-02-10,META,269.7530822753906
2021-02-11,META,268.2846374511719
2021-02-12,META,268.393798828125
2021-02-16,META,271.8367919921875
2021-02-17,META,271.43988037109375
2021-02-18,META,267.29241943359375
2021-02-19,META,259.52337646484375
2021-02-22,META,258.302978515625
2021-02-23,META,263.7898864746094
2021-02-24,META,262.2519836425781
2021-02-25,META,252.7069091796875
2021-02-26,META,255.61412048339844
2021-03-01,META,262.84735107421875
2021-03-02,META,256.98333740234375
2021-03-03,META,253.42132568359375
2021-03-04,META,255.63392639160156
2021-03-05,META,262.2221984863281
2021-03-08,META,253.3220672607422
2021-03-09,META,263.6708679199219
2021-03-10,META,262.8373718261719
2021-03-11,META,271.7474365234375
2021-03-12,META,266.3101501464844
2021-03-15,META,271.61846923828125
2021-03-16,META,277.1054382324219
2021-03-17,META,281.7986145019531
2021-03-18,META,276.4505920410156
2021-03-19,META,287.8511047363281
2021-03-22,META,291.25439453125
2021-03-23,META,288.3670349121094
2021-03-24,META,279.94317626953125
2021-03-25,META,276.5696105957031
2021-03-26,META,280.8163146972656
2021-03-29,META,288.5555725097656
2021-03-30,META,285.7574768066406
2021-03-31,META,292.2366943359375
2021-04-01,META,296.33453369140625
2021-04-05,META,306.5047912597656
2021-04-06,META,303.8753662109375
2021-04-07,META,310.65216064453125
2021-04-08,META,310.58270263671875
2021-04-09,META,310.0270080566406
2021-04-12,META,309.1142578125
2021-04-13,META,307.3480529785156
2021-04-14,META,300.4621276855469
2021-04-15,META,305.4231872558594
2021-04-16,META,303.7958984375
2021-04-19,META,299.8866271972656
2021-04-20,META,300.2934265136719
2021-04-21,META,299.1225891113281
2021-04-22,META,294.2112121582031
2021-04-23,META,298.7853088378906
2021-04-26,META,300.6804504394531
2021-04-27,META,301.206298828125
2021-04-28,META,304.7087707519531
2021-04-29,META,326.9443664550781
2021-04-30,META,322.5487976074219
2021-05-03,META,320.06829833984375
2021-05-04,META,315.881103515625
2021-05-05,META,312.567138671875
2021-05-06,META,317.5281982421875
2021-05-07,META,316.5954895019531
2021-05-10,META,303.587646484375
2021-05-11,META,304.1432189941406
2021-05-12,META,300.1942138671875
2021-05-13,META,302.8831787109375
2021-05-14,META,313.47998046875
2021-05-17,META,313.00372314453125
2021-05-18,META,307.5465393066406
2021-05-19,META,311.14825439453125
2021-05-20,META,316.1291809082031
2021-05-21,META,313.76776123046875
2021-05-24,META,322.102294921875
2021-05-25,META,325.23773193359375
2021-05-26,META,325.10870361328125
2021-05-27,META,330.1590881347656
2021-05-28,META,326.17041015625
2021-06-01,META,326.5672607421875
2021-06-02,META,326.587158203125
2021-06-03,META,323.5013122558594
2021-06-04,META,327.7778015136719
2021-06-07,META,333.9592590332031
2021-06-08,META,331.08184814453125
2021-06-09,META,327.67852783203125
2021-06-10,META,329.8713073730469
2021-06-11,META,328.6806335449219
2021-06-14,META,334.14776611328125
2021-06-15,META,334.1279602050781
2021-06-16,META,328.5020446777344
2021-06-17,META,333.88983154296875
2021-06-18,META,327.0931701660156
2021-06-21,META,329.7026062011719
2021-06-22,META,336.3901672363281
2021-06-23,META,337.93798828125
2021-06-24,META,340.5078430175781
2021-06-25,META,338.71197509765625
2021-06-28,META,352.870849609375
2021-06-29,META,349.15008544921875
2021-06-30,META,345.0025939941406
2021-07-01,META,351.630615234375
2021-07-02,META,351.9382019042969
2021-07-06,META,350.0331115722656
2021-07-07,META,347.7609558105469
2021-07-08,META,342.9586486816406
2021-07-09,META,347.6914978027344
2021-07-12,META,350.41015625
2021-07-13,META,349.3484802246094
2021-07-14,META,344.9232177734375
2021-07-15,META,341.7779235839844
2021-07-16,META,338.50360107421875
2021-07-19,META,334.3263854980469
2021-07-20,META,338.9997253417969
2021-07-21,META,343.5341491699219
2021-07-22,META,348.4554748535156
2021-07-23,META,366.9106750488281
2021-07-26,META,369.5598449707031
2021-07-27,META,364.9461364746094
2021-07-28,META,370.37347412109375
2021-07-29,META,355.52996826171875
2021-07-30,META,353.5257568359375
2021-08-02,META,349.2096252441406
2021-08-03,META,348.505126953125
2021-08-04,META,356.1253356933594
2021-08-05,META,360.143798828125
2021-08-06,META,360.6795654296875
2021-08-09,META,358.7943420410156
2021-08-10,META,358.318115234375
2021-08-11,META,357.15716552734375
2021-08-12,META,359.8262939453125
2021-08-13,META,360.35211181640625
2021-08-16,META,363.705810546875
2021-08-17,META,355.658935546875
2021-08-18,META,352.68231201171875
2021-08-19,META,352.35491943359375
2021-08-20,META,356.5718078613281
2021-08-23,META,360.5208435058594
2021-08-24,META,362.66400146484375
2021-08-25,META,365.5215759277344
2021-08-26,META,361.54278564453125
2021-08-27,META,369.7285461425781
2021-08-30,META,377.6960754394531
2021-08-31,META,376.426025390625
2021-09-01,META,379.0751953125
2021-09-02,META,372.3578796386719
2021-09-03,META,373.330322265625
2021-09-07,META,379.2042541503906
2021-09-08,META,374.6300964355469
2021-09-09,META,375.0567321777344
2021-09-10,META,375.74139404296875
2021-09-13,META,373.5783996582031
2021-09-14,META,373.5981750488281
2021-09-15,META,371.0085754394531
2021-09-16,META,370.1551818847656
2021-09-17,META,361.880126953125
2021-09-20,META,352.93035888671875
2021-09-21,META,354.69659423828125
2021-09-22,META,340.5375671386719
2021-09-23,META,343.26617431640625
2021-09-24,META,350.2117004394531
2021-09-27,META,350.826904296875
2021-09-28,META,337.99755859375
2021-09-29,META,336.96563720703125
2021-09-30,META,336.7474060058594
2021-10-01,META,340.3392028808594
2021-10-04,META,323.68988037109375
2021-10-05,META,330.36749267578125
2021-10-06,META,331.04217529296875
2021-10-07,META,326.6565856933594
2021-10-08,META,327.4801025390625
2021-10-11,META,322.9159240722656
2021-10-12,META,321.2489929199219
2021-10-13,META,322.01300048828125
2021-10-14,META,325.971923828125
2021-10-15,META,322.2313232421875
2021-10-18,META,332.7289123535156
2021-10-19,META,337.34271240234375
2021-10-20,META,338.1265563964844
2021-10-21,META,339.2179870605469
2021-10-22,META,322.0824890136719
2021-10-25,META,326.13067626953125
2021-10-26,META,313.3509826660156
2021-10-27,META,309.7889709472656
2021-10-28,META,314.45233154296875
2021-10-29,META,321.05059814453125
2021-11-01,META,327.4106750488281
2021-11-02,META,325.5254211425781
2021-11-03,META,329.0378723144531
2021-11-04,META,333.2349853515625
2021-11-05,META,338.4738464355469
2021-11-08,META,335.9833984375
2021-11-09,META,332.7586364746094
2021-11-10,META,325.08892822265625
2021-11-11,META,325.1880798339844
2021-11-12,META,338.2357482910156
2021-11-15,META,344.853759765625
2021-11-16,META,340.2895812988281
2021-11-17,META,338.1166076660156
2021-11-18,META,336.0528564453125
2021-11-19,META,342.6113586425781
2021-11-22,META,338.3548278808594
2021-11-23,META,334.6240539550781
2021-11-24,META,338.40435791015625
2021-11-26,META,330.5262145996094
2021-11-29,META,335.3979797363281
2021-11-30,META,321.9336242675781
2021-12-01,META,308.1815490722656
2021-12-02,META,307.9731750488281
2021-12-03,META,304.4508361816406
2021-12-06,META,315.39495849609375
2021-12-07,META,320.29644775390625
2021-12-08,META,327.9861145019531
2021-12-09,META,327.2519226074219
2021-12-10,META,327.1824035644531
2021-12-13,META,331.8855285644531
2021-12-14,META,331.1413269042969
2021-12-15,META,338.9997253417969
2021-12-16,META,332.29229736328125
2021-12-17,META,331.19097900390625
2021-12-20,META,322.9159240722656
2021-12-21,META,331.5977783203125
2021-12-22,META,327.8769836425781
2021-12-23,META,332.6296691894531
2021-12-27,META,343.4844970703125
2021-12-28,META,343.5242004394531
2021-12-29,META,340.2697448730469
2021-12-30,META,341.67864990234375
2021-12-31,META,333.7310791015625
2022-01-03,META,335.9040222167969
2022-01-04,META,333.90966796875
2022-01-05,META,321.6458740234375
2022-01-06,META,329.8713073730469
2022-01-07,META,329.2065734863281
2022-01-10,META,325.5155029296875
2022-01-11,META,331.7664794921875
2022-01-12,META,330.6651306152344
2022-01-13,META,323.93792724609375
2022-01-14,META,329.3157043457031
2022-01-18,META,315.6727600097656
2022-01-19,META,317.10150146484375
2022-01-20,META,314.0951232910156
2022-01-21,META,300.8094482421875
2022-01-24,META,306.3062744140625
2022-01-25,META,297.8128967285156
2022-01-26,META,292.3359069824219
2022-01-27,META,292.3458557128906
2022-01-28,META,299.3608093261719
2022-01-31,META,310.82086181640625
2022-02-01,META,316.5161437988281
2022-02-02,META,320.4850158691406
2022-02-03,META,235.90870666503906
2022-02-04,META,235.24391174316406
2022-02-07,META,223.1587677001953
2022-02-08,META,218.465576171875
2022-02-09,META,230.19357299804688
2022-02-10,META,226.2941436767578
2022-02-11,META,217.84051513671875
2022-02-14,META,216.0049285888672
2022-02-15,META,219.27923583984375
2022-02-16,META,214.85391235351563
2022-02-17,META,206.09268188476563
2022-02-18,META,204.5547637939453
2022-02-22,META,200.50653076171875
2022-02-23,META,196.90478515625
2022-02-24,META,205.9835662841797
2022-02-25,META,208.84112548828125
2022-02-28,META,209.3868408203125
2022-03-01,META,201.90557861328125
2022-03-02,META,206.48956298828125
2022-03-03,META,201.38958740234375
2022-03-04,META,198.50225830078125
2022-03-07,META,186.01028442382813
2022-03-08,META,188.80833435058594
2022-03-09,META,196.95437622070313
2022-03-10,META,193.6900177001953
2022-03-11,META,186.14918518066406
2022-03-14,META,185.1768341064453
2022-03-15,META,190.53477478027344
2022-03-16,META,202.04446411132813
2022-03-17,META,206.22169494628906
2022-03-18,META,214.80433654785156
2022-03-21,META,209.84327697753906
2022-03-22,META,214.9630584716797
2022-03-23,META,211.79791259765625
2022-03-24,META,217.8603515625
2022-03-25,META,220.09283447265625
2022-03-28,META,221.84906005859375
2022-03-29,META,228.07022094726563
2022-03-30,META,226.0758819580078
2022-03-31,META,220.6286163330078
2022-04-01,META,223.09927368164063
2022-04-04,META,232.06884765625
2022-04-05,META,230.03480529785156
2022-04-06,META,221.56129455566406
2022-04-07,META,221.2140350341797
2022-04-08,META,220.598876953125
2022-04-11,META,214.77455139160156
2022-04-12,META,212.47262573242188
2022-04-13,META,213.31600952148438
2022-04-14,META,208.54344177246094
2022-04-18,META,209.1288604736328
2022-04-19,META,215.617919921875
2022-04-20,META,198.8594207763672
2022-04-21,META,186.60562133789063
2022-04-22,META,182.67645263671875
2022-04-25,META,185.53404235839844
2022-04-26,META,179.5410614013672
2022-04-27,META,173.5877685546875
2022-04-28,META,204.1280975341797
2022-04-29,META,198.9090576171875
2022-05-02,META,209.486083984375
2022-05-03,META,210.3790740966797
2022-05-04,META,221.6704559326172
2022-05-05,META,206.65823364257813
2022-05-06,META,202.18336486816406
2022-05-09,META,194.6822509765625
2022-05-10,META,196.1110382080078
2022-05-11,META,187.27040100097656
2022-05-12,META,189.75094604492188
2022-05-13,META,197.07347106933594
2022-05-16,META,198.48240661621094
2022-05-17,META,201.04234313964844
2022-05-18,META,190.7431640625
2022-05-19,META,189.800537109375
2022-05-20,META,192.03305053710938
2022-05-23,META,194.70205688476563
2022-05-24,META,179.86851501464844
2022-05-25,META,182.39862060546875
2022-05-26,META,190.1378631591797
2022-05-27,META,193.61065673828125
2022-05-31,META,192.1322479248047
2022-06-01,META,187.17117309570313
2022-06-02,META,197.3115997314453
2022-06-03,META,189.2945098876953
2022-06-06,META,192.73751831054688
2022-06-07,META,194.1265869140625
2022-06-08,META,195.10888671875
2022-06-09,META,182.5673065185547
2022-06-10,META,174.2029571533203
2022-06-13,META,162.98097229003906
2022-06-14,META,162.4551239013672
2022-06-15,META,168.0313720703125
2022-06-16,META,159.61740112304688
2022-06-17,META,162.46507263183594
2022-06-21,META,155.8271942138672
2022-06-22,META,154.63648986816406
2022-06-23,META,157.51393127441406
2022-06-24,META,168.83506774902344
2022-06-27,META,168.1702880859375
2022-06-28,META,159.42889404296875
2022-06-29,META,162.66351318359375
2022-06-30,META,159.9944610595703
2022-07-01,META,158.78396606445313
2022-07-05,META,166.8804168701172
2022-07-06,META,168.4481201171875
2022-07-07,META,170.8492889404297
2022-07-08,META,169.5494842529297
2022-07-11,META,161.61175537109375
2022-07-12,META,161.99871826171875
2022-07-13,META,162.21701049804688
2022-07-14,META,156.81936645507813
2022-07-15,META,163.41757202148438
2022-07-18,META,165.92787170410156
2022-07-19,META,174.41131591796875
2022-07-20,META,181.66439819335938
2022-07-21,META,181.7437744140625
2022-07-22,META,167.95201110839844
2022-07-25,META,165.35238647460938
2022-07-26,META,157.91079711914063
2022-07-27,META,168.25958251953125
2022-07-28,META,159.46856689453125
2022-07-29,META,157.86117553710938
2022-08-01,META,158.6847381591797
2022-08-02,META,158.9427032470703
2022-08-03,META,167.4856719970703
2022-08-04,META,169.24188232421875
2022-08-05,META,165.80882263183594
2022-08-08,META,168.9243621826172
2022-08-09,META,167.21775817871094
2022-08-10,META,176.95138549804688
2022-08-11,META,176.10801696777344
2022-08-12,META,179.0945587158203
2022-08-15,META,179.48153686523438
2022-08-16,META,178.0725555419922
2022-08-17,META,173.48854064941406
2022-08-18,META,173.30003356933594
2022-08-19,META,166.65219116210938
2022-08-22,META,161.78041076660156
2022-08-23,META,159.8555450439453
2022-08-24,META,161.9888153076172
2022-08-25,META,167.46580505371094
2022-08-26,META,160.5203094482422
2022-08-29,META,157.93063354492188
2022-08-30,META,155.93630981445313
2022-08-31,META,161.6613311767578
2022-09-01,META,164.0724639892578
2022-09-02,META,159.07168579101563
2022-09-06,META,157.30552673339844
2022-09-07,META,159.14112854003906
2022-09-08,META,160.79815673828125
2022-09-09,META,167.83291625976563
2022-09-12,META,167.64442443847656
2022-09-13,META,151.93768310546875
2022-09-14,META,150.29061889648438
2022-09-15,META,148.38555908203125
2022-09-16,META,145.1509246826172
2022-09-19,META,146.8674774169922
2022-09-20,META,144.95245361328125
2022-09-21,META,141.01339721679688
2022-09-22,META,141.7079620361328
2022-09-23,META,139.31671142578125
2022-09-26,META,135.3081512451172
2022-09-27,META,133.353515625
2022-09-28,META,140.5073699951172
2022-09-29,META,135.34786987304688
2022-09-30,META,134.62353515625
2022-10-03,META,137.53073120117188
2022-10-04,META,139.18775939941406
2022-10-05,META,137.89784240722656
2022-10-06,META,137.98715209960938
2022-10-07,META,132.41090393066406
2022-10-10,META,132.74827575683594
2022-10-11,META,127.53912353515625
2022-10-12,META,126.5072250366211
2022-10-13,META,129.2755126953125
2022-10-14,META,125.77299499511719
2022-10-17,META,132.9962921142578
2022-10-18,META,131.7659912109375
2022-10-19,META,132.192626953125
2022-10-20,META,130.50587463378906
2022-10-21,META,128.9976806640625
2022-10-24,META,128.70993041992188
2022-10-25,META,136.4392852783203
2022-10-26,META,128.80918884277344
2022-10-27,META,97.177398681640625
2022-10-28,META,98.4275894165039
2022-10-31,META,92.43462371826172
2022-11-01,META,94.458740234375
2022-11-02,META,89.83502197265625
2022-11-03,META,88.21771240234375
2022-11-04,META,90.08307647705078
2022-11-07,META,95.9668960571289
2022-11-08,META,95.718841552734375
2022-11-09,META,100.67991638183594
2022-11-10,META,110.99894714355469
2022-11-11,META,112.1399917602539
2022-11-14,META,113.33065032958984
2022-11-15,META,116.16837310791016
2022-11-16,META,112.34835052490234
2022-11-17,META,110.58221435546875
2022-11-18,META,111.17753601074219
2022-11-21,META,109.00459289550781
2022-11-22,META,110.5722885131836
2022-11-23,META,111.36605072021484
2022-11-25,META,110.54253387451172
2022-11-28,META,107.9330062866211
2022-11-29,META,108.60770416259766
2022-11-30,META,117.18042755126953
2022-12-01,META,119.50220489501953
2022-12-02,META,122.5284652709961
2022-12-05,META,121.4767074584961
2022-12-06,META,113.23141479492188
2022-12-07,META,113.04289245605469
2022-12-08,META,114.43199157714844
2022-12-09,META,114.99755096435547
2022-12-12,META,113.81681823730469
2022-12-13,META,119.21446990966797
2022-12-14,META,120.64324188232422
2022-12-15,META,115.24562072753906
2022-12-16,META,118.50006866455078
2022-12-19,META,113.588623046875
2022-12-20,META,116.17828369140625
2022-12-21,META,118.82750701904297
2022-12-22,META,116.20805358886719
2022-12-23,META,117.12089538574219
2022-12-27,META,115.96992492675781
2022-12-28,META,114.71974182128906
2022-12-29,META,119.32361602783203
2022-12-30,META,119.40299224853516
2023-01-03,META,123.76872253417969
2023-01-04,META,126.37825012207031
2023-01-05,META,125.95160675048828
2023-01-06,META,129.0076141357422
2023-01-09,META,128.46189880371094
2023-01-10,META,131.95448303222656
2023-01-11,META,131.85528564453125
2023-01-12,META,135.64552307128906
2023-01-13,META,135.91343688964844
2023-01-17,META,134.30606079101563
2023-01-18,META,131.9842529296875
2023-01-19,META,135.0898895263672
2023-01-20,META,138.28480529785156
2023-01-23,META,142.1544647216797
2023-01-24,META,142.02545166015625
2023-01-25,META,140.39820861816406
2023-01-26,META,146.15306091308594
2023-01-27,META,150.5584716796875
2023-01-30,META,145.9149169921875
2023-01-31,META,147.81007385253906
2023-02-01,META,151.927734375
2023-02-02,META,187.3001708984375
2023-02-03,META,185.0775909423828
2023-02-06,META,184.6112823486328
2023-02-07,META,190.1279754638672
2023-02-08,META,182.0017547607422
2023-02-09,META,176.53465270996094
2023-02-10,META,172.7940216064453
2023-02-13,META,178.03286743164063
2023-02-14,META,178.08251953125
2023-02-15,META,175.7805633544922
2023-02-16,META,171.0973358154297
2023-02-17,META,171.5338897705078
2023-02-21,META,170.7401123046875
2023-02-22,META,169.78759765625
2023-02-23,META,170.70042419433594
2023-02-24,META,169.0632781982422
2023-02-27,META,168.2198944091797
2023-02-28,META,173.57785034179688
2023-03-01,META,172.06967163085938
2023-03-02,META,173.17103576660156
2023-03-03,META,183.80755615234375
2023-03-06,META,183.46029663085938
2023-03-07,META,183.07333374023438
2023-03-08,META,183.52975463867188
2023-03-09,META,180.27529907226563
2023-03-10,META,178.11227416992188
2023-03-13,META,179.49143981933594
2023-03-14,META,192.50929260253906
2023-03-15,META,196.2102508544922
2023-03-16,META,203.3343048095703
2023-03-17,META,194.0869140625
2023-03-20,META,196.26974487304688
2023-03-21,META,200.58592224121094
2023-03-22,META,198.25421142578125
2023-03-23,META,202.68939208984375
2023-03-24,META,204.40591430664063
2023-03-27,META,201.26060485839844
2023-03-28,META,199.11741638183594
2023-03-29,META,203.7510528564453
2023-03-30,META,206.22169494628906
2023-03-31,META,210.2897491455078
2023-04-03,META,211.41094970703125
2023-04-04,META,213.04811096191406
2023-04-05,META,209.8333282470703
2023-04-06,META,214.4173583984375
2023-04-10,META,213.07786560058594
2023-04-11,META,212.18490600585938
2023-04-12,META,212.33372497558594
2023-04-13,META,218.63427734375
2023-04-14,META,219.76539611816406
2023-04-17,META,217.15585327148438
2023-04-18,META,216.1934051513672
2023-04-19,META,214.0204620361328
2023-04-20,META,211.41094970703125
2023-04-21,META,211.23236083984375
2023-04-24,META,211.13311767578125
2023-04-25,META,205.93392944335938
2023-04-26,META,207.76951599121094
2023-04-27,META,236.7024688720703
2023-04-28,META,238.4488067626953
2023-05-01,META,241.28648376464844
2023-05-02,META,237.37716674804688
2023-05-03,META,235.1844024658203
2023-05-04,META,231.70176696777344
2023-05-05,META,230.96746826171875
2023-05-08,META,231.45367431640625
2023-05-09,META,231.55287170410156
2023-05-10,META,231.26513671875
2023-05-11,META,233.95404052734375
2023-05-12,META,231.98947143554688
2023-05-15,META,237.00013732910156
2023-05-16,META,236.96046447753906
2023-05-17,META,240.6018829345703
2023-05-18,META,244.92796325683594
2023-05-19,META,243.72735595703125
2023-05-22,META,246.38650512695313
2023-05-23,META,244.8188018798828
2023-05-24,META,247.26956176757813
2023-05-25,META,250.7224884033203
2023-05-26,META,259.9996337890625
2023-05-30,META,260.4759216308594
2023-05-31,META,262.6587829589844
2023-06-01,META,270.4873352050781
2023-06-02,META,270.4873352050781
2023-06-05,META,269.27685546875
2023-06-06,META,269.00897216796875
2023-06-07,META,261.5475158691406
2023-06-08,META,262.51983642578125
2023-06-09,META,262.88702392578125
2023-06-12,META,268.939453125
2023-06-13,META,269.2073974609375
2023-06-14,META,271.2216491699219
2023-06-15,META,279.63555908203125
2023-06-16,META,278.81201171875
2023-06-20,META,282.1160888671875
2023-06-21,META,279.4470520019531
2023-06-22,META,282.6618347167969
2023-06-23,META,286.4818420410156
2023-06-26,META,276.3017272949219
2023-06-27,META,284.81488037109375
2023-06-28,META,283.068603515625
2023-06-29,META,279.3379211425781
2023-06-30,META,284.7454833984375
2023-07-03,META,283.7929382324219
2023-07-05,META,292.07794189453125
2023-07-06,META,289.7164001464844
2023-07-07,META,288.26788330078125
2023-07-10,META,291.81005859375
2023-07-11,META,295.9673767089844
2023-07-12,META,306.931396484375
2023-07-13,META,310.96966552734375
2023-07-14,META,306.4650573730469
2023-07-17,META,308.20135498046875
2023-07-18,META,309.6202392578125
2023-07-19,META,313.5494079589844
2023-07-20,META,300.1644592285156
2023-07-21,META,291.96881103515625
2023-07-24,META,289.33941650390625
2023-07-25,META,292.1771240234375
2023-07-26,META,296.2451477050781
2023-07-27,META,309.2828674316406
2023-07-28,META,322.9457092285156
2023-07-31,META,316.1192321777344
2023-08-01,META,320.197265625
2023-08-02,META,311.8626708984375
2023-08-03,META,310.75140380859375
2023-08-04,META,308.310546875
2023-08-07,META,314.0951232910156
2023-08-08,META,310.2056884765625
2023-08-09,META,302.83349609375
2023-08-10,META,303.359375
2023-08-11,META,299.29132080078125
2023-08-14,META,303.805908203125
2023-08-15,META,299.5989074707031
2023-08-16,META,291.9985656738281
2023-08-17,META,282.8702087402344
2023-08-18,META,281.0444641113281
2023-08-21,META,287.6426696777344
2023-08-22,META,285.3606262207031
2023-08-23,META,291.9489440917969
2023-08-24,META,284.5173034667969
2023-08-25,META,283.2770080566406
2023-08-28,META,287.9999694824219
2023-08-29,META,295.6697692871094
2023-08-30,META,292.8022766113281
2023-08-31,META,293.58612060546875
2023-09-01,META,294.0722961425781
2023-09-05,META,297.8128967285156
2023-09-06,META,296.8406066894531
2023-09-07,META,296.3444519042969
2023-09-08,META,295.5704650878906
2023-09-11,META,305.16522216796875
2023-09-12,META,299.3111267089844
2023-09-13,META,302.6846618652344
2023-09-14,META,309.2928466796875
2023-09-15,META,297.9716796875
2023-09-18,META,300.1942138671875
2023-09-19,META,302.69464111328125
2023-09-20,META,297.336669921875
2023-09-21,META,293.4273681640625
2023-09-22,META,296.7512512207031
2023-09-25,META,298.4875793457031
2023-09-26,META,296.6322021484375
2023-09-27,META,295.4216613769531
2023-09-28,META,301.5932312011719
2023-09-29,META,297.8724670410156
2023-10-02,META,304.4309387207031
2023-10-03,META,298.5967712402344
2023-10-04,META,303.2005920410156
2023-10-05,META,302.41680908203125
2023-10-06,META,312.973876953125
2023-10-09,META,315.881103515625
2023-10-10,META,319.33404541015625
2023-10-11,META,325.2674560546875
2023-10-12,META,321.635986328125
2023-10-13,META,312.23974609375
2023-10-16,META,318.6494140625
2023-10-17,META,321.4772033691406
2023-10-18,META,314.501953125
2023-10-19,META,310.37432861328125
2023-10-20,META,306.2467956542969
2023-10-23,META,311.5650329589844
2023-10-24,META,310.11639404296875
2023-10-25,META,297.1977844238281
2023-10-26,META,286.1047668457031
2023-10-27,META,294.4195556640625
2023-10-30,META,300.3033752441406
2023-10-31,META,298.9241943359375
2023-11-01,META,309.4217529296875
2023-11-02,META,308.449462890625
2023-11-03,META,312.150390625
2023-11-06,META,313.341064453125
2023-11-07,META,316.3375549316406
2023-11-08,META,317.2900390625
2023-11-09,META,318.0540771484375
2023-11-10,META,326.2100830078125
2023-11-13,META,326.6268615722656
2023-11-14,META,333.69140625
2023-11-15,META,330.119384765625
2023-11-16,META,331.5877990722656
2023-11-17,META,332.4312744140625
2023-11-20,META,337.3228759765625
2023-11-21,META,334.35614013671875
2023-11-22,META,338.8310241699219
2023-11-24,META,335.5964050292969
2023-11-27,META,332.09393310546875
2023-11-28,META,336.3504943847656
2023-11-29,META,329.6133728027344
2023-11-30,META,324.6026916503906
2023-12-01,META,322.2908630371094
2023-12-04,META,317.5281982421875
2023-12-05,META,315.8116760253906
2023-12-06,META,314.97821044921875
2023-12-07,META,324.0470275878906
2023-12-08,META,330.1590881347656
2023-12-11,META,322.7472839355469
2023-12-12,META,331.6176452636719
2023-12-13,META,332.1335754394531
2023-12-14,META,330.5758361816406
2023-12-15,META,332.31219482421875
2023-12-18,META,341.9366455078125
2023-12-19,META,347.6319885253906
2023-12-20,META,346.5603332519531
2023-12-21,META,351.3328857421875
2023-12-22,META,350.6383972167969
2023-12-26,META,352.067138671875
2023-12-27,META,355.0437927246094
2023-12-28,META,355.52996826171875
2023-12-29,META,351.2039489746094
2024-01-02,META,343.5936584472656
2024-01-03,META,341.7878723144531
2024-01-04,META,344.4172058105469
2024-01-05,META,349.2096252441406
2024-01-08,META,355.86737060546875
2024-01-09,META,354.64691162109375
2024-01-10,META,367.58538818359375
2024-01-11,META,366.7916259765625
2024-01-12,META,371.57403564453125
2024-01-16,META,364.59881591796875
2024-01-17,META,365.5016784667969
2024-01-18,META,373.20135498046875
2024-01-19,META,380.46435546875
2024-01-22,META,378.80731201171875
2024-01-23,META,382.20068359375
2024-01-24,META,387.6578674316406
2024-01-25,META,390.1185302734375
2024-01-26,META,391.0710754394531
2024-01-29,META,397.8974914550781
2024-01-30,META,396.9449462890625
2024-01-31,META,387.10223388671875
2024-02-01,META,391.70611572265625
2024-02-02,META,471.29150390625
2024-02-05,META,455.8328552246094
2024-02-06,META,451.17938232421875
2024-02-07,META,465.9335632324219
2024-02-08,META,466.34039306640625
2024-02-09,META,464.46514892578125
2024-02-12,META,465.24896240234375
2024-02-13,META,456.537353515625
2024-02-14,META,469.5948486328125
2024-02-15,META,480.2611999511719
2024-02-16,META,469.634521484375
2024-02-20,META,468.0767517089844
2024-02-21,META,464.87847900390625
2024-02-22,META,482.85662841796875
2024-02-23,META,480.770751953125
2024-02-26,META,478.4961242675781
2024-02-27,META,483.7703857421875
2024-02-28,META,480.7607727050781
2024-02-29,META,486.8296813964844
2024-03-01,META,498.9176940917969
2024-03-04,META,494.83538818359375
2024-03-05,META,486.9190368652344
2024-03-06,META,492.74951171875
2024-03-07,META,508.74114990234375
2024-03-08,META,502.5431213378906
2024-03-11,META,480.3337097167969
2024-03-12,META,496.3848876953125
2024-03-13,META,492.2330627441406
2024-03-14,META,488.5182189941406
2024-03-15,META,480.8403015136719
2024-03-18,META,493.6334533691406
2024-03-19,META,492.89849853515625
2024-03-20,META,502.1160583496094
2024-03-21,META,504.3409423828125
2024-03-22,META,506.1486511230469
2024-03-25,META,499.6328430175781
2024-03-26,META,492.5508728027344
2024-03-27,META,490.5345458984375
2024-03-28,META,482.3102722167969
2024-04-01,META,488.0414733886719
2024-04-02,META,494.02093505859375
2024-04-03,META,503.32781982421875
2024-04-04,META,507.4797058105469
2024-04-05,META,523.78912353515625
2024-04-08,META,515.7535400390625
2024-04-09,META,513.41943359375
2024-04-10,META,516.32977294921875
2024-04-11,META,519.63720703125
2024-04-12,META,508.45306396484375
2024-04-15,META,496.8616943359375
2024-04-16,META,496.3948059082031
2024-04-17,META,490.8424072265625
2024-04-18,META,498.42108154296875
2024-04-19,META,477.8306579589844
2024-04-22,META,478.4862365722656
2024-04-23,META,492.7594909667969
2024-04-24,META,490.17694091796875
2024-04-25,META,438.40789794921875
2024-04-26,META,440.3050842285156
2024-04-29,META,429.7068786621094
2024-04-30,META,427.2734375
2024-05-01,META,436.2326354980469
2024-05-02,META,438.7059020996094
2024-05-03,META,448.9167175292969
2024-05-06,META,462.5443420410156
2024-05-07,META,465.0870056152344
2024-05-08,META,469.4176940917969
2024-05-09,META,472.2187194824219
2024-05-10,META,472.99346923828125
2024-05-13,META,464.85858154296875
2024-05-14,META,468.6727294921875
2024-05-15,META,478.2974853515625
2024-05-16,META,470.0434875488281
2024-05-17,META,468.73236083984375
2024-05-20,META,465.6830139160156
2024-05-21,META,461.5013427734375
2024-05-22,META,464.6301574707031
2024-05-23,META,462.6435852050781
2024-05-24,META,474.99981689453125
2024-05-28,META,476.68841552734375
2024-05-29,META,471.165771484375
2024-05-30,META,463.905029296875
2024-05-31,META,463.6864929199219
2024-06-03,META,474.2747497558594
2024-06-04,META,473.77813720703125
2024-06-05,META,491.7264709472656
2024-06-06,META,490.4352722167969
2024-06-07,META,489.6405944824219
2024-06-10,META,499.2156677246094
2024-06-11,META,504.05291748046875
2024-06-12,META,505.4136962890625
2024-06-13,META,500.70556640625
2024-06-14,META,501.26239013671875
2024-06-17,META,503.7181701660156
2024-06-18,META,496.6191711425781
2024-06-20,META,498.81646728515625
2024-06-21,META,491.936279296875
2024-06-24,META,496.0425720214844
2024-06-25,META,507.6653747558594
2024-06-26,META,510.1708679199219
2024-06-27,META,516.5738525390625
2024-06-28,META,501.3220520019531
2024-07-01,META,501.77935791015625
2024-07-02,META,506.5716552734375
2024-07-03,META,507.0290222167969
2024-07-05,META,536.80694580078125
2024-07-08,META,526.2777099609375
2024-07-09,META,526.95391845703125
2024-07-10,META,531.616943359375
2024-07-11,META,509.7533264160156
2024-07-12,META,496.0028076171875
2024-07-15,META,493.308349609375
2024-07-16,META,486.9750061035156
2024-07-17,META,459.334716796875
2024-07-18,META,473.1150817871094
2024-07-19,META,474.0496826171875
2024-07-22,META,484.59869384765625
2024-07-23,META,485.8812561035156
2024-07-24,META,458.61883544921875
2024-07-25,META,450.8040771484375
2024-07-26,META,463.0234069824219
2024-07-29,META,463.0333251953125
2024-07-30,META,460.5278625488281
2024-07-31,META,472.1009521484375
2024-08-01,META,494.8792419433594
2024-08-02,META,485.33447265625
2024-08-05,META,472.9958190917969
2024-08-06,META,491.2502136230469
2024-08-07,META,486.1099548339844
2024-08-08,META,506.700927734375
2024-08-09,META,514.79425048828125
2024-08-12,META,512.984619140625
2024-08-13,META,525.502197265625
2024-08-14,META,523.7325439453125
2024-08-15,META,534.24176025390625
2024-08-16,META,524.388671875
2024-08-19,META,526.23809814453125
2024-08-20,META,523.70257568359375
2024-08-21,META,532.08416748046875
2024-08-22,META,528.87274169921875
2024-08-23,META,524.96539306640625
2024-08-26,META,518.12493896484375
2024-08-27,META,516.11651611328125
2024-08-28,META,513.809814453125
2024-08-29,META,515.24151611328125
2024-08-30,META,518.3138427734375
2024-09-03,META,508.81866455078125
2024-09-04,META,509.7930603027344
2024-09-05,META,513.88934326171875
2024-09-06,META,497.3947448730469
2024-09-09,META,501.8887939453125
2024-09-10,META,501.8887939453125
2024-09-11,META,508.88824462890625
2024-09-12,META,522.5791015625
2024-09-13,META,521.6048583984375
2024-09-16,META,530.7208251953125
2024-09-17,META,533.74627685546875
2024-09-18,META,535.368408203125
2024-09-19,META,556.4168701171875
2024-09-20,META,558.65606689453125
2024-09-23,META,561.70135498046875
2024-09-24,META,560.62664794921875
2024-09-25,META,565.582763671875
2024-09-26,META,565.114990234375
2024-09-27,META,564.63726806640625
2024-09-30,META,569.69287109375
2024-10-01,META,573.70343017578125
2024-10-02,META,570.0611572265625
2024-10-03,META,579.97332763671875
2024-10-04,META,593.080078125
2024-10-07,META,581.9737548828125
2024-10-08,META,590.04473876953125
2024-10-09,META,587.67620849609375
2024-10-10,META,581.02825927734375
2024-10-11,META,587.11895751953125
2024-10-14,META,587.58660888671875
2024-10-15,META,583.45654296875
2024-10-16,META,574.02197265625
2024-10-17,META,574.16131591796875
2024-10-18,META,573.70343017578125
2024-10-21,META,572.39984130859375
2024-10-22,META,579.2169189453125
2024-10-23,META,560.98492431640625
2024-10-24,META,565.0552978515625
2024-10-25,META,570.4990234375
2024-10-28,META,575.38543701171875
2024-10-29,META,590.4329833984375
2024-10-30,META,588.9599609375
2024-10-31,META,564.856201171875
2024-11-01,META,564.438232421875
2024-11-04,META,557.98931884765625
2024-11-05,META,569.68292236328125
2024-11-06,META,569.30474853515625
2024-11-07,META,588.86053466796875
2024-11-08,META,586.5118408203125
2024-11-11,META,580.371337890625
2024-11-12,META,582.013427734375
2024-11-13,META,577.216552734375
2024-11-14,META,574.39019775390625
2024-11-15,META,551.4210205078125
2024-11-18,META,551.739501953125
2024-11-19,META,558.39739990234375
2024-11-20,META,562.8060302734375
2024-11-21,META,560.3878173828125
2024-11-22,META,556.45672607421875
2024-11-25,META,562.3980712890625
2024-11-26,META,570.78759765625
2024-11-27,META,566.46844482421875
2024-11-29,META,571.56390380859375
2024-12-02,META,589.98504638671875
2024-12-03,META,610.7052001953125
2024-12-04,META,610.83447265625
2024-12-05,META,606.00787353515625
2024-12-06,META,620.776611328125
2024-12-09,META,610.62554931640625
2024-12-10,META,616.347900390625
2024-12-11,META,629.643798828125
2024-12-12,META,627.7628173828125
2024-12-13,META,617.37298583984375
2024-12-16,META,621.74542236328125
2024-12-17,META,616.964599609375
2024-12-18,META,594.80352783203125
2024-12-19,META,593.1900634765625
2024-12-20,META,582.9112548828125
2024-12-23,META,597.452880859375
2024-12-24,META,605.3212890625
2024-12-26,META,600.93890380859375
2024-12-27,META,597.41302490234375
2024-12-30,META,588.877197265625
2024-12-31,META,583.17022705078125
2025-01-02,META,596.8453369140625
2025-01-03,META,602.2138671875
2025-01-06,META,627.681640625
2025-01-07,META,615.4207763671875
2025-01-08,META,608.2794189453125
2025-01-10,META,613.39886474609375
2025-01-13,META,605.8990478515625
2025-01-14,META,591.875244140625
2025-01-15,META,614.65386962890625
2025-01-16,META,608.857177734375
2025-01-17,META,610.3212890625
2025-01-21,META,613.99652099609375
2025-01-22,META,621.00836181640625
2025-01-23,META,633.90667724609375
2025-01-24,META,644.90252685546875
2025-01-27,META,657.24298095703125
2025-01-28,META,671.63531494140625
2025-01-29,META,673.78662109375
2025-01-30,META,684.254638671875
2025-01-31,META,686.42596435546875
2025-02-03,META,694.67279052734375
2025-02-04,META,701.3759765625
2025-02-05,META,702.05322265625
2025-02-06,META,709.144775390625
2025-02-07,META,711.66461181640625
2025-02-10,META,714.53314208984375
2025-02-11,META,716.92352294921875
2025-02-12,META,722.48126220703125
2025-02-13,META,725.64862060546875
2025-02-14,META,733.72601318359375
2025-02-18,META,713.50726318359375
2025-02-19,META,700.9576416015625
2025-02-20,META,692.063232421875
2025-02-21,META,680.81842041015625
2025-02-24,META,665.46002197265625
2025-02-25,META,654.87255859375
2025-02-26,META,671.0078125
2025-02-27,META,655.60955810546875
2025-02-28,META,665.52978515625
2025-03-03,META,652.432373046875
2025-03-04,META,637.4423828125
2025-03-05,META,653.84661865234375
2025-03-06,META,625.420654296875
2025-03-07,META,623.1597900390625
2025-03-10,META,595.60028076171875
2025-03-11,META,603.28948974609375
2025-03-12,META,617.08416748046875
2025-03-13,META,588.2796630859375
2025-03-14,META,605.71026611328125
2025-03-17,META,603.01873779296875
2025-03-18,META,580.54876708984375
2025-03-19,META,582.24359130859375
2025-03-20,META,584.17742919921875
2025-03-21,META,594.3956298828125
2025-03-24,META,616.92529296875
2025-03-25,META,624.3621826171875
2025-03-26,META,609.07977294921875
2025-03-27,META,600.7059326171875
2025-03-28,META,574.9462890625
2025-03-31,META,574.5675048828125
2025-04-01,META,584.17742919921875
2025-04-02,META,582.1138916015625
2025-04-03,META,529.96661376953125
2025-04-04,META,503.1602783203125
2025-04-07,META,514.6444091796875
2025-04-08,META,508.86248779296875
2025-04-09,META,583.9482421875
2025-04-10,META,544.591064453125
2025-04-11,META,541.8795166015625
2025-04-14,META,529.8270263671875
2025-04-15,META,519.8980712890625
2025-04-16,META,500.7477722167969
2025-04-17,META,499.9203796386719
2025-04-21,META,483.1526794433594
2025-04-22,META,498.7240905761719
2025-04-23,META,518.6519775390625
2025-04-24,META,531.49188232421875
2025-04-25,META,545.5679931640625
2025-04-28,META,548.0302734375
2025-04-29,META,552.7156982421875
2025-04-30,META,547.2926025390625
2025-05-01,META,570.43035888671875
2025-05-02,META,595.16326904296875
2025-05-05,META,597.40625
2025-05-06,META,585.48345947265625
2025-05-07,META,594.953857421875
2025-05-08,META,596.150146484375
2025-05-09,META,590.64739990234375
2025-05-12,META,637.4412841796875
2025-05-13,META,653.98974609375
2025-05-14,META,657.309326171875
2025-05-15,META,641.87750244140625
2025-05-16,META,638.3485107421875
2025-05-19,META,638.438232421875
2025-05-20,META,635.11859130859375
2025-05-21,META,633.5235595703125
2025-05-22,META,634.5902099609375
2025-05-23,META,625.10980224609375
2025-05-27,META,640.32232666015625
2025-05-28,META,641.57843017578125
2025-05-29,META,643.04388427734375
2025-05-30,META,645.47625732421875
2025-06-02,META,668.8134765625
2025-06-03,META,664.7760009765625
2025-06-04,META,685.8104248046875
2025-06-05,META,682.49072265625
2025-06-06,META,695.54010009765625
2025-06-09,META,691.90142822265625
2025-06-10,META,700.21551513671875
2025-06-11,META,691.981201171875
2025-06-12,META,691.20361328125
2025-06-13,META,680.74627685546875
2025-06-16,META,700.47491455078125
2025-06-17,META,695.5963134765625
2025-06-18,META,694.13983154296875
2025-06-20,META,680.751220703125
2025-06-23,META,696.89337158203125
2025-06-24,META,710.53131103515625
2025-06-25,META,707.01953125
2025-06-26,META,724.3887939453125
2025-06-27,META,731.91107177734375
2025-06-30,META,736.3607177734375
2025-07-01,META,717.53485107421875
2025-07-02,META,711.8980712890625
2025-07-03,META,717.32537841796875
2025-07-07,META,716.6668701171875
2025-07-08,META,718.98138427734375
2025-07-09,META,731.0631103515625
2025-07-10,META,725.5360107421875
2025-07-11,META,715.82891845703125
2025-07-14,META,719.2308349609375
2025-07-15,META,708.7255859375
2025-07-16,META,701.26300048828125
2025-07-17,META,699.76654052734375
2025-07-18,META,702.6298828125
2025-07-21,META,711.2994384765625
2025-07-22,META,703.1585693359375
2025-07-23,META,711.9080810546875
2025-07-24,META,713.125244140625
2025-07-25,META,711.0101318359375
2025-07-28,META,715.9486083984375
2025-07-29,META,698.35986328125
2025-07-30,META,693.58111572265625
2025-07-31,META,771.6278076171875
2025-08-01,META,748.25274658203125
2025-08-04,META,774.55096435546875
2025-08-05,META,761.67120361328125
2025-08-06,META,770.18121337890625
2025-08-07,META,760.04498291015625
2025-08-08,META,767.49755859375
2025-08-11,META,764.0755615234375
2025-08-12,META,788.14898681640625
2025-08-13,META,778.2523193359375
2025-08-14,META,780.29742431640625
2025-08-15,META,783.39019775390625
2025-08-18,META,765.572021484375
2025-08-19,META,749.71923828125
2025-08-20,META,745.96807861328125
2025-08-21,META,737.36822509765625
2025-08-22,META,753.021484375
2025-08-25,META,751.53497314453125
2025-08-26,META,752.3331298828125
2025-08-27,META,745.62890625
2025-08-28,META,749.35009765625
2025-08-29,META,736.96923828125
2025-09-02,META,733.3875732421875
2025-09-03,META,735.32305908203125
2025-09-04,META,746.89593505859375
2025-09-05,META,750.68701171875
2025-09-08,META,750.53729248046875
2025-09-09,META,763.90594482421875
2025-09-10,META,750.21807861328125
2025-09-11,META,749.140625
2025-09-12,META,753.81964111328125
2025-09-15,META,762.90826416015625
2025-09-16,META,777.17474365234375
2025-09-17,META,773.9024658203125
2025-09-18,META,778.421875
2025-09-19,META,776.55621337890625
2025-09-22,META,763.8824462890625
2025-09-23,META,754.13873291015625
2025-09-24,META,759.38995361328125
2025-09-25,META,747.6595458984375
2025-09-26,META,742.5081787109375
2025-09-29,META,742.15875244140625
2025-09-30,META,733.15386962890625
2025-10-01,META,716.14227294921875
2025-10-02,META,725.8360595703125
2025-10-03,META,709.37359619140625
2025-10-06,META,714.465087890625
2025-10-07,META,711.889404296875
2025-10-08,META,716.6414794921875
2025-10-09,META,732.2852783203125
2025-10-10,META,704.12237548828125
2025-10-13,META,714.5050048828125
2025-10-14,META,707.466796875
2025-10-15,META,716.3519287109375
2025-10-16,META,710.881103515625
2025-10-17,META,715.72296142578125
2025-10-20,META,730.947509765625
2025-10-21,META,732.04571533203125
2025-10-22,META,732.1854248046875
2025-10-23,META,732.77447509765625
2025-10-24,META,737.127197265625
2025-10-27,META,749.56634521484375
2025-10-28,META,750.18536376953125
2025-10-29,META,750.4149169921875
2025-10-30,META,665.35723876953125
2025-10-31,META,647.2674560546875
2025-11-03,META,636.645263671875
2025-11-04,META,626.2725830078125
2025-11-05,META,634.88818359375
2025-11-06,META,617.90655517578125
2025-11-07,META,620.67193603515625
2025-11-10,META,630.7052001953125
2025-11-11,META,626.03302001953125
2025-11-12,META,607.9931640625
2025-11-13,META,608.8717041015625
2025-11-14,META,608.44244384765625
2025-11-17,META,601.00482177734375
2025-11-18,META,596.69207763671875
2025-11-19,META,589.3343505859375
2025-11-20,META,588.16632080078125
2025-11-21,META,593.2578125
2025-11-24,META,612.02642822265625
2025-11-25,META,635.15765380859375
2025-11-26,META,632.55206298828125
2025-11-28,META,646.8681640625
2025-12-01,META,639.7999267578125
2025-12-02,META,646.01953125
2025-12-03,META,638.53204345703125
2025-12-04,META,660.425537109375
2025-12-05,META,672.29559326171875
2025-12-08,META,665.6866455078125
2025-12-09,META,655.8631591796875
2025-12-10,META,649.04449462890625
2025-12-11,META,651.62017822265625
2025-12-12,META,643.15435791015625
2025-12-15,META,646.95611572265625
2025-12-16,META,656.587890625
2025-12-17,META,648.94439697265625
2025-12-18,META,663.881591796875
2025-12-19,META,658.20648193359375
2025-12-22,META,660.93414306640625
2025-12-23,META,664.37115478515625
2025-12-24,META,666.97894287109375
2025-12-26,META,662.72259521484375
2025-12-29,META,658.12652587890625
2025-12-30,META,665.38031005859375
2017-01-03,NVDA,2.512070894241333
2017-01-04,NVDA,2.5706801414489746
2017-01-05,NVDA,2.505423069000244
2017-01-06,NVDA,2.538914203643799
2017-01-09,NVDA,2.6418488025665283
2017-01-10,NVDA,2.621901750564575
2017-01-11,NVDA,2.589641809463501
2017-01-12,NVDA,2.547286033630371
2017-01-13,NVDA,2.5470399856567383
2017-01-17,NVDA,2.489908456802368
2017-01-18,NVDA,2.535219430923462
2017-01-19,NVDA,2.589641809463501
2017-01-20,NVDA,2.5613226890563965
2017-01-23,NVDA,2.587918281555176
2017-01-24,NVDA,2.643080711364746
2017-01-25,NVDA,2.6544079780578613
2017-01-26,NVDA,2.700211763381958
2017-01-27,NVDA,2.7524185180664063
2017-01-30,NVDA,2.709322452545166
2017-01-31,NVDA,2.688638210296631
2017-02-01,NVDA,2.8061022758483887
2017-02-02,NVDA,2.8415634632110596
2017-02-03,NVDA,2.8166921138763428
2017-02-06,NVDA,2.8888461589813232
2017-02-07,NVDA,2.9336633682250977
2017-02-08,NVDA,2.920858860015869
2017-02-09,NVDA,2.8659427165985107
2017-02-10,NVDA,2.797975778579712
2017-02-13,NVDA,2.6689369678497314
2017-02-14,NVDA,2.6787872314453125
2017-02-15,NVDA,2.684204339981079
2017-02-16,NVDA,2.64111065864563
2017-02-17,NVDA,2.640617609024048
2017-02-21,NVDA,2.7351813316345215
2017-02-22,NVDA,2.7309892177581787
2017-02-23,NVDA,2.4777631759643555
2017-02-24,NVDA,2.5016796588897705
2017-02-27,NVDA,2.574418306350708
2017-02-28,NVDA,2.502173900604248
2017-03-01,NVDA,2.5344743728637695
2017-03-02,NVDA,2.4410240650177
2017-03-03,NVDA,2.4269702434539795
2017-03-06,NVDA,2.408231019973755
2017-03-07,NVDA,2.4346134662628174
2017-03-08,NVDA,2.430175304412842
2017-03-09,NVDA,2.4296820163726807
2017-03-10,NVDA,2.4439830780029297
2017-03-13,NVDA,2.511296510696411
2017-03-14,NVDA,2.5095701217651367
2017-03-15,NVDA,2.528557062149048
2017-03-16,NVDA,2.5596237182617188
2017-03-17,NVDA,2.6153483390808105
2017-03-20,NVDA,2.698687791824341
2017-03-21,NVDA,2.6114025115966797
2017-03-22,NVDA,2.6646623611450195
2017-03-23,NVDA,2.640498399734497
2017-03-24,NVDA,2.6498682498931885
2017-03-27,NVDA,2.669100522994995
2017-03-28,NVDA,2.655291795730591
2017-03-29,NVDA,2.6466634273529053
2017-03-30,NVDA,2.697455406188965
2017-03-31,NVDA,2.685866117477417
2017-04-03,NVDA,2.6723053455352783
2017-04-04,NVDA,2.4849135875701904
2017-04-05,NVDA,2.466421604156494
2017-04-06,NVDA,2.4844205379486084
2017-04-07,NVDA,2.4738175868988037
2017-04-10,NVDA,2.4106974601745605
2017-04-11,NVDA,2.4193263053894043
2017-04-12,NVDA,2.3993544578552246
2017-04-13,NVDA,2.354478597640991
2017-04-17,NVDA,2.4466958045959473
2017-04-18,NVDA,2.4481751918792725
2017-04-19,NVDA,2.4577908515930176
2017-04-20,NVDA,2.496748447418213
2017-04-21,NVDA,2.5071043968200684
2017-04-24,NVDA,2.538418769836426
2017-04-25,NVDA,2.582555055618286
2017-04-26,NVDA,2.5648014545440674
2017-04-27,NVDA,2.604745388031006
2017-04-28,NVDA,2.5717060565948486
2017-05-01,NVDA,2.629403591156006
2017-05-02,NVDA,2.5514872074127197
2017-05-03,NVDA,2.570472478866577
2017-05-04,NVDA,2.560610771179199
2017-05-05,NVDA,2.560856819152832
2017-05-08,NVDA,2.5339813232421875
2017-05-09,NVDA,2.538172483444214
2017-05-10,NVDA,2.99062442779541
2017-05-11,NVDA,3.1190874576568604
2017-05-12,NVDA,3.1533596515655518
2017-05-15,NVDA,3.3116557598114014
2017-05-16,NVDA,3.373298406600952
2017-05-17,NVDA,3.1491684913635254
2017-05-18,NVDA,3.2810821533203125
2017-05-19,NVDA,3.356858253479004
2017-05-22,NVDA,3.428438663482666
2017-05-23,NVDA,3.382282257080078
2017-05-24,NVDA,3.4202933311462402
2017-05-25,NVDA,3.412641763687134
2017-05-26,NVDA,3.501006603240967
2017-05-30,NVDA,3.5757946968078613
2017-05-31,NVDA,3.562959909439087
2017-06-01,NVDA,3.5632059574127197
2017-06-02,NVDA,3.5454351902008057
2017-06-05,NVDA,3.6532983779907227
2017-06-06,NVDA,3.636761426925659
2017-06-07,NVDA,3.680696964263916
2017-06-08,NVDA,3.9477641582489014
2017-06-09,NVDA,3.692544460296631
2017-06-12,NVDA,3.701676368713379
2017-06-13,NVDA,3.736973524093628
2017-06-14,NVDA,3.7448723316192627
2017-06-15,NVDA,3.760915756225586
2017-06-16,NVDA,3.742403745651245
2017-06-19,NVDA,3.8830950260162354
2017-06-20,NVDA,3.877418279647827
2017-06-21,NVDA,3.9361634254455566
2017-06-22,NVDA,3.9090120792388916
2017-06-23,NVDA,3.796952247619629
2017-06-26,NVDA,3.7554852962493896
2017-06-27,NVDA,3.6180028915405273
2017-06-28,NVDA,3.7456119060516357
2017-06-29,NVDA,3.620471239089966
2017-06-30,NVDA,3.568143129348755
2017-07-03,NVDA,3.439052104949951
2017-07-05,NVDA,3.530871629714966
2017-07-06,NVDA,3.541485548019409
2017-07-07,NVDA,3.6224448680877686
2017-07-10,NVDA,3.793743371963501
2017-07-11,NVDA,3.847553253173828
2017-07-12,NVDA,4.011197566986084
2017-07-13,NVDA,3.9647936820983887
2017-07-14,NVDA,4.07142448425293
2017-07-17,NVDA,4.0541462898254395
2017-07-18,NVDA,4.096354961395264
2017-07-19,NVDA,4.075128078460693
2017-07-20,NVDA,4.134366035461426
2017-07-21,NVDA,4.14917516708374
2017-07-24,NVDA,4.101043701171875
2017-07-25,NVDA,4.081298351287842
2017-07-26,NVDA,4.12844181060791
2017-07-27,NVDA,3.9921929836273193
2017-07-28,NVDA,4.05760383605957
2017-07-31,NVDA,4.011197566986084
2017-08-01,NVDA,4.060070514678955
2017-08-02,NVDA,4.05760383605957
2017-08-03,NVDA,4.109189987182617
2017-08-04,NVDA,4.127209186553955
2017-08-07,NVDA,4.254078388214111
2017-08-08,NVDA,4.203477382659912
2017-08-09,NVDA,4.248151779174805
2017-08-10,NVDA,4.066242218017578
2017-08-11,NVDA,3.849526882171631
2017-08-14,NVDA,4.156580924987793
2017-08-15,NVDA,4.121531009674072
2017-08-16,NVDA,4.076362609863281
2017-08-17,NVDA,3.985527753829956
2017-08-18,NVDA,3.986269235610962
2017-08-21,NVDA,3.9282643795013428
2017-08-22,NVDA,4.015718936920166
2017-08-23,NVDA,4.096007347106934
2017-08-24,NVDA,4.080939292907715
2017-08-25,NVDA,4.046846389770508
2017-08-28,NVDA,4.075503826141357
2017-08-29,NVDA,4.068833351135254
2017-08-30,NVDA,4.093044757843018
2017-08-31,NVDA,4.185934066772461
2017-09-01,NVDA,4.211132049560547
2017-09-05,NVDA,4.098725318908691
2017-09-06,NVDA,4.096255779266357
2017-09-07,NVDA,4.11527681350708
2017-09-08,NVDA,4.043881893157959
2017-09-11,NVDA,4.1750640869140625
2017-09-12,NVDA,4.190133094787598
2017-09-13,NVDA,4.208909511566162
2017-09-14,NVDA,4.184945106506348
2017-09-15,NVDA,4.449530601501465
2017-09-18,NVDA,4.633331298828125
2017-09-19,NVDA,4.628390312194824
2017-09-20,NVDA,4.5910868644714355
2017-09-21,NVDA,4.465587615966797
2017-09-22,NVDA,4.422108173370361
2017-09-25,NVDA,4.2244720458984375
2017-09-26,NVDA,4.248186111450195
2017-09-27,NVDA,4.3413238525390625
2017-09-28,NVDA,4.340087890625
2017-09-29,NVDA,4.416425704956055
2017-10-02,NVDA,4.422108173370361
2017-10-03,NVDA,4.431249618530273
2017-10-04,NVDA,4.468305587768555
2017-10-05,NVDA,4.465835094451904
2017-10-06,NVDA,4.4789276123046875
2017-10-09,NVDA,4.57996940612793
2017-10-10,NVDA,4.667423725128174
2017-10-11,NVDA,4.7170796394348145
2017-10-12,NVDA,4.719303607940674
2017-10-13,NVDA,4.807250022888184
2017-10-16,NVDA,4.889764785766602
2017-10-17,NVDA,4.885316848754883
2017-10-18,NVDA,4.88111686706543
2017-10-19,NVDA,4.886552333831787
2017-10-20,NVDA,4.86431884765625
2017-10-23,NVDA,4.857399940490723
2017-10-24,NVDA,4.908292293548584
2017-10-25,NVDA,4.784277439117432
2017-10-26,NVDA,4.834426403045654
2017-10-27,NVDA,4.986854553222656
2017-10-30,NVDA,5.035768508911133
2017-10-31,NVDA,5.109139919281006
2017-11-01,NVDA,5.118776321411133
2017-11-02,NVDA,5.087646961212158
2017-11-03,NVDA,5.155586242675781
2017-11-06,NVDA,5.178808689117432
2017-11-07,NVDA,5.238097667694092
2017-11-08,NVDA,5.167195796966553
2017-11-09,NVDA,5.072329998016357
2017-11-10,NVDA,5.339634895324707
2017-11-13,NVDA,5.252921104431152
2017-11-14,NVDA,5.291211128234863
2017-11-15,NVDA,5.1874542236328125
2017-11-16,NVDA,5.227721691131592
2017-11-17,NVDA,5.221545219421387
2017-11-20,NVDA,5.288743019104004
2017-11-21,NVDA,5.3374104499816895
2017-11-22,NVDA,5.313429355621338
2017-11-24,NVDA,5.363615036010742
2017-11-27,NVDA,5.293900966644287
2017-11-28,NVDA,5.209105491638184
2017-11-29,NVDA,4.855832576751709
2017-11-30,NVDA,4.961887836456299
2017-12-01,NVDA,4.886981964111328
2017-12-04,NVDA,4.614548206329346
2017-12-05,NVDA,4.641246318817139
2017-12-06,NVDA,4.678825855255127
2017-12-07,NVDA,4.7463154792785645
2017-12-08,NVDA,4.733954429626465
2017-12-11,NVDA,4.812323093414307
2017-12-12,NVDA,4.7178850173950195
2017-12-13,NVDA,4.602681636810303
2017-12-14,NVDA,4.609850883483887
2017-12-15,NVDA,4.735684871673584
2017-12-18,NVDA,4.892419815063477
2017-12-19,NVDA,4.848169326782227
2017-12-20,NVDA,4.8652262687683105
2017-12-21,NVDA,4.842729091644287
2017-12-22,NVDA,4.827402114868164
2017-12-26,NVDA,4.88104772567749
2017-12-27,NVDA,4.874372482299805
2017-12-28,NVDA,4.880059242248535
2017-12-29,NVDA,4.783644676208496
2018-01-02,NVDA,4.9282660484313965
2018-01-03,NVDA,5.252615451812744
2018-01-04,NVDA,5.280301570892334
2018-01-05,NVDA,5.325049877166748
2018-01-08,NVDA,5.4882121086120605
2018-01-09,NVDA,5.486728668212891
2018-01-10,NVDA,5.529746055603027
2018-01-11,NVDA,5.539633750915527
2018-01-12,NVDA,5.512438774108887
2018-01-16,NVDA,5.441488742828369
2018-01-17,NVDA,5.555454254150391
2018-01-18,NVDA,5.548533916473389
2018-01-19,NVDA,5.688704490661621
2018-01-22,NVDA,5.777210235595703
2018-01-23,NVDA,5.906256198883057
2018-01-24,NVDA,5.829372406005859
2018-01-25,NVDA,5.842967510223389
2018-01-26,NVDA,6.01552677154541
2018-01-29,NVDA,6.102546215057373
2018-01-30,NVDA,6.000443935394287
2018-01-31,NVDA,6.076590061187744
2018-02-01,NVDA,5.945563316345215
2018-02-02,NVDA,5.773006916046143
2018-02-05,NVDA,5.283024311065674
2018-02-06,NVDA,5.576717376708984
2018-02-07,NVDA,5.656318187713623
2018-02-08,NVDA,5.377458572387695
2018-02-09,NVDA,5.737407684326172
2018-02-12,NVDA,5.637284278869629
2018-02-13,NVDA,5.751003742218018
2018-02-14,NVDA,5.9683074951171875
2018-02-15,NVDA,6.093894004821777
2018-02-16,NVDA,6.02813196182251
2018-02-20,NVDA,6.157676696777344
2018-02-21,NVDA,5.970530986785889
2018-02-22,NVDA,5.99007511138916
2018-02-23,NVDA,6.08358097076416
2018-02-26,NVDA,6.099660396575928
2018-02-27,NVDA,6.086795806884766
2018-02-28,NVDA,5.986363410949707
2018-03-01,NVDA,5.744189262390137
2018-03-02,NVDA,5.851299285888672
2018-03-05,NVDA,5.829282760620117
2018-03-06,NVDA,5.990322113037109
2018-03-07,NVDA,5.982407093048096
2018-03-08,NVDA,5.966080188751221
2018-03-09,NVDA,6.068739891052246
2018-03-12,NVDA,6.1783223152160645
2018-03-13,NVDA,6.1276116371154785
2018-03-14,NVDA,6.153090476989746
2018-03-15,NVDA,6.167932033538818
2018-03-16,NVDA,6.196133136749268
2018-03-19,NVDA,5.961627960205078
2018-03-20,NVDA,6.173870086669922
2018-03-21,NVDA,6.148638725280762
2018-03-22,NVDA,5.982653617858887
2018-03-23,NVDA,5.76298713684082
2018-03-26,NVDA,6.047712802886963
2018-03-27,NVDA,5.578697204589844
2018-03-28,NVDA,5.475544452667236
2018-03-29,NVDA,5.728851318359375
2018-04-02,NVDA,5.468122482299805
2018-04-03,NVDA,5.574492931365967
2018-04-04,NVDA,5.596508502960205
2018-04-05,NVDA,5.476285457611084
2018-04-06,NVDA,5.299910545349121
2018-04-09,NVDA,5.328607082366943
2018-04-10,NVDA,5.637819766998291
2018-04-11,NVDA,5.596508502960205
2018-04-12,NVDA,5.803310394287109
2018-04-13,NVDA,5.726624488830566
2018-04-16,NVDA,5.726378440856934
2018-04-17,NVDA,5.876035213470459
2018-04-18,NVDA,5.847094535827637
2018-04-19,NVDA,5.665771484375
2018-04-20,NVDA,5.657608985900879
2018-04-23,NVDA,5.538128852844238
2018-04-24,NVDA,5.471833229064941
2018-04-25,NVDA,5.359527587890625
2018-04-26,NVDA,5.5712761878967285
2018-04-27,NVDA,5.598733901977539
2018-04-30,NVDA,5.563361167907715
2018-05-01,NVDA,5.618770599365234
2018-05-02,NVDA,5.598238945007324
2018-05-03,NVDA,5.763482093811035
2018-05-04,NVDA,5.913637638092041
2018-05-07,NVDA,6.151607513427734
2018-05-08,NVDA,6.194155693054199
2018-05-09,NVDA,6.327239990234375
2018-05-10,NVDA,6.434845924377441
2018-05-11,NVDA,6.296319484710693
2018-05-14,NVDA,6.316850185394287
2018-05-15,NVDA,6.074428558349609
2018-05-16,NVDA,6.085559844970703
2018-05-17,NVDA,6.1276116371154785
2018-05-18,NVDA,6.083827018737793
2018-05-21,NVDA,6.041773796081543
2018-05-22,NVDA,6.003678798675537
2018-05-23,NVDA,6.127193450927734
2018-05-24,NVDA,6.1309051513671875
2018-05-25,NVDA,6.170263767242432
2018-05-29,NVDA,6.153183460235596
2018-05-30,NVDA,6.262094974517822
2018-05-31,NVDA,6.242292881011963
2018-06-01,NVDA,6.376698017120361
2018-06-04,NVDA,6.555657386779785
2018-06-05,NVDA,6.561102390289307
2018-06-06,NVDA,6.563082695007324
2018-06-07,NVDA,6.50739049911499
2018-06-08,NVDA,6.4920430183410645
2018-06-11,NVDA,6.450953483581543
2018-06-12,NVDA,6.499468803405762
2018-06-13,NVDA,6.495014190673828
2018-06-14,NVDA,6.60664701461792
2018-06-15,NVDA,6.565804958343506
2018-06-18,NVDA,6.5615973472595215
2018-06-19,NVDA,6.439815998077393
2018-06-20,NVDA,6.49278450012207
2018-06-21,NVDA,6.364074230194092
2018-06-22,NVDA,6.211599349975586
2018-06-25,NVDA,5.9187798500061035
2018-06-26,NVDA,5.989818096160889
2018-06-27,NVDA,5.834619998931885
2018-06-28,NVDA,5.961848258972168
2018-06-29,NVDA,5.863830089569092
2018-07-02,NVDA,5.996005535125732
2018-07-03,NVDA,5.862343788146973
2018-07-05,NVDA,6.008135795593262
2018-07-06,NVDA,6.121995449066162
2018-07-09,NVDA,6.169520854949951
2018-07-10,NVDA,6.268530368804932
2018-07-11,NVDA,6.126946449279785
2018-07-12,NVDA,6.218528747558594
2018-07-13,NVDA,6.171253204345703
2018-07-16,NVDA,6.143530368804932
2018-07-17,NVDA,6.279420852661133
2018-07-18,NVDA,6.230165004730225
2018-07-19,NVDA,6.238331317901611
2018-07-20,NVDA,6.210115909576416
2018-07-23,NVDA,6.173481464385986
2018-07-24,NVDA,6.156155586242676
2018-07-25,NVDA,6.234371662139893
2018-07-26,NVDA,6.307886123657227
2018-07-27,NVDA,6.238084316253662
2018-07-30,NVDA,6.042788982391357
2018-07-31,NVDA,6.060858249664307
2018-08-01,NVDA,6.100709438323975
2018-08-02,NVDA,6.203433036804199
2018-08-03,NVDA,6.240063667297363
2018-08-06,NVDA,6.287835121154785
2018-08-07,NVDA,6.360113143920898
2018-08-08,NVDA,6.396498203277588
2018-08-09,NVDA,6.34798526763916
2018-08-10,NVDA,6.306649208068848
2018-08-13,NVDA,6.339569568634033
2018-08-14,NVDA,6.47100305557251
2018-08-15,NVDA,6.412837028503418
2018-08-16,NVDA,6.372241973876953
2018-08-17,NVDA,6.0598673820495605
2018-08-20,NVDA,6.134620666503906
2018-08-21,NVDA,6.270263195037842
2018-08-22,NVDA,6.505410194396973
2018-08-23,NVDA,6.604914665222168
2018-08-24,NVDA,6.738082408905029
2018-08-27,NVDA,6.829169750213623
2018-08-28,NVDA,6.7915472984313965
2018-08-29,NVDA,6.897049903869629
2018-08-30,NVDA,6.880208492279053
2018-08-31,NVDA,6.951286315917969
2018-09-04,NVDA,7.026081562042236
2018-09-05,NVDA,6.895316123962402
2018-09-06,NVDA,6.754150867462158
2018-09-07,NVDA,6.732852458953857
2018-09-10,NVDA,6.803929328918457
2018-09-11,NVDA,6.756132125854492
2018-09-12,NVDA,6.642210006713867
2018-09-13,NVDA,6.719974994659424
2018-09-14,NVDA,6.846031188964844
2018-09-17,NVDA,6.784117221832275
2018-09-18,NVDA,6.712048530578613
2018-09-19,NVDA,6.7358222007751465
2018-09-20,NVDA,6.594657897949219
2018-09-21,NVDA,6.524569988250732
2018-09-24,NVDA,6.580294132232666
2018-09-25,NVDA,6.647408962249756
2018-09-26,NVDA,6.610507488250732
2018-09-27,NVDA,6.622396469116211
2018-09-28,NVDA,6.959706783294678
2018-10-01,NVDA,7.166254997253418
2018-10-02,NVDA,7.094929218292236
2018-10-03,NVDA,7.101119518280029
2018-10-04,NVDA,6.916861534118652
2018-10-05,NVDA,6.683321475982666
2018-10-08,NVDA,6.582027912139893
2018-10-09,NVDA,6.576332092285156
2018-10-10,NVDA,6.084728240966797
2018-10-11,NVDA,5.823202133178711
2018-10-12,NVDA,6.105780124664307
2018-10-15,NVDA,5.82939338684082
2018-10-16,NVDA,6.088195323944092
2018-10-17,NVDA,6.019592761993408
2018-10-18,NVDA,5.932171821594238
2018-10-19,NVDA,5.675595283508301
2018-10-22,NVDA,5.72636604309082
2018-10-23,NVDA,5.474745750427246
2018-10-24,NVDA,4.938564300537109
2018-10-25,NVDA,5.147340774536133
2018-10-26,NVDA,4.910825729370117
2018-10-29,NVDA,4.597041606903076
2018-10-30,NVDA,5.027472019195557
2018-10-31,NVDA,5.221390724182129
2018-11-01,NVDA,5.401684761047363
2018-11-02,NVDA,5.322681903839111
2018-11-05,NVDA,5.244668960571289
2018-11-06,NVDA,5.227085590362549
2018-11-07,NVDA,5.29469633102417
2018-11-08,NVDA,5.101524353027344
2018-11-09,NVDA,5.093597888946533
2018-11-12,NVDA,4.694123268127441
2018-11-13,NVDA,4.936086177825928
2018-11-14,NVDA,4.883583068847656
2018-11-15,NVDA,5.012367248535156
2018-11-16,NVDA,4.072253704071045
2018-11-19,NVDA,3.583622455596924
2018-11-20,NVDA,3.6920976638793945
2018-11-21,NVDA,3.5838701725006104
2018-11-23,NVDA,3.591052293777466
2018-11-26,NVDA,3.7904176712036133
2018-11-27,NVDA,3.807258367538452
2018-11-28,NVDA,3.9642741680145264
2018-11-29,NVDA,3.9010579586029053
2018-11-30,NVDA,4.051536560058594
2018-12-03,NVDA,4.215403079986572
2018-12-04,NVDA,3.8948609828948975
2018-12-06,NVDA,3.9241139888763428
2018-12-07,NVDA,3.6593494415283203
2018-12-10,NVDA,3.76470947265625
2018-12-11,NVDA,3.67372727394104
2018-12-12,NVDA,3.691329002380371
2018-12-13,NVDA,3.6910808086395264
2018-12-14,NVDA,3.630592107772827
2018-12-17,NVDA,3.5594425201416016
2018-12-18,NVDA,3.6427392959594727
2018-12-19,NVDA,3.433753252029419
2018-12-20,NVDA,3.3492186069488525
2018-12-21,NVDA,3.212125062942505
2018-12-24,NVDA,3.1503970623016357
2018-12-26,NVDA,3.299636125564575
2018-12-27,NVDA,3.2517900466918945
2018-12-28,NVDA,3.3132710456848145
2018-12-31,NVDA,3.3095524311065674
2019-01-02,NVDA,3.376983404159546
2019-01-03,NVDA,3.1729564666748047
2019-01-04,NVDA,3.376239776611328
2019-01-07,NVDA,3.5549798011779785
2019-01-08,NVDA,3.466477394104004
2019-01-09,NVDA,3.534651756286621
2019-01-10,NVDA,3.6003475189208984
2019-01-11,NVDA,3.689593553543091
2019-01-14,NVDA,3.7295069694519043
2019-01-15,NVDA,3.7153759002685547
2019-01-16,NVDA,3.6898417472839355
2019-01-17,NVDA,3.7612388134002686
2019-01-18,NVDA,3.890397787094116
2019-01-22,NVDA,3.6881062984466553
2019-01-23,NVDA,3.700997829437256
2019-01-24,NVDA,3.912957191467285
2019-01-25,NVDA,3.970224618911743
2019-01-28,NVDA,3.421359062194824
2019-01-29,NVDA,3.2624504566192627
2019-01-30,NVDA,3.4059884548187256
2019-01-31,NVDA,3.5636563301086426
2019-02-01,NVDA,3.587952136993408
2019-02-04,NVDA,3.698270320892334
2019-02-05,NVDA,3.7173590660095215
2019-02-06,NVDA,3.792970895767212
2019-02-07,NVDA,3.6546390056610107
2019-02-08,NVDA,3.673232078552246
2019-02-11,NVDA,3.630592107772827
2019-02-12,NVDA,3.7476038932800293
2019-02-13,NVDA,3.7899959087371826
2019-02-14,NVDA,3.8309011459350586
2019-02-15,NVDA,3.900562047958374
2019-02-19,NVDA,3.8832085132598877
2019-02-20,NVDA,3.930558681488037
2019-02-21,NVDA,3.8616409301757813
2019-02-22,NVDA,3.9464244842529297
2019-02-25,NVDA,3.934030055999756
2019-02-26,NVDA,3.8946127891540527
2019-02-27,NVDA,3.8527164459228516
2019-02-28,NVDA,3.8281476497650146
2019-03-01,NVDA,3.882495880126953
2019-03-04,NVDA,3.890685796737671
2019-03-05,NVDA,3.884233236312866
2019-03-06,NVDA,3.773303985595703
2019-03-07,NVDA,3.7040669918060303
2019-03-08,NVDA,3.738313913345337
2019-03-11,NVDA,3.998884677886963
2019-03-12,NVDA,4.033130168914795
2019-03-13,NVDA,4.184508323669434
2019-03-14,NVDA,4.108572006225586
2019-03-15,NVDA,4.214041709899902
2019-03-18,NVDA,4.192698001861572
2019-03-19,NVDA,4.3604559898376465
2019-03-20,NVDA,4.327946186065674
2019-03-21,NVDA,4.564692974090576
2019-03-22,NVDA,4.404877185821533
2019-03-25,NVDA,4.312561988830566
2019-03-26,NVDA,4.389242172241211
2019-03-27,NVDA,4.380059242248535
2019-03-28,NVDA,4.398672580718994
2019-03-29,NVDA,4.455996990203857
2019-04-01,NVDA,4.523498058319092
2019-04-02,NVDA,4.541366100311279
2019-04-03,NVDA,4.6808342933654785
2019-04-04,NVDA,4.671898365020752
2019-04-05,NVDA,4.738655090332031
2019-04-08,NVDA,4.759500026702881
2019-04-09,NVDA,4.696715354919434
2019-04-10,NVDA,4.7671942710876465
2019-04-11,NVDA,4.753296375274658
2019-04-12,NVDA,4.71532678604126
2019-04-15,NVDA,4.583553314208984
2019-04-16,NVDA,4.670657157897949
2019-04-17,NVDA,4.647827625274658
2019-04-18,NVDA,4.623259544372559
2019-04-22,NVDA,4.677110195159912
2019-04-23,NVDA,4.731706142425537
2019-04-24,NVDA,4.744114398956299
2019-04-25,NVDA,4.638396739959717
2019-04-26,NVDA,4.419518947601318
2019-04-29,NVDA,4.450289726257324
2019-04-30,NVDA,4.491732597351074
2019-05-01,NVDA,4.47858190536499
2019-05-02,NVDA,4.546081066131592
2019-05-03,NVDA,4.541613578796387
2019-05-06,NVDA,4.463194370269775
2019-05-07,NVDA,4.295934677124023
2019-05-08,NVDA,4.316034317016602
2019-05-09,NVDA,4.2234697341918945
2019-05-10,NVDA,4.18947172164917
2019-05-13,NVDA,3.93212890625
2019-05-14,NVDA,4.021217346191406
2019-05-15,NVDA,3.9601707458496094
2019-05-16,NVDA,3.9753081798553467
2019-05-17,NVDA,3.8844807147979736
2019-05-20,NVDA,3.7658591270446777
2019-05-21,NVDA,3.84800124168396
2019-05-22,NVDA,3.7770259380340576
2019-05-23,NVDA,3.65592360496521
2019-05-24,NVDA,3.6020727157592773
2019-05-28,NVDA,3.5569074153900146
2019-05-29,NVDA,3.4827067852020264
2019-05-30,NVDA,3.4561233520507813
2019-05-31,NVDA,3.3654394149780273
2019-06-03,NVDA,3.3237016201019287
2019-06-04,NVDA,3.5527682304382324
2019-06-05,NVDA,3.510035753250122
2019-06-06,NVDA,3.572146415710449
2019-06-07,NVDA,3.614880084991455
2019-06-10,NVDA,3.6876745223999023
2019-06-11,NVDA,3.7453136444091797
2019-06-12,NVDA,3.6322708129882813
2019-06-13,NVDA,3.683450698852539
2019-06-14,NVDA,3.5935139656066895
2019-06-17,NVDA,3.603203058242798
2019-06-18,NVDA,3.798231840133667
2019-06-19,NVDA,3.8041951656341553
2019-06-20,NVDA,3.828542470932007
2019-06-21,NVDA,3.7704062461853027
2019-06-24,NVDA,3.7927663326263428
2019-06-25,NVDA,3.7634496688842773
2019-06-26,NVDA,3.956740379333496
2019-06-27,NVDA,4.055372714996338
2019-06-28,NVDA,4.080219268798828
2019-07-01,NVDA,4.128416061401367
2019-07-02,NVDA,4.030529022216797
2019-07-03,NVDA,4.043447494506836
2019-07-05,NVDA,3.980839490890503
2019-07-08,NVDA,3.905808925628662
2019-07-09,NVDA,3.9082934856414795
2019-07-10,NVDA,3.976616144180298
2019-07-11,NVDA,4.1311492919921875
2019-07-12,NVDA,4.164192199707031
2019-07-15,NVDA,4.155745506286621
2019-07-16,NVDA,4.151023864746094
2019-07-17,NVDA,4.216366767883301
2019-07-18,NVDA,4.22804069519043
2019-07-19,NVDA,4.184813022613525
2019-07-22,NVDA,4.25636625289917
2019-07-23,NVDA,4.364190101623535
2019-07-24,NVDA,4.438724517822266
2019-07-25,NVDA,4.307545185089111
2019-07-26,NVDA,4.349532604217529
2019-07-29,NVDA,4.343320846557617
2019-07-30,NVDA,4.358973979949951
2019-07-31,NVDA,4.191770553588867
2019-08-01,NVDA,4.097361087799072
2019-08-02,NVDA,4.0046916007995605
2019-08-05,NVDA,3.746307373046875
2019-08-06,NVDA,3.785064220428467
2019-08-07,NVDA,3.8233253955841064
2019-08-08,NVDA,3.931896209716797
2019-08-09,NVDA,3.8305301666259766
2019-08-12,NVDA,3.762705087661743
2019-08-13,NVDA,3.8769898414611816
2019-08-14,NVDA,3.7284185886383057
2019-08-15,NVDA,3.6961212158203125
2019-08-16,NVDA,3.96419358253479
2019-08-19,NVDA,4.24294900894165
2019-08-20,NVDA,4.170651912689209
2019-08-21,NVDA,4.254128932952881
2019-08-22,NVDA,4.260341167449951
2019-08-23,NVDA,4.0357465744018555
2019-08-26,NVDA,4.110528945922852
2019-08-27,NVDA,4.019846439361572
2019-08-28,NVDA,4.009401321411133
2019-08-29,NVDA,4.153144359588623
2019-08-30,NVDA,4.165827751159668
2019-09-03,NVDA,4.082764625549316
2019-09-04,NVDA,4.1969122886657715
2019-09-05,NVDA,4.469977378845215
2019-09-06,NVDA,4.442869663238525
2019-09-09,NVDA,4.488877773284912
2019-09-10,NVDA,4.555527210235596
2019-09-11,NVDA,4.5841264724731445
2019-09-12,NVDA,4.5826334953308105
2019-09-13,NVDA,4.524689674377441
2019-09-16,NVDA,4.481665134429932
2019-09-17,NVDA,4.503052711486816
2019-09-18,NVDA,4.475944995880127
2019-09-19,NVDA,4.400344371795654
2019-09-20,NVDA,4.294649124145508
2019-09-23,NVDA,4.348116397857666
2019-09-24,NVDA,4.2906718254089355
2019-09-25,NVDA,4.432425022125244
2019-09-26,NVDA,4.410290718078613
2019-09-27,NVDA,4.2715229988098145
2019-09-30,NVDA,4.328967571258545
2019-10-01,NVDA,4.327228546142578
2019-10-02,NVDA,4.303354263305664
2019-10-03,NVDA,4.509021759033203
2019-10-04,NVDA,4.525435447692871
2019-10-07,NVDA,4.5841264724731445
2019-10-08,NVDA,4.40755558013916
2019-10-09,NVDA,4.494100570678711
2019-10-10,NVDA,4.551797389984131
2019-10-11,NVDA,4.62540864944458
2019-10-14,NVDA,4.6388373374938965
2019-10-15,NVDA,4.883549213409424
2019-10-16,NVDA,4.829833030700684
2019-10-17,NVDA,4.831821441650391
2019-10-18,NVDA,4.7373199462890625
2019-10-21,NVDA,4.874597549438477
2019-10-22,NVDA,4.864649295806885
2019-10-23,NVDA,4.851718425750732
2019-10-24,NVDA,4.895735740661621
2019-10-25,NVDA,5.086730480194092
2019-10-28,NVDA,5.142686367034912
2019-10-29,NVDA,5.046443462371826
2019-10-30,NVDA,5.048431873321533
2019-10-31,NVDA,4.999191761016846
2019-11-01,NVDA,5.038236141204834
2019-11-04,NVDA,5.234951496124268
2019-11-05,NVDA,5.2128190994262695
2019-11-06,NVDA,5.163577079772949
2019-11-07,NVDA,5.181233882904053
2019-11-08,NVDA,5.167306900024414
2019-11-11,NVDA,5.177254676818848
2019-11-12,NVDA,5.2128190994262695
2019-11-13,NVDA,5.186954021453857
2019-11-14,NVDA,5.2172932624816895
2019-11-15,NVDA,5.078027248382568
2019-11-18,NVDA,5.279218673706055
2019-11-19,NVDA,5.1725287437438965
2019-11-20,NVDA,5.251861572265625
2019-11-21,NVDA,5.226993083953857
2019-11-22,NVDA,5.244650840759277
2019-11-25,NVDA,5.501300811767578
2019-11-26,NVDA,5.396600246429443
2019-11-27,NVDA,5.4314422607421875
2019-11-29,NVDA,5.3941121101379395
2019-12-02,NVDA,5.207703113555908
2019-12-03,NVDA,5.168133735656738
2019-12-04,NVDA,5.2119340896606445
2019-12-05,NVDA,5.195010185241699
2019-12-06,NVDA,5.280375003814697
2019-12-09,NVDA,5.280375003814697
2019-12-10,NVDA,5.325422763824463
2019-12-11,NVDA,5.409043788909912
2019-12-12,NVDA,5.576536655426025
2019-12-13,NVDA,5.574547290802002
2019-12-16,NVDA,5.603415012359619
2019-12-17,NVDA,5.6815619468688965
2019-12-18,NVDA,5.711924076080322
2019-12-19,NVDA,5.860004425048828
2019-12-20,NVDA,5.957314491271973
2019-12-23,NVDA,5.94362735748291
2019-12-24,NVDA,5.9386491775512695
2019-12-26,NVDA,5.952835559844971
2019-12-27,NVDA,5.895096302032471
2019-12-30,NVDA,5.781858444213867
2019-12-31,NVDA,5.85602331161499
2020-01-02,NVDA,5.970754623413086
2020-01-03,NVDA,5.875186920166016
2020-01-06,NVDA,5.899824142456055
2020-01-07,NVDA,5.97125244140625
2020-01-08,NVDA,5.982451438903809
2020-01-09,NVDA,6.048153877258301
2020-01-10,NVDA,6.080506801605225
2020-01-13,NVDA,6.271146297454834
2020-01-14,NVDA,6.154176235198975
2020-01-15,NVDA,6.111617565155029
2020-01-16,NVDA,6.195239067077637
2020-01-17,NVDA,6.203950881958008
2020-01-21,NVDA,6.170600891113281
2020-01-22,NVDA,6.224606990814209
2020-01-23,NVDA,6.29304838180542
2020-01-24,NVDA,6.233814716339111
2020-01-27,NVDA,5.977972030639648
2020-01-28,NVDA,6.171347141265869
2020-01-29,NVDA,6.110871315002441
2020-01-30,NVDA,6.117589950561523
2020-01-31,NVDA,5.884146213531494
2020-02-03,NVDA,5.981207370758057
2020-02-04,NVDA,6.1504411697387695
2020-02-05,NVDA,6.240783214569092
2020-02-06,NVDA,6.327641487121582
2020-02-07,NVDA,6.261439800262451
2020-02-10,NVDA,6.544659614562988
2020-02-11,NVDA,6.667104721069336
2020-02-12,NVDA,6.782833099365234
2020-02-13,NVDA,6.739030361175537
2020-02-14,NVDA,7.2121405601501465
2020-02-18,NVDA,7.380879878997803
2020-02-19,NVDA,7.832087993621826
2020-02-20,NVDA,7.682764530181885
2020-02-21,NVDA,7.318660736083984
2020-02-24,NVDA,6.8012495040893555
2020-02-25,NVDA,6.521762371063232
2020-02-26,NVDA,6.661133289337158
2020-02-27,NVDA,6.290337085723877
2020-02-28,NVDA,6.725379943847656
2020-03-02,NVDA,6.883759498596191
2020-03-03,NVDA,6.621289253234863
2020-03-04,NVDA,7.084970474243164
2020-03-05,NVDA,6.805567741394043
2020-03-06,NVDA,6.625025272369385
2020-03-09,NVDA,6.112035274505615
2020-03-10,NVDA,6.501508712768555
2020-03-11,NVDA,6.137685775756836
2020-03-12,NVDA,5.386630535125732
2020-03-13,NVDA,5.99748420715332
2020-03-16,NVDA,4.890822887420654
2020-03-17,NVDA,5.410536766052246
2020-03-18,NVDA,5.050696849822998
2020-03-19,NVDA,5.3034563064575195
2020-03-20,NVDA,5.123661041259766
2020-03-23,NVDA,5.296482563018799
2020-03-24,NVDA,6.205169677734375
2020-03-25,NVDA,6.116518497467041
2020-03-26,NVDA,6.405883312225342
2020-03-27,NVDA,6.293573379516602
2020-03-30,NVDA,6.613818645477295
2020-03-31,NVDA,6.564263343811035
2020-04-01,NVDA,6.053016185760498
2020-04-02,NVDA,6.361807346343994
2020-04-03,NVDA,6.0739359855651855
2020-04-06,NVDA,6.683793067932129
2020-04-07,NVDA,6.4504594802856445
2020-04-08,NVDA,6.6476874351501465
2020-04-09,NVDA,6.548075199127197
2020-04-13,NVDA,6.719903469085693
2020-04-14,NVDA,7.071026802062988
2020-04-15,NVDA,6.993579387664795
2020-04-16,NVDA,7.33872652053833
2020-04-17,NVDA,7.279458522796631
2020-04-20,NVDA,7.148223400115967
2020-04-21,NVDA,6.711435794830322
2020-04-22,NVDA,7.125812530517578
2020-04-23,NVDA,7.072519779205322
2020-04-24,NVDA,7.211475372314453
2020-04-27,NVDA,7.3979949951171875
2020-04-28,NVDA,7.255552291870117
2020-04-29,NVDA,7.4323601722717285
2020-04-30,NVDA,7.27846097946167
2020-05-01,NVDA,7.0418901443481445
2020-05-04,NVDA,7.253809452056885
2020-05-05,NVDA,7.314819812774658
2020-05-06,NVDA,7.415675163269043
2020-05-07,NVDA,7.591982841491699
2020-05-08,NVDA,7.78198766708374
2020-05-11,NVDA,8.034001350402832
2020-05-12,NVDA,7.772026538848877
2020-05-13,NVDA,7.74961519241333
2020-05-14,NVDA,7.999136924743652
2020-05-15,NVDA,8.457590103149414
2020-05-18,NVDA,8.716075897216797
2020-05-19,NVDA,8.771112442016602
2020-05-20,NVDA,8.934969902038574
2020-05-21,NVDA,8.740979194641113
2020-05-22,NVDA,8.990999221801758
2020-05-26,NVDA,8.683704376220703
2020-05-27,NVDA,8.49195384979248
2020-05-28,NVDA,8.453855514526367
2020-05-29,NVDA,8.840836524963379
2020-06-01,NVDA,8.771856307983398
2020-06-02,NVDA,8.79078197479248
2020-06-03,NVDA,8.735247611999512
2020-06-04,NVDA,8.736248970031738
2020-06-05,NVDA,8.889217376708984
2020-06-08,NVDA,8.774615287780762
2020-06-09,NVDA,9.014780044555664
2020-06-10,NVDA,9.334425926208496
2020-06-11,NVDA,8.765894889831543
2020-06-12,NVDA,8.901673316955566
2020-06-15,NVDA,9.142091751098633
2020-06-16,NVDA,9.03720474243164
2020-06-17,NVDA,9.204123497009277
2020-06-18,NVDA,9.186186790466309
2020-06-19,NVDA,9.229289054870605
2020-06-22,NVDA,9.493871688842773
2020-06-23,NVDA,9.417387008666992
2020-06-24,NVDA,9.2036285400390625
2020-06-25,NVDA,9.457250595092773
2020-06-26,NVDA,9.123407363891602
2020-06-29,NVDA,9.168251991271973
2020-06-30,NVDA,9.46497631072998
2020-07-01,NVDA,9.497112274169922
2020-07-02,NVDA,9.579076766967773
2020-07-06,NVDA,9.80529499053955
2020-07-07,NVDA,9.837684631347656
2020-07-08,NVDA,10.180744171142578
2020-07-09,NVDA,10.472736358642578
2020-07-10,NVDA,10.443087577819824
2020-07-13,NVDA,10.017559051513672
2020-07-14,NVDA,10.341188430786133
2020-07-15,NVDA,10.191956520080566
2020-07-16,NVDA,10.099777221679688
2020-07-17,NVDA,10.16629409790039
2020-07-20,NVDA,10.474477767944336
2020-07-21,NVDA,10.292858123779297
2020-07-22,NVDA,10.402727127075195
2020-07-23,NVDA,10.094792366027832
2020-07-24,NVDA,10.159317970275879
2020-07-27,NVDA,10.38553524017334
2020-07-28,NVDA,10.180248260498047
2020-07-29,NVDA,10.429384231567383
2020-07-30,NVDA,10.577373504638672
2020-07-31,NVDA,10.578118324279785
2020-08-03,NVDA,10.972254753112793
2020-08-04,NVDA,11.189002990722656
2020-08-05,NVDA,11.247798919677734
2020-08-06,NVDA,11.29638385772705
2020-08-07,NVDA,11.160853385925293
2020-08-10,NVDA,11.126470565795898
2020-08-11,NVDA,10.812557220458984
2020-08-12,NVDA,11.40077018737793
2020-08-13,NVDA,11.403511047363281
2020-08-14,NVDA,11.52409553527832
2020-08-17,NVDA,12.294427871704102
2020-08-18,NVDA,12.218438148498535
2020-08-19,NVDA,12.096611022949219
2020-08-20,NVDA,12.099101066589355
2020-08-21,NVDA,12.639731407165527
2020-08-24,NVDA,12.676353454589844
2020-08-25,NVDA,12.705999374389648
2020-08-26,NVDA,12.728920936584473
2020-08-27,NVDA,12.584672927856445
2020-08-28,NVDA,13.102375984191895
2020-08-31,NVDA,13.32834529876709
2020-09-01,NVDA,13.777423858642578
2020-09-02,NVDA,14.30126953125
2020-09-03,NVDA,12.974467277526855
2020-09-04,NVDA,12.58270263671875
2020-09-08,NVDA,11.87544059753418
2020-09-09,NVDA,12.674911499023438
2020-09-10,NVDA,12.272932052612305
2020-09-11,NVDA,12.126150131225586
2020-09-14,NVDA,12.831664085388184
2020-09-15,NVDA,12.950039863586426
2020-09-16,NVDA,12.475042343139648
2020-09-17,NVDA,12.42420768737793
2020-09-18,NVDA,12.150818824768066
2020-09-21,NVDA,12.47778606414795
2020-09-22,NVDA,12.597905158996582
2020-09-23,NVDA,12.085524559020996
2020-09-24,NVDA,12.30907154083252
2020-09-25,NVDA,12.833162307739258
2020-09-28,NVDA,12.993904113769531
2020-09-29,NVDA,13.184050559997559
2020-09-30,NVDA,13.487841606140137
2020-10-01,NVDA,13.571577072143555
2020-10-02,NVDA,13.02106761932373
2020-10-05,NVDA,13.599489212036133
2020-10-06,NVDA,13.693192481994629
2020-10-07,NVDA,13.919973373413086
2020-10-08,NVDA,13.795120239257813
2020-10-09,NVDA,13.71935749053955
2020-10-12,NVDA,14.181148529052734
2020-10-13,NVDA,14.203329086303711
2020-10-14,NVDA,14.050811767578125
2020-10-15,NVDA,13.925957679748535
2020-10-16,NVDA,13.767955780029297
2020-10-19,NVDA,13.455194473266602
2020-10-20,NVDA,13.60247802734375
2020-10-21,NVDA,13.482110977172852
2020-10-22,NVDA,13.31887435913086
2020-10-23,NVDA,13.547401428222656
2020-10-26,NVDA,13.099818229675293
2020-10-27,NVDA,13.354511260986328
2020-10-28,NVDA,12.587191581726074
2020-10-29,NVDA,12.98293685913086
2020-10-30,NVDA,12.494484901428223
2020-11-02,NVDA,12.541085243225098
2020-11-03,NVDA,12.978453636169434
2020-11-04,NVDA,13.750760078430176
2020-11-05,NVDA,14.115357398986816
2020-11-06,NVDA,14.51608943939209
2020-11-09,NVDA,13.587776184082031
2020-11-10,NVDA,12.729738235473633
2020-11-11,NVDA,13.375696182250977
2020-11-12,NVDA,13.414326667785645
2020-11-13,NVDA,13.255074501037598
2020-11-16,NVDA,13.472641944885254
2020-11-17,NVDA,13.379931449890137
2020-11-18,NVDA,13.386411666870117
2020-11-19,NVDA,13.397878646850586
2020-11-20,NVDA,13.046486854553223
2020-11-23,NVDA,13.098573684692383
2020-11-24,NVDA,12.91689682006836
2020-11-25,NVDA,13.193024635314941
2020-11-27,NVDA,13.219440460205078
2020-11-30,NVDA,13.359249114990234
2020-12-01,NVDA,13.347782135009766
2020-12-02,NVDA,13.501797676086426
2020-12-03,NVDA,13.357710838317871
2020-12-04,NVDA,13.519495010375977
2020-12-07,NVDA,13.56785774230957
2020-12-08,NVDA,13.31184196472168
2020-12-09,NVDA,12.893790245056152
2020-12-10,NVDA,12.935173034667969
2020-12-11,NVDA,12.976055145263672
2020-12-14,NVDA,13.270707130432129
2020-12-15,NVDA,13.32231330871582
2020-12-16,NVDA,13.204651832580566
2020-12-17,NVDA,13.303115844726563
2020-12-18,NVDA,13.234065055847168
2020-12-21,NVDA,13.294144630432129
2020-12-22,NVDA,13.2402982711792
2020-12-23,NVDA,12.972065925598145
2020-12-24,NVDA,12.956609725952148
2020-12-28,NVDA,12.863129615783691
2020-12-29,NVDA,12.90625286102295
2020-12-30,NVDA,13.108174324035645
2020-12-31,NVDA,13.017685890197754
2021-01-04,NVDA,13.076017379760742
2021-01-05,NVDA,13.366436004638672
2021-01-06,NVDA,12.578445434570313
2021-01-07,NVDA,13.305862426757813
2021-01-08,NVDA,13.238802909851074
2021-01-11,NVDA,13.58256721496582
2021-01-12,NVDA,13.446207046508789
2021-01-13,NVDA,13.493071556091309
2021-01-14,NVDA,13.162517547607422
2021-01-15,NVDA,12.82274341583252
2021-01-19,NVDA,12.988018989562988
2021-01-20,NVDA,13.327549934387207
2021-01-21,NVDA,13.827861785888672
2021-01-22,NVDA,13.67330551147461
2021-01-25,NVDA,13.614226341247559
2021-01-26,NVDA,13.39684772491455
2021-01-27,NVDA,12.880830764770508
2021-01-28,NVDA,13.01369571685791
2021-01-29,NVDA,12.952620506286621
2021-02-01,NVDA,13.199166297912598
2021-02-02,NVDA,13.518001556396484
2021-02-03,NVDA,13.491826057434082
2021-02-04,NVDA,13.625195503234863
2021-02-05,NVDA,13.552152633666992
2021-02-08,NVDA,14.397480010986328
2021-02-09,NVDA,14.222481727600098
2021-02-10,NVDA,14.722047805786133
2021-02-11,NVDA,15.207157135009766
2021-02-12,NVDA,14.918484687805176
2021-02-16,NVDA,15.286431312561035
2021-02-17,NVDA,14.863393783569336
2021-02-18,NVDA,14.786615371704102
2021-02-19,NVDA,14.883834838867188
2021-02-22,NVDA,14.314718246459961
2021-02-23,NVDA,14.101577758789063
2021-02-24,NVDA,14.457559585571289
2021-02-25,NVDA,13.269464492797852
2021-02-26,NVDA,13.675301551818848
2021-03-01,NVDA,13.802188873291016
2021-03-02,NVDA,13.367932319641113
2021-03-03,NVDA,12.768149375915527
2021-03-04,NVDA,12.334892272949219
2021-03-05,NVDA,12.425882339477539
2021-03-08,NVDA,11.560112953186035
2021-03-09,NVDA,12.488771438598633
2021-03-10,NVDA,12.436904907226563
2021-03-11,NVDA,12.960833549499512
2021-03-12,NVDA,12.823678016662598
2021-03-15,NVDA,13.158085823059082
2021-03-16,NVDA,13.25783634185791
2021-03-17,NVDA,13.307708740234375
2021-03-18,NVDA,12.69051742553711
2021-03-19,NVDA,12.813454627990723
2021-03-22,NVDA,13.153098106384277
2021-03-23,NVDA,13.037890434265137
2021-03-24,NVDA,12.611215591430664
2021-03-25,NVDA,12.50373363494873
2021-03-26,NVDA,12.806970596313477
2021-03-29,NVDA,12.91569709777832
2021-03-30,NVDA,12.839387893676758
2021-03-31,NVDA,13.314691543579102
2021-04-01,NVDA,13.777023315429688
2021-04-05,NVDA,13.952332496643066
2021-04-06,NVDA,13.826650619506836
2021-04-07,NVDA,14.107941627502441
2021-04-08,NVDA,14.28100872039795
2021-04-09,NVDA,14.363800048828125
2021-04-12,NVDA,15.170762062072754
2021-04-13,NVDA,15.6400785446167
2021-04-14,NVDA,15.238592147827148
2021-04-15,NVDA,16.0966796875
2021-04-16,NVDA,15.872495651245117
2021-04-19,NVDA,15.323127746582031
2021-04-20,NVDA,15.133108139038086
2021-04-21,NVDA,15.321882247924805
2021-04-22,NVDA,14.812914848327637
2021-04-23,NVDA,15.226872444152832
2021-04-26,NVDA,15.439085006713867
2021-04-27,NVDA,15.34307861328125
2021-04-28,NVDA,15.23834228515625
2021-04-29,NVDA,15.286221504211426
2021-04-30,NVDA,14.97176456451416
2021-05-03,NVDA,14.799448013305664
2021-05-04,NVDA,14.315170288085938
2021-05-05,NVDA,14.422149658203125
2021-05-06,NVDA,14.486488342285156
2021-05-07,NVDA,14.775009155273438
2021-05-10,NVDA,14.229883193969727
2021-05-11,NVDA,14.270283699035645
2021-05-12,NVDA,13.723907470703125
2021-05-13,NVDA,13.630892753601074
2021-05-14,NVDA,14.207194328308105
2021-05-17,NVDA,14.129886627197266
2021-05-18,NVDA,13.980514526367188
2021-05-19,NVDA,14.030387878417969
2021-05-20,NVDA,14.575762748718262
2021-05-21,NVDA,14.954062461853027
2021-05-24,NVDA,15.572748184204102
2021-05-25,NVDA,15.60840892791748
2021-05-26,NVDA,15.660529136657715
2021-05-27,NVDA,15.44906234741211
2021-05-28,NVDA,16.203657150268555
2021-06-01,NVDA,16.223609924316406
2021-06-02,NVDA,16.736068725585938
2021-06-03,NVDA,16.92708969116211
2021-06-04,NVDA,17.5340576171875
2021-06-07,NVDA,17.574703216552734
2021-06-08,NVDA,17.413108825683594
2021-06-09,NVDA,17.318580627441406
2021-06-10,NVDA,17.385175704956055
2021-06-11,NVDA,17.78451156616211
2021-06-14,NVDA,17.977569580078125
2021-06-15,NVDA,17.74784278869629
2021-06-16,NVDA,17.769546508789063
2021-06-17,NVDA,18.614608764648438
2021-06-18,NVDA,18.596147537231445
2021-06-21,NVDA,18.385129928588867
2021-06-22,NVDA,18.843585968017578
2021-06-23,NVDA,19.013696670532227
2021-06-24,NVDA,19.161602020263672
2021-06-25,NVDA,18.987503051757813
2021-06-28,NVDA,19.939321517944336
2021-06-29,NVDA,19.980979919433594
2021-06-30,NVDA,19.956785202026367
2021-07-01,NVDA,20.165807723999023
2021-07-02,NVDA,20.44017791748047
2021-07-06,NVDA,20.65118980407715
2021-07-07,NVDA,20.32518768310547
2021-07-08,NVDA,19.857263565063477
2021-07-09,NVDA,20.004425048828125
2021-07-12,NVDA,20.46561622619629
2021-07-13,NVDA,20.203720092773438
2021-07-14,NVDA,19.7961483001709
2021-07-15,NVDA,18.922901153564453
2021-07-16,NVDA,18.119495391845703
2021-07-19,NVDA,18.736827850341797
2021-07-20,NVDA,18.569459915161133
2021-07-21,NVDA,19.365636825561523
2021-07-22,NVDA,19.54921531677246
2021-07-23,NVDA,19.513303756713867
2021-07-26,NVDA,19.249902725219727
2021-07-27,NVDA,19.164098739624023
2021-07-28,NVDA,19.458425521850586
2021-07-29,NVDA,19.6170654296875
2021-07-30,NVDA,19.454437255859375
2021-08-02,NVDA,19.704866409301758
2021-08-03,NVDA,19.769710540771484
2021-08-04,NVDA,20.2276668548584
2021-08-05,NVDA,20.589834213256836
2021-08-06,NVDA,20.3194522857666
2021-08-09,NVDA,20.248613357543945
2021-08-10,NVDA,19.890439987182617
2021-08-11,NVDA,19.653980255126953
2021-08-12,NVDA,19.859508514404297
2021-08-13,NVDA,20.141857147216797
2021-08-16,NVDA,19.904403686523438
2021-08-17,NVDA,19.413530349731445
2021-08-18,NVDA,18.99648666381836
2021-08-19,NVDA,19.75275230407715
2021-08-20,NVDA,20.7684268951416
2021-08-23,NVDA,21.90781593322754
2021-08-24,NVDA,21.74319076538086
2021-08-25,NVDA,22.162229537963867
2021-08-26,NVDA,22.017562866210938
2021-08-27,NVDA,22.584264755249023
2021-08-30,NVDA,22.636146545410156
2021-08-31,NVDA,22.337778091430664
2021-09-01,NVDA,22.393661499023438
2021-09-02,NVDA,22.3487548828125
2021-09-03,NVDA,22.794815063476563
2021-09-07,NVDA,22.61418914794922
2021-09-08,NVDA,22.291873931884766
2021-09-09,NVDA,22.130212783813477
2021-09-10,NVDA,22.430578231811523
2021-09-13,NVDA,22.105268478393555
2021-09-14,NVDA,22.195077896118164
2021-09-15,NVDA,22.293869018554688
2021-09-16,NVDA,22.195077896118164
2021-09-17,NVDA,21.85379981994629
2021-09-20,NVDA,21.06846046447754
2021-09-21,NVDA,21.201175689697266
2021-09-22,NVDA,21.89471435546875
2021-09-23,NVDA,22.434574127197266
2021-09-24,NVDA,22.0344181060791
2021-09-27,NVDA,21.614307403564453
2021-09-28,NVDA,20.655332565307617
2021-09-29,NVDA,20.473722457885742
2021-09-30,NVDA,20.67229652404785
2021-10-01,NVDA,20.698246002197266
2021-10-04,NVDA,19.690372467041016
2021-10-05,NVDA,20.407859802246094
2021-10-06,NVDA,20.656330108642578
2021-10-07,NVDA,21.030540466308594
2021-10-08,NVDA,20.787050247192383
2021-10-11,NVDA,20.651338577270508
2021-10-12,NVDA,20.627391815185547
2021-10-13,NVDA,20.894824981689453
2021-10-14,NVDA,21.700124740600586
2021-10-15,NVDA,21.81588363647461
2021-10-18,NVDA,22.175121307373047
2021-10-19,NVDA,22.24297523498535
2021-10-20,NVDA,22.056371688842773
2021-10-21,NVDA,22.644128799438477
2021-10-22,NVDA,22.678056716918945
2021-10-25,NVDA,23.117130279541016
2021-10-26,NVDA,24.664859771728516
2021-10-27,NVDA,24.39942169189453
2021-10-28,NVDA,24.888385772705078
2021-10-29,NVDA,25.5130615234375
2021-11-01,NVDA,25.77251434326172
2021-11-02,NVDA,26.34530258178711
2021-11-03,NVDA,26.541887283325195
2021-11-04,NVDA,29.73813247680664
2021-11-05,NVDA,29.689237594604492
2021-11-08,NVDA,30.739015579223633
2021-11-09,NVDA,30.592327117919922
2021-11-10,NVDA,29.396854400634766
2021-11-11,NVDA,30.325889587402344
2021-11-12,NVDA,30.325889587402344
2021-11-15,NVDA,29.961658477783203
2021-11-16,NVDA,30.139284133911133
2021-11-17,NVDA,29.19927215576172
2021-11-18,NVDA,31.60818099975586
2021-11-19,NVDA,32.91541290283203
2021-11-22,NVDA,31.888587951660156
2021-11-23,NVDA,31.679027557373047
2021-11-24,NVDA,32.60507583618164
2021-11-26,NVDA,31.43654441833496
2021-11-29,NVDA,33.30559158325195
2021-11-30,NVDA,32.6070671081543
2021-12-01,NVDA,31.37252426147461
2021-12-02,NVDA,32.06214904785156
2021-12-03,NVDA,30.632003784179688
2021-12-06,NVDA,29.97730827331543
2021-12-07,NVDA,32.3625602722168
2021-12-08,NVDA,31.76274871826172
2021-12-09,NVDA,30.42940902709961
2021-12-10,NVDA,30.137983322143555
2021-12-13,NVDA,28.10503578186035
2021-12-14,NVDA,28.28067970275879
2021-12-15,NVDA,30.398466110229492
2021-12-16,NVDA,28.33057975769043
2021-12-17,NVDA,27.745750427246094
2021-12-20,NVDA,27.66391372680664
2021-12-21,NVDA,29.017221450805664
2021-12-22,NVDA,29.341571807861328
2021-12-23,NVDA,29.581092834472656
2021-12-27,NVDA,30.883502960205078
2021-12-28,NVDA,30.26173973083496
2021-12-29,NVDA,29.941375732421875
2021-12-30,NVDA,29.527202606201172
2021-12-31,NVDA,29.35254669189453
2022-01-03,NVDA,30.061140060424805
2022-01-04,NVDA,29.231792449951172
2022-01-05,NVDA,27.549142837524414
2022-01-06,NVDA,28.121999740600586
2022-01-07,NVDA,27.192852020263672
2022-01-10,NVDA,27.34554672241211
2022-01-11,NVDA,27.761716842651367
2022-01-12,NVDA,27.943359375
2022-01-13,NVDA,26.52219009399414
2022-01-14,NVDA,26.88845443725586
2022-01-18,NVDA,25.851524353027344
2022-01-19,NVDA,25.017179489135742
2022-01-20,NVDA,24.102005004882813
2022-01-21,NVDA,23.32754898071289
2022-01-24,NVDA,23.325550079345703
2022-01-25,NVDA,22.279634475708008
2022-01-26,NVDA,22.72674560546875
2022-01-27,NVDA,21.900392532348633
2022-01-28,NVDA,22.79461097717285
2022-01-31,NVDA,24.437335968017578
2022-02-01,NVDA,24.589033126831055
2022-02-02,NVDA,25.19183349609375
2022-02-03,NVDA,23.900409698486328
2022-02-04,NVDA,24.270666122436523
2022-02-07,NVDA,24.678855895996094
2022-02-08,NVDA,25.0580997467041
2022-02-09,NVDA,26.651926040649414
2022-02-10,NVDA,25.772676467895508
2022-02-11,NVDA,23.901403427124023
2022-02-14,NVDA,24.21877098083496
2022-02-15,NVDA,26.44234275817871
2022-02-16,NVDA,26.45831298828125
2022-02-17,NVDA,24.458297729492188
2022-02-18,NVDA,23.595012664794922
2022-02-22,NVDA,23.34351348876953
2022-02-23,NVDA,22.342506408691406
2022-02-24,NVDA,23.7007999420166
2022-02-25,NVDA,24.108985900878906
2022-02-28,NVDA,24.336536407470703
2022-03-01,NVDA,23.43033790588379
2022-03-02,NVDA,24.175979614257813
2022-03-03,NVDA,23.6708984375
2022-03-04,NVDA,22.89432144165039
2022-03-07,NVDA,21.313196182250977
2022-03-08,NVDA,21.47490119934082
2022-03-09,NVDA,22.972179412841797
2022-03-10,NVDA,22.6168212890625
2022-03-11,NVDA,22.059837341308594
2022-03-14,NVDA,21.291240692138672
2022-03-15,NVDA,22.931249618530273
2022-03-16,NVDA,24.451480865478516
2022-03-17,NVDA,24.72099494934082
2022-03-18,NVDA,26.404922485351563
2022-03-21,NVDA,26.685415267944336
2022-03-22,NVDA,26.47579574584961
2022-03-23,NVDA,25.587417602539063
2022-03-24,NVDA,28.09884262084961
2022-03-25,NVDA,27.64167594909668
2022-03-28,NVDA,28.1677188873291
2022-03-29,NVDA,28.603923797607422
2022-03-30,NVDA,27.639678955078125
2022-03-31,NVDA,27.236408233642578
2022-04-01,NVDA,26.663454055786133
2022-04-04,NVDA,27.31028175354004
2022-04-05,NVDA,25.88387680053711
2022-04-06,NVDA,24.362642288208008
2022-04-07,NVDA,24.16400718688965
2022-04-08,NVDA,23.076984405517578
2022-04-11,NVDA,21.877164840698242
2022-04-12,NVDA,21.464920043945313
2022-04-13,NVDA,22.162647247314453
2022-04-14,NVDA,21.219371795654297
2022-04-18,NVDA,21.743410110473633
2022-04-19,NVDA,22.15765953063965
2022-04-20,NVDA,21.442962646484375
2022-04-21,NVDA,20.14632225036621
2022-04-22,NVDA,19.479534149169922
2022-04-25,NVDA,19.865833282470703
2022-04-26,NVDA,18.753856658935547
2022-04-27,NVDA,18.38153648376465
2022-04-28,NVDA,19.746047973632813
2022-04-29,NVDA,18.51329231262207
2022-05-02,NVDA,19.49750328063965
2022-05-03,NVDA,19.566377639770508
2022-05-04,NVDA,20.297042846679688
2022-05-05,NVDA,18.809755325317383
2022-05-06,NVDA,18.64105987548828
2022-05-09,NVDA,16.919198989868164
2022-05-10,NVDA,17.56302261352539
2022-05-11,NVDA,16.599777221679688
2022-05-12,NVDA,16.145601272583008
2022-05-13,NVDA,17.673818588256836
2022-05-16,NVDA,17.232622146606445
2022-05-17,NVDA,18.143966674804688
2022-05-18,NVDA,16.907217025756836
2022-05-19,NVDA,17.09288215637207
2022-05-20,NVDA,16.663663864135742
2022-05-23,NVDA,16.86728858947754
2022-05-24,NVDA,16.124637603759766
2022-05-25,NVDA,16.944154739379883
2022-05-26,NVDA,17.81855583190918
2022-05-27,NVDA,18.776813507080078
2022-05-31,NVDA,18.638063430786133
2022-06-01,NVDA,18.286706924438477
2022-06-02,NVDA,19.556392669677734
2022-06-03,NVDA,18.685977935791016
2022-06-06,NVDA,18.751859664916992
2022-06-07,NVDA,18.891605377197266
2022-06-08,NVDA,18.6180477142334
2022-06-09,NVDA,18.019006729125977
2022-06-10,NVDA,16.946735382080078
2022-06-13,NVDA,15.621867179870605
2022-06-14,NVDA,15.810564041137695
2022-06-15,NVDA,16.500455856323242
2022-06-16,NVDA,15.575940132141113
2022-06-17,NVDA,15.85448932647705
2022-06-21,NVDA,16.539392471313477
2022-06-22,NVDA,16.333723068237305
2022-06-23,NVDA,16.198936462402344
2022-06-24,NVDA,17.09848976135254
2022-06-27,NVDA,16.841901779174805
2022-06-28,NVDA,15.956327438354492
2022-06-29,NVDA,15.517032623291016
2022-06-30,NVDA,15.134652137756348
2022-07-01,NVDA,14.499671936035156
2022-07-05,NVDA,14.939963340759277
2022-07-06,NVDA,15.105697631835938
2022-07-07,NVDA,15.832527160644531
2022-07-08,NVDA,15.81256103515625
2022-07-11,NVDA,15.127659797668457
2022-07-12,NVDA,15.057772636413574
2022-07-13,NVDA,15.139640808105469
2022-07-14,NVDA,15.347304344177246
2022-07-15,NVDA,15.73668098449707
2022-07-18,NVDA,16.07513427734375
2022-07-19,NVDA,16.96470832824707
2022-07-20,NVDA,17.778396606445313
2022-07-21,NVDA,18.021005630493164
2022-07-22,NVDA,17.291181564331055
2022-07-25,NVDA,16.996654510498047
2022-07-26,NVDA,16.506446838378906
2022-07-27,NVDA,17.761428833007813
2022-07-28,NVDA,17.955106735229492
2022-07-29,NVDA,18.133825302124023
2022-08-01,NVDA,18.411378860473633
2022-08-02,NVDA,18.49624252319336
2022-08-03,NVDA,18.862653732299805
2022-08-04,NVDA,19.18413543701172
2022-08-05,NVDA,18.958498001098633
2022-08-08,NVDA,17.764419555664063
2022-08-09,NVDA,17.058557510375977
2022-08-10,NVDA,18.067930221557617
2022-08-11,NVDA,17.913177490234375
2022-08-12,NVDA,18.67894744873047
2022-08-15,NVDA,19.001426696777344
2022-08-16,NVDA,18.848674774169922
2022-08-17,NVDA,18.30554962158203
2022-08-18,NVDA,18.74284553527832
2022-08-19,NVDA,17.82032585144043
2022-08-22,NVDA,17.006637573242188
2022-08-23,NVDA,17.15340232849121
2022-08-24,NVDA,17.1943359375
2022-08-25,NVDA,17.88422393798828
2022-08-26,NVDA,16.233882904052734
2022-08-29,NVDA,15.775617599487305
2022-08-30,NVDA,15.443154335021973
2022-08-31,NVDA,15.069753646850586
2022-09-01,NVDA,13.914613723754883
2022-09-02,NVDA,13.625078201293945
2022-09-06,NVDA,13.44336986541748
2022-09-07,NVDA,13.696038246154785
2022-09-08,NVDA,13.971677780151367
2022-09-09,NVDA,14.368158340454102
2022-09-12,NVDA,14.486002922058105
2022-09-13,NVDA,13.11380386352539
2022-09-14,NVDA,13.110809326171875
2022-09-15,NVDA,12.912068367004395
2022-09-16,NVDA,13.180715560913086
2022-09-19,NVDA,13.364474296569824
2022-09-20,NVDA,13.158742904663086
2022-09-21,NVDA,13.243632316589355
2022-09-22,NVDA,12.544548034667969
2022-09-23,NVDA,12.49960994720459
2022-09-26,NVDA,12.21198558807373
2022-09-27,NVDA,12.396743774414063
2022-09-28,NVDA,12.719320297241211
2022-09-29,NVDA,12.203995704650879
2022-09-30,NVDA,12.123102188110352
2022-10-03,NVDA,12.495615005493164
2022-10-04,NVDA,13.14975643157959
2022-10-05,NVDA,13.191701889038086
2022-10-06,NVDA,13.112805366516113
2022-10-07,NVDA,12.060185432434082
2022-10-10,NVDA,11.654716491699219
2022-10-11,NVDA,11.57082748413086
2022-10-12,NVDA,11.484940528869629
2022-10-13,NVDA,11.944336891174316
2022-10-14,NVDA,11.212297439575195
2022-10-17,NVDA,11.872429847717285
2022-10-18,NVDA,11.95132827758789
2022-10-19,NVDA,12.035215377807617
2022-10-20,NVDA,12.178031921386719
2022-10-21,NVDA,12.449671745300293
2022-10-24,NVDA,12.582500457763672
2022-10-25,NVDA,13.243632316589355
2022-10-26,NVDA,12.879109382629395
2022-10-27,NVDA,13.158742904663086
2022-10-28,NVDA,13.81588077545166
2022-10-31,NVDA,13.479325294494629
2022-11-01,NVDA,13.525264739990234
2022-11-02,NVDA,13.201688766479492
2022-11-03,NVDA,13.403420448303223
2022-11-04,NVDA,14.137460708618164
2022-11-07,NVDA,14.282271385192871
2022-11-08,NVDA,14.582877159118652
2022-11-09,NVDA,13.75795841217041
2022-11-10,NVDA,15.72937297821045
2022-11-11,NVDA,16.305618286132813
2022-11-14,NVDA,16.273662567138672
2022-11-15,NVDA,16.644176483154297
2022-11-16,NVDA,15.88916301727295
2022-11-17,NVDA,15.656465530395508
2022-11-18,NVDA,15.38882064819336
2022-11-21,NVDA,15.296939849853516
2022-11-22,NVDA,16.016996383666992
2022-11-23,NVDA,16.497364044189453
2022-11-25,NVDA,16.24869155883789
2022-11-28,NVDA,15.806272506713867
2022-11-29,NVDA,15.618517875671387
2022-11-30,NVDA,16.905160903930664
2022-12-01,NVDA,17.1169376373291
2022-12-02,NVDA,16.858213424682617
2022-12-05,NVDA,16.59248924255371
2022-12-06,NVDA,15.970148086547852
2022-12-07,NVDA,16.103010177612305
2022-12-08,NVDA,17.150901794433594
2022-12-09,NVDA,16.983074188232422
2022-12-12,NVDA,17.51651382446289
2022-12-13,NVDA,18.052949905395508
2022-12-14,NVDA,17.655372619628906
2022-12-15,NVDA,16.934127807617188
2022-12-16,NVDA,16.553529739379883
2022-12-19,NVDA,16.23686408996582
2022-12-20,NVDA,16.06804656982422
2022-12-21,NVDA,16.483604431152344
2022-12-22,NVDA,15.322831153869629
2022-12-23,NVDA,15.189970016479492
2022-12-27,NVDA,14.106115341186523
2022-12-28,NVDA,14.021203994750977
2022-12-29,NVDA,14.587604522705078
2022-12-30,NVDA,14.598593711853027
2023-01-03,NVDA,14.299908638000488
2023-01-04,NVDA,14.733452796936035
2023-01-05,NVDA,14.249961853027344
2023-01-06,NVDA,14.843334197998047
2023-01-09,NVDA,15.611526489257813
2023-01-10,NVDA,15.892230987548828
2023-01-11,NVDA,15.984131813049316
2023-01-12,NVDA,16.493595123291016
2023-01-13,NVDA,16.88119125366211
2023-01-17,NVDA,17.683340072631836
2023-01-18,NVDA,17.35868263244629
2023-01-19,NVDA,16.74732780456543
2023-01-20,NVDA,17.820194244384766
2023-01-23,NVDA,19.17276954650879
2023-01-24,NVDA,19.24468994140625
2023-01-25,NVDA,19.302631378173828
2023-01-26,NVDA,19.781124114990234
2023-01-27,NVDA,20.34353256225586
2023-01-30,NVDA,19.141801834106445
2023-01-31,NVDA,19.51640510559082
2023-02-01,NVDA,20.92091941833496
2023-02-02,NVDA,21.68611717224121
2023-02-03,NVDA,21.077756881713867
2023-02-06,NVDA,21.0667724609375
2023-02-07,NVDA,22.149625778198242
2023-02-08,NVDA,22.181594848632813
2023-02-09,NVDA,22.313451766967773
2023-02-10,NVDA,21.242582321166992
2023-02-13,NVDA,21.765033721923828
2023-02-14,NVDA,22.946788787841797
2023-02-15,NVDA,22.740005493164063
2023-02-16,NVDA,21.978803634643555
2023-02-17,NVDA,21.365455627441406
2023-02-21,NVDA,20.63322639465332
2023-02-22,NVDA,20.73212242126465
2023-02-23,NVDA,23.639053344726563
2023-02-24,NVDA,23.261455535888672
2023-02-27,NVDA,23.476228713989258
2023-02-28,NVDA,23.191526412963867
2023-03-01,NVDA,22.674074172973633
2023-03-02,NVDA,23.2894229888916
2023-03-03,NVDA,23.864816665649414
2023-03-06,NVDA,23.5291690826416
2023-03-07,NVDA,23.26740074157715
2023-03-08,NVDA,24.159608840942383
2023-03-09,NVDA,23.415271759033203
2023-03-10,NVDA,22.944690704345703
2023-03-13,NVDA,22.945690155029297
2023-03-14,NVDA,24.041715621948242
2023-03-15,NVDA,24.20656967163086
2023-03-16,NVDA,25.51841163635254
2023-03-17,NVDA,25.70224952697754
2023-03-20,NVDA,25.87708854675293
2023-03-21,NVDA,26.175825119018555
2023-03-22,NVDA,26.44459342956543
2023-03-23,NVDA,27.166948318481445
2023-03-24,NVDA,26.75531768798828
2023-03-27,NVDA,26.507535934448242
2023-03-28,NVDA,26.386640548706055
2023-03-29,NVDA,26.960134506225586
2023-03-30,NVDA,27.358783721923828
2023-03-31,NVDA,27.75243377685547
2023-04-03,NVDA,27.940265655517578
2023-04-04,NVDA,27.42871856689453
2023-04-05,NVDA,26.85722541809082
2023-04-06,NVDA,27.013084411621094
2023-04-10,NVDA,27.55460548400879
2023-04-11,NVDA,27.14497184753418
2023-04-12,NVDA,26.471569061279297
2023-04-13,NVDA,26.439594268798828
2023-04-14,NVDA,26.734331130981445
2023-04-17,NVDA,26.978116989135742
2023-04-18,NVDA,27.642534255981445
2023-04-19,NVDA,27.906291961669922
2023-04-20,NVDA,27.080028533935547
2023-04-21,NVDA,27.095014572143555
2023-04-24,NVDA,27.01807975769043
2023-04-25,NVDA,26.217790603637695
2023-04-26,NVDA,26.93215560913086
2023-04-27,NVDA,27.20191764831543
2023-04-28,NVDA,27.724456787109375
2023-05-01,NVDA,28.884428024291992
2023-05-02,NVDA,28.185049057006836
2023-05-03,NVDA,27.77741050720215
2023-05-04,NVDA,27.537622451782227
2023-05-05,NVDA,28.65463638305664
2023-05-08,NVDA,29.125215530395508
2023-05-09,NVDA,28.545730590820313
2023-05-10,NVDA,28.859453201293945
2023-05-11,NVDA,28.552722930908203
2023-05-12,NVDA,28.3149356842041
2023-05-15,NVDA,28.92738914489746
2023-05-16,NVDA,29.187164306640625
2023-05-17,NVDA,30.15130615234375
2023-05-18,NVDA,31.649982452392578
2023-05-19,NVDA,31.23634910583496
2023-05-22,NVDA,31.14842414855957
2023-05-23,NVDA,30.660852432250977
2023-05-24,NVDA,30.510990142822266
2023-05-25,NVDA,37.946407318115234
2023-05-26,NVDA,38.91155242919922
2023-05-30,NVDA,40.07551956176758
2023-05-31,NVDA,37.800537109375
2023-06-01,NVDA,39.73482894897461
2023-06-02,NVDA,39.29222106933594
2023-06-05,NVDA,39.1363525390625
2023-06-06,NVDA,38.619815826416016
2023-06-07,NVDA,37.44572830200195
2023-06-08,NVDA,38.47991943359375
2023-06-09,NVDA,38.73971176147461
2023-06-12,NVDA,39.4511604309082
2023-06-13,NVDA,40.989952087402344
2023-06-14,NVDA,42.96341323852539
2023-06-15,NVDA,42.61968994140625
2023-06-16,NVDA,42.658653259277344
2023-06-20,NVDA,43.773780822753906
2023-06-21,NVDA,43.01137924194336
2023-06-22,NVDA,42.99139404296875
2023-06-23,NVDA,42.1760368347168
2023-06-26,NVDA,40.60026550292969
2023-06-27,NVDA,41.84328842163086
2023-06-28,NVDA,41.08488464355469
2023-06-29,NVDA,40.79011154174805
2023-06-30,NVDA,42.268959045410156
2023-07-03,NVDA,42.3798713684082
2023-07-05,NVDA,42.28395080566406
2023-07-06,NVDA,42.07011413574219
2023-07-07,NVDA,42.469791412353516
2023-07-10,NVDA,42.14704513549805
2023-07-11,NVDA,42.37187957763672
2023-07-12,NVDA,43.86771011352539
2023-07-13,NVDA,45.941097259521484
2023-07-14,NVDA,45.4334831237793
2023-07-17,NVDA,46.42470932006836
2023-07-18,NVDA,47.456905364990234
2023-07-19,NVDA,47.04023361206055
2023-07-20,NVDA,45.48445129394531
2023-07-21,NVDA,44.27438735961914
2023-07-24,NVDA,44.57715606689453
2023-07-25,NVDA,45.64331817626953
2023-07-26,NVDA,45.416500091552734
2023-07-27,NVDA,45.86415100097656
2023-07-28,NVDA,46.71348190307617
2023-07-31,NVDA,46.692508697509766
2023-08-01,NVDA,46.47067642211914
2023-08-02,NVDA,44.23441696166992
2023-08-03,NVDA,44.480228424072266
2023-08-04,NVDA,44.64510726928711
2023-08-07,NVDA,45.381526947021484
2023-08-08,NVDA,44.629112243652344
2023-08-09,NVDA,42.52075958251953
2023-08-10,NVDA,42.35489273071289
2023-08-11,NVDA,40.823089599609375
2023-08-14,NVDA,43.71882629394531
2023-08-15,NVDA,43.90567398071289
2023-08-16,NVDA,43.452030181884766
2023-08-17,NVDA,43.31014633178711
2023-08-18,NVDA,43.26517868041992
2023-08-21,NVDA,46.93031311035156
2023-08-22,NVDA,45.632328033447266
2023-08-23,NVDA,47.079200744628906
2023-08-24,NVDA,47.12615966796875
2023-08-25,NVDA,45.98206329345703
2023-08-28,NVDA,46.79841613769531
2023-08-29,NVDA,48.74589157104492
2023-08-30,NVDA,49.22551727294922
2023-08-31,NVDA,49.31645202636719
2023-09-01,NVDA,48.47111129760742
2023-09-05,NVDA,48.51008224487305
2023-09-06,NVDA,47.02811813354492
2023-09-07,NVDA,46.20869064331055
2023-09-08,NVDA,45.540157318115234
2023-09-11,NVDA,45.14643478393555
2023-09-12,NVDA,44.83863830566406
2023-09-13,NVDA,45.45321273803711
2023-09-14,NVDA,45.54915237426758
2023-09-15,NVDA,43.86932373046875
2023-09-18,NVDA,43.93528366088867
2023-09-19,NVDA,43.489593505859375
2023-09-20,NVDA,42.2094841003418
2023-09-21,NVDA,40.98833465576172
2023-09-22,NVDA,41.58091735839844
2023-09-25,NVDA,42.1924934387207
2023-09-26,NVDA,41.881717681884766
2023-09-27,NVDA,42.438323974609375
2023-09-28,NVDA,43.05888748168945
2023-09-29,NVDA,43.468597412109375
2023-10-02,NVDA,44.750701904296875
2023-10-03,NVDA,43.48659133911133
2023-10-04,NVDA,44.01022720336914
2023-10-05,NVDA,44.656776428222656
2023-10-06,NVDA,45.730018615722656
2023-10-09,NVDA,45.24135971069336
2023-10-10,NVDA,45.76599884033203
2023-10-11,NVDA,46.77330017089844
2023-10-12,NVDA,46.912200927734375
2023-10-13,NVDA,45.42923355102539
2023-10-16,NVDA,46.06278610229492
2023-10-17,NVDA,43.90729522705078
2023-10-18,NVDA,42.1665153503418
2023-10-19,NVDA,42.07158279418945
2023-10-20,NVDA,41.35807800292969
2023-10-23,NVDA,42.94497299194336
2023-10-24,NVDA,43.63248062133789
2023-10-25,NVDA,41.74980926513672
2023-10-26,NVDA,40.297821044921875
2023-10-27,NVDA,40.47169876098633
2023-10-30,NVDA,41.13223648071289
2023-10-31,NVDA,40.75150680541992
2023-11-01,NVDA,42.29542922973633
2023-11-02,NVDA,43.4755973815918
2023-11-03,NVDA,44.973548889160156
2023-11-06,NVDA,45.71902847290039
2023-11-07,NVDA,45.92288589477539
2023-11-08,NVDA,46.54145431518555
2023-11-09,NVDA,46.91719436645508
2023-11-10,NVDA,48.301231384277344
2023-11-13,NVDA,48.586029052734375
2023-11-14,NVDA,49.62129592895508
2023-11-15,NVDA,48.85383987426758
2023-11-16,NVDA,49.4454231262207
2023-11-17,NVDA,49.26355743408203
2023-11-20,NVDA,50.37377166748047
2023-11-21,NVDA,49.90910339355469
2023-11-22,NVDA,48.68195724487305
2023-11-24,NVDA,47.742618560791016
2023-11-27,NVDA,48.20829391479492
2023-11-28,NVDA,47.78758239746094
2023-11-29,NVDA,48.106361389160156
2023-11-30,NVDA,46.73731994628906
2023-12-01,NVDA,46.73232650756836
2023-12-04,NVDA,45.478206634521484
2023-12-05,NVDA,46.53755569458008
2023-12-06,NVDA,45.47520446777344
2023-12-07,NVDA,46.567535400390625
2023-12-08,NVDA,47.47697830200195
2023-12-11,NVDA,46.598514556884766
2023-12-12,NVDA,47.62788772583008
2023-12-13,NVDA,48.058624267578125
2023-12-14,NVDA,48.320457458496094
2023-12-15,NVDA,48.86013412475586
2023-12-18,NVDA,50.04640579223633
2023-12-19,NVDA,49.573692321777344
2023-12-20,NVDA,48.08161163330078
2023-12-21,NVDA,48.9600715637207
2023-12-22,NVDA,48.800174713134766
2023-12-26,NVDA,49.2488899230957
2023-12-27,NVDA,49.38680648803711
2023-12-28,NVDA,49.49174499511719
2023-12-29,NVDA,49.49174499511719
2024-01-02,NVDA,48.13856887817383
2024-01-03,NVDA,47.53993606567383
2024-01-04,NVDA,47.96867752075195
2024-01-05,NVDA,49.0670051574707
2024-01-08,NVDA,52.221073150634766
2024-01-09,NVDA,53.10753631591797
2024-01-10,NVDA,54.316795349121094
2024-01-11,NVDA,54.78850555419922
2024-01-12,NVDA,54.676578521728516
2024-01-16,NVDA,56.34756088256836
2024-01-17,NVDA,56.01876449584961
2024-01-18,NVDA,57.072113037109375
2024-01-19,NVDA,59.45465850830078
2024-01-22,NVDA,59.6175537109375
2024-01-23,NVDA,59.836421966552734
2024-01-24,NVDA,61.32451629638672
2024-01-25,NVDA,61.57936477661133
2024-01-26,NVDA,60.99371337890625
2024-01-29,NVDA,62.42683792114258
2024-01-30,NVDA,62.735652923583984
2024-01-31,NVDA,61.489418029785156
2024-02-01,NVDA,62.98849868774414
2024-02-02,NVDA,66.11958312988281
2024-02-05,NVDA,69.289642333984375
2024-02-06,NVDA,68.18132019042969
2024-02-07,NVDA,70.0561752319336
2024-02-08,NVDA,69.59846496582031
2024-02-09,NVDA,72.088958740234375
2024-02-12,NVDA,72.20387268066406
2024-02-13,NVDA,72.083953857421875
2024-02-14,NVDA,73.85486602783203
2024-02-15,NVDA,72.61360931396484
2024-02-16,NVDA,72.56864166259766
2024-02-20,NVDA,69.40958404541016
2024-02-21,NVDA,67.43079376220703
2024-02-22,NVDA,78.490020751953125
2024-02-23,NVDA,78.76885986328125
2024-02-26,NVDA,79.04369354248047
2024-02-27,NVDA,78.65291595458984
2024-02-28,NVDA,77.61555480957031
2024-02-29,NVDA,79.06367492675781
2024-03-01,NVDA,82.2287368774414
2024-03-04,NVDA,85.18492889404297
2024-03-05,NVDA,85.91552734375
2024-03-06,NVDA,88.64997100830078
2024-03-07,NVDA,92.616729736328125
2024-03-08,NVDA,87.47863006591797
2024-03-11,NVDA,85.725616455078125
2024-03-12,NVDA,91.86116027832031
2024-03-13,NVDA,90.83674621582031
2024-03-14,NVDA,87.89439392089844
2024-03-15,NVDA,87.78746032714844
2024-03-18,NVDA,88.405120849609375
2024-03-19,NVDA,89.34758758544922
2024-03-20,NVDA,90.32102966308594
2024-03-21,NVDA,91.38343048095703
2024-03-22,NVDA,94.235809326171875
2024-03-25,NVDA,94.94841766357422
2024-03-26,NVDA,92.50879669189453
2024-03-27,NVDA,90.19910430908203
2024-03-28,NVDA,90.30504608154297
2024-04-01,NVDA,90.3120346069336
2024-04-02,NVDA,89.40154266357422
2024-04-03,NVDA,88.91382598876953
2024-04-04,NVDA,85.8565444946289
2024-04-05,NVDA,87.95836639404297
2024-04-08,NVDA,87.08384704589844
2024-04-09,NVDA,85.30583953857422
2024-04-10,NVDA,86.98990631103516
2024-04-11,NVDA,90.56489562988281
2024-04-12,NVDA,88.13627624511719
2024-04-15,NVDA,85.952484130859375
2024-04-16,NVDA,87.365692138671875
2024-04-17,NVDA,83.98760223388672
2024-04-18,NVDA,84.62324523925781
2024-04-19,NVDA,76.15702819824219
2024-04-22,NVDA,79.47315216064453
2024-04-23,NVDA,82.37651824951172
2024-04-24,NVDA,79.63206481933594
2024-04-25,NVDA,82.58540344238281
2024-04-26,NVDA,87.68553161621094
2024-04-29,NVDA,87.70750427246094
2024-04-30,NVDA,86.35327911376953
2024-05-01,NVDA,82.99415588378906
2024-05-02,NVDA,85.76860046386719
2024-05-03,NVDA,88.7389144897461
2024-05-06,NVDA,92.08802795410156
2024-05-07,NVDA,90.50292205810547
2024-05-08,NVDA,90.36100006103516
2024-05-09,NVDA,88.69693756103516
2024-05-10,NVDA,89.82730865478516
2024-05-13,NVDA,90.34800720214844
2024-05-14,NVDA,91.304473876953125
2024-05-15,NVDA,94.57662200927734
2024-05-16,NVDA,94.3057861328125
2024-05-17,NVDA,92.42683410644531
2024-05-20,NVDA,94.72654724121094
2024-05-21,NVDA,95.33219909667969
2024-05-22,NVDA,94.89644622802734
2024-05-23,NVDA,103.74046325683594
2024-05-24,NVDA,106.40894317626953
2024-05-28,NVDA,113.83675384521484
2024-05-29,NVDA,114.7602310180664
2024-05-30,NVDA,110.43768310546875
2024-05-31,NVDA,109.5711669921875
2024-06-03,NVDA,114.93513488769531
2024-06-04,NVDA,116.3713150024414
2024-06-05,NVDA,122.3709487915039
2024-06-06,NVDA,120.92975616455078
2024-06-07,NVDA,120.81981658935547
2024-06-10,NVDA,121.72129821777344
2024-06-11,NVDA,120.85174560546875
2024-06-12,NVDA,125.13965606689453
2024-06-13,NVDA,129.5475311279297
2024-06-14,NVDA,131.81643676757813
2024-06-17,NVDA,130.91688537597656
2024-06-18,NVDA,135.5146484375
2024-06-20,NVDA,130.7169647216797
2024-06-21,NVDA,126.50899505615234
2024-06-24,NVDA,118.05307006835938
2024-06-25,NVDA,126.02922821044922
2024-06-26,NVDA,126.33908081054688
2024-06-27,NVDA,123.93024444580078
2024-06-28,NVDA,123.48046112060547
2024-07-01,NVDA,124.24010467529297
2024-07-02,NVDA,122.61087799072266
2024-07-03,NVDA,128.21817016601563
2024-07-05,NVDA,125.76936340332031
2024-07-08,NVDA,128.13819885253906
2024-07-09,NVDA,131.3166961669922
2024-07-10,NVDA,134.84500122070313
2024-07-11,NVDA,127.3386001586914
2024-07-12,NVDA,129.177734375
2024-07-15,NVDA,128.37811279296875
2024-07-16,NVDA,126.29910278320313
2024-07-17,NVDA,117.9331283569336
2024-07-18,NVDA,121.03162384033203
2024-07-19,NVDA,117.87317657470703
2024-07-22,NVDA,123.48046112060547
2024-07-23,NVDA,122.53091430664063
2024-07-24,NVDA,114.19493865966797
2024-07-25,NVDA,112.22589111328125
2024-07-26,NVDA,113.00550842285156
2024-07-29,NVDA,111.53622436523438
2024-07-30,NVDA,103.68000793457031
2024-07-31,NVDA,116.96359252929688
2024-08-01,NVDA,109.1573715209961
2024-08-02,NVDA,107.21829986572266
2024-08-05,NVDA,100.4015884399414
2024-08-06,NVDA,104.19975280761719
2024-08-07,NVDA,98.862335205078125
2024-08-08,NVDA,104.91941833496094
2024-08-09,NVDA,104.69951629638672
2024-08-12,NVDA,108.96746063232422
2024-08-13,NVDA,116.08402252197266
2024-08-14,NVDA,118.02310943603516
2024-08-15,NVDA,122.80078887939453
2024-08-16,NVDA,124.51996612548828
2024-08-19,NVDA,129.93736267089844
2024-08-20,NVDA,127.18868255615234
2024-08-21,NVDA,128.4380645751953
2024-08-22,NVDA,123.68036651611328
2024-08-23,NVDA,129.30763244628906
2024-08-26,NVDA,126.39905548095703
2024-08-27,NVDA,128.23817443847656
2024-08-28,NVDA,125.54946899414063
2024-08-29,NVDA,117.5333251953125
2024-08-30,NVDA,119.3124771118164
2024-09-03,NVDA,107.94795227050781
2024-09-04,NVDA,106.15882110595703
2024-09-05,NVDA,107.15833282470703
2024-09-06,NVDA,102.78044891357422
2024-09-09,NVDA,106.41868591308594
2024-09-10,NVDA,108.04788970947266
2024-09-11,NVDA,116.8536605834961
2024-09-12,NVDA,119.0927734375
2024-09-13,NVDA,119.05277252197266
2024-09-16,NVDA,116.73369598388672
2024-09-17,NVDA,115.54417419433594
2024-09-18,NVDA,113.32505798339844
2024-09-19,NVDA,117.8232650756836
2024-09-20,NVDA,115.95401000976563
2024-09-23,NVDA,116.21392059326172
2024-09-24,NVDA,120.82208251953125
2024-09-25,NVDA,123.4610366821289
2024-09-26,NVDA,123.99082946777344
2024-09-27,NVDA,121.35187530517578
2024-09-30,NVDA,121.39186096191406
2024-10-01,NVDA,116.95361328125
2024-10-02,NVDA,118.80288696289063
2024-10-03,NVDA,122.80130004882813
2024-10-04,NVDA,124.87047576904297
2024-10-07,NVDA,127.66937255859375
2024-10-08,NVDA,132.83731079101563
2024-10-09,NVDA,132.597412109375
2024-10-10,NVDA,134.75656127929688
2024-10-11,NVDA,134.74656677246094
2024-10-14,NVDA,138.01527404785156
2024-10-15,NVDA,131.54783630371094
2024-10-16,NVDA,135.6662139892578
2024-10-17,NVDA,136.87570190429688
2024-10-18,NVDA,137.94529724121094
2024-10-21,NVDA,143.6530303955078
2024-10-22,NVDA,143.53309631347656
2024-10-23,NVDA,139.50466918945313
2024-10-24,NVDA,140.35433959960938
2024-10-25,NVDA,141.48388671875
2024-10-28,NVDA,140.46429443359375
2024-10-29,NVDA,141.19400024414063
2024-10-30,NVDA,139.28475952148438
2024-10-31,NVDA,132.70738220214844
2024-11-01,NVDA,135.34632873535156
2024-11-04,NVDA,135.99607849121094
2024-11-05,NVDA,139.8545379638672
2024-11-06,NVDA,145.55227661132813
2024-11-07,NVDA,148.8209991455078
2024-11-08,NVDA,147.57147216796875
2024-11-11,NVDA,145.20240783691406
2024-11-12,NVDA,148.23118591308594
2024-11-13,NVDA,146.21200561523438
2024-11-14,NVDA,146.7018280029297
2024-11-15,NVDA,141.9237060546875
2024-11-18,NVDA,140.09442138671875
2024-11-19,NVDA,146.95172119140625
2024-11-20,NVDA,145.83216857910156
2024-11-21,NVDA,146.6118621826172
2024-11-22,NVDA,141.89373779296875
2024-11-25,NVDA,135.96609497070313
2024-11-26,NVDA,136.86572265625
2024-11-27,NVDA,135.2863311767578
2024-11-29,NVDA,138.19520568847656
2024-12-02,NVDA,138.57504272460938
2024-12-03,NVDA,140.20440673828125
2024-12-04,NVDA,145.0824737548828
2024-12-05,NVDA,145.0124969482422
2024-12-06,NVDA,142.3933563232422
2024-12-09,NVDA,138.7645263671875
2024-12-10,NVDA,135.0257568359375
2024-12-11,NVDA,139.2643585205078
2024-12-12,NVDA,137.29501342773438
2024-12-13,NVDA,134.20602416992188
2024-12-16,NVDA,131.9567413330078
2024-12-17,NVDA,130.3472900390625
2024-12-18,NVDA,128.86778259277344
2024-12-19,NVDA,130.63717651367188
2024-12-20,NVDA,134.65586853027344
2024-12-23,NVDA,139.62423706054688
2024-12-24,NVDA,140.174072265625
2024-12-26,NVDA,139.8841552734375
2024-12-27,NVDA,136.96511840820313
2024-12-30,NVDA,137.4449462890625
2024-12-31,NVDA,134.2460174560547
2025-01-02,NVDA,138.2646942138672
2025-01-03,NVDA,144.4226837158203
2025-01-06,NVDA,149.38104248046875
2025-01-07,NVDA,140.09408569335938
2025-01-08,NVDA,140.06410217285156
2025-01-10,NVDA,135.86549377441406
2025-01-13,NVDA,133.18637084960938
2025-01-14,NVDA,131.71682739257813
2025-01-15,NVDA,136.1953887939453
2025-01-16,NVDA,133.52626037597656
2025-01-17,NVDA,137.66490173339844
2025-01-21,NVDA,140.78387451171875
2025-01-22,NVDA,147.0218505859375
2025-01-23,NVDA,147.17178344726563
2025-01-24,NVDA,142.57327270507813
2025-01-27,NVDA,118.38121032714844
2025-01-28,NVDA,128.94775390625
2025-01-29,NVDA,123.65947723388672
2025-01-30,NVDA,124.60916900634766
2025-01-31,NVDA,120.03067016601563
2025-02-03,NVDA,116.62179565429688
2025-02-04,NVDA,118.61113739013672
2025-02-05,NVDA,124.78911590576172
2025-02-06,NVDA,128.63784790039063
2025-02-07,NVDA,129.79745483398438
2025-02-10,NVDA,133.52626037597656
2025-02-11,NVDA,132.75650024414063
2025-02-12,NVDA,131.09706115722656
2025-02-13,NVDA,135.24566650390625
2025-02-14,NVDA,138.8045196533203
2025-02-18,NVDA,139.35433959960938
2025-02-19,NVDA,139.18438720703125
2025-02-20,NVDA,140.06410217285156
2025-02-21,NVDA,134.38595581054688
2025-02-24,NVDA,130.23733520507813
2025-02-25,NVDA,126.5885238647461
2025-02-26,NVDA,131.23699951171875
2025-02-27,NVDA,120.11064910888672
2025-02-28,NVDA,124.87907409667969
2025-03-03,NVDA,114.02263641357422
2025-03-04,NVDA,115.9520034790039
2025-03-05,NVDA,117.26158142089844
2025-03-06,NVDA,110.53378295898438
2025-03-07,NVDA,112.65309143066406
2025-03-10,NVDA,106.94495391845703
2025-03-11,NVDA,108.72437286376953
2025-03-12,NVDA,115.71273040771484
2025-03-13,NVDA,115.55277252197266
2025-03-14,NVDA,121.6413345336914
2025-03-17,NVDA,119.50183868408203
2025-03-18,NVDA,115.40280151367188
2025-03-19,NVDA,117.49230194091797
2025-03-20,NVDA,118.50206756591797
2025-03-21,NVDA,117.6722640991211
2025-03-24,NVDA,121.38140106201172
2025-03-25,NVDA,120.66156768798828
2025-03-26,NVDA,113.73320007324219
2025-03-27,NVDA,111.40375518798828
2025-03-28,NVDA,109.6441650390625
2025-03-31,NVDA,108.35446166992188
2025-04-01,NVDA,110.12405395507813
2025-04-02,NVDA,110.39398193359375
2025-04-03,NVDA,101.7760238647461
2025-04-04,NVDA,94.28778076171875
2025-04-07,NVDA,97.61698913574219
2025-04-08,NVDA,96.277313232421875
2025-04-09,NVDA,114.30306243896484
2025-04-10,NVDA,107.5446548461914
2025-04-11,NVDA,110.90386199951172
2025-04-14,NVDA,110.68391418457031
2025-04-15,NVDA,112.1735610961914
2025-04-16,NVDA,104.46538543701172
2025-04-17,NVDA,101.46607971191406
2025-04-21,NVDA,96.887176513671875
2025-04-22,NVDA,98.86669921875
2025-04-23,NVDA,102.68580627441406
2025-04-24,NVDA,106.40492248535156
2025-04-25,NVDA,110.98385620117188
2025-04-28,NVDA,108.70439147949219
2025-04-29,NVDA,108.99430847167969
2025-04-30,NVDA,108.89433288574219
2025-05-01,NVDA,111.58370208740234
2025-05-02,NVDA,114.47303009033203
2025-05-05,NVDA,113.79318237304688
2025-05-06,NVDA,113.51325988769531
2025-05-07,NVDA,117.03242492675781
2025-05-08,NVDA,117.34236145019531
2025-05-09,NVDA,116.62252044677734
2025-05-12,NVDA,122.97102355957031
2025-05-13,NVDA,129.89938354492188
2025-05-14,NVDA,135.30810546875
2025-05-15,NVDA,134.79823303222656
2025-05-16,NVDA,135.36810302734375
2025-05-19,NVDA,135.53805541992188
2025-05-20,NVDA,134.3483428955078
2025-05-21,NVDA,131.76895141601563
2025-05-22,NVDA,132.7987060546875
2025-05-23,NVDA,131.25906372070313
2025-05-27,NVDA,135.4680633544922
2025-05-28,NVDA,134.7782440185547
2025-05-29,NVDA,139.15721130371094
2025-05-30,NVDA,135.09817504882813
2025-06-02,NVDA,137.34764099121094
2025-06-03,NVDA,141.1867218017578
2025-06-04,NVDA,141.88656616210938
2025-06-05,NVDA,139.95703125
2025-06-06,NVDA,141.6865997314453
2025-06-09,NVDA,142.59640502929688
2025-06-10,NVDA,143.92608642578125
2025-06-11,NVDA,142.80625915527344
2025-06-12,NVDA,144.9759063720703
2025-06-13,NVDA,141.9464111328125
2025-06-16,NVDA,144.66595458984375
2025-06-17,NVDA,144.09603881835938
2025-06-18,NVDA,145.455810546875
2025-06-20,NVDA,143.8260955810547
2025-06-23,NVDA,144.1460418701172
2025-06-24,NVDA,147.87539672851563
2025-06-25,NVDA,154.28436279296875
2025-06-26,NVDA,154.99423217773438
2025-06-27,NVDA,157.72378540039063
2025-06-30,NVDA,157.96376037597656
2025-07-01,NVDA,153.2745361328125
2025-07-02,NVDA,157.22386169433594
2025-07-03,NVDA,159.3135223388672
2025-07-07,NVDA,158.21371459960938
2025-07-08,NVDA,159.97341918945313
2025-07-09,NVDA,162.85293579101563
2025-07-10,NVDA,164.07273864746094
2025-07-11,NVDA,164.89259338378906
2025-07-14,NVDA,164.04273986816406
2025-07-15,NVDA,170.671630859375
2025-07-16,NVDA,171.34152221679688
2025-07-17,NVDA,172.97125244140625
2025-07-18,NVDA,172.38136291503906
2025-07-21,NVDA,171.35153198242188
2025-07-22,NVDA,167.00225830078125
2025-07-23,NVDA,170.75161743164063
2025-07-24,NVDA,173.7111358642578
2025-07-25,NVDA,173.47117614746094
2025-07-28,NVDA,176.7206268310547
2025-07-29,NVDA,175.4808349609375
2025-07-30,NVDA,179.24021911621094
2025-07-31,NVDA,177.84043884277344
2025-08-01,NVDA,173.69113159179688
2025-08-04,NVDA,179.9700927734375
2025-08-05,NVDA,178.23037719726563
2025-08-06,NVDA,179.3901824951172
2025-08-07,NVDA,180.73995971679688
2025-08-08,NVDA,182.6696319580078
2025-08-11,NVDA,182.0297393798828
2025-08-12,NVDA,183.1295623779297
2025-08-13,NVDA,181.559814453125
2025-08-14,NVDA,181.98974609375
2025-08-15,NVDA,180.42001342773438
2025-08-18,NVDA,181.97975158691406
2025-08-19,NVDA,175.61080932617188
2025-08-20,NVDA,175.370849609375
2025-08-21,NVDA,174.95091247558594
2025-08-22,NVDA,177.96043395996094
2025-08-25,NVDA,179.78012084960938
2025-08-26,NVDA,181.7397918701172
2025-08-27,NVDA,181.56982421875
2025-08-28,NVDA,180.1400604248047
2025-08-29,NVDA,174.1510467529297
2025-09-02,NVDA,170.75161743164063
2025-09-03,NVDA,170.59165954589844
2025-09-04,NVDA,171.63148498535156
2025-09-05,NVDA,166.9922637939453
2025-09-08,NVDA,168.2820281982422
2025-09-09,NVDA,170.7316131591797
2025-09-10,NVDA,177.300537109375
2025-09-11,NVDA,177.1505584716797
2025-09-12,NVDA,177.80047607421875
2025-09-15,NVDA,177.73048400878906
2025-09-16,NVDA,174.86080932617188
2025-09-17,NVDA,170.27130126953125
2025-09-18,NVDA,176.2206573486328
2025-09-19,NVDA,176.6505889892578
2025-09-22,NVDA,183.58984375
2025-09-23,NVDA,178.410400390625
2025-09-24,NVDA,176.9505615234375
2025-09-25,NVDA,177.67050170898438
2025-09-26,NVDA,178.17044067382813
2025-09-29,NVDA,181.83004760742188
2025-09-30,NVDA,186.55950927734375
2025-10-01,NVDA,187.21945190429688
2025-10-02,NVDA,188.8692626953125
2025-10-03,NVDA,187.59939575195313
2025-10-06,NVDA,185.51962280273438
2025-10-07,NVDA,185.01968383789063
2025-10-08,NVDA,189.0892333984375
2025-10-09,NVDA,192.54885864257813
2025-10-10,NVDA,183.139892578125
2025-10-13,NVDA,188.29933166503906
2025-10-14,NVDA,180.01022338867188
2025-10-15,NVDA,179.8102569580078
2025-10-16,NVDA,181.7900390625
2025-10-17,NVDA,183.19989013671875
2025-10-20,NVDA,182.6199493408203
2025-10-21,NVDA,181.14010620117188
2025-10-22,NVDA,180.2602081298828
2025-10-23,NVDA,182.13999938964844
2025-10-24,NVDA,186.23953247070313
2025-10-27,NVDA,191.46897888183594
2025-10-28,NVDA,201.0079345703125
2025-10-29,NVDA,207.01727294921875
2025-10-30,NVDA,202.8677215576172
2025-10-31,NVDA,202.4677734375
2025-11-03,NVDA,206.85728454589844
2025-11-04,NVDA,198.66818237304688
2025-11-05,NVDA,195.18858337402344
2025-11-06,NVDA,188.05935668945313
2025-11-07,NVDA,188.1293487548828
2025-11-10,NVDA,199.0281524658203
2025-11-11,NVDA,193.1387939453125
2025-11-12,NVDA,193.7787322998047
2025-11-13,NVDA,186.8394775390625
2025-11-14,NVDA,190.1491241455078
2025-11-17,NVDA,186.5795135498047
2025-11-18,NVDA,181.340087890625
2025-11-19,NVDA,186.49951171875
2025-11-20,NVDA,180.6201629638672
2025-11-21,NVDA,178.86036682128906
2025-11-24,NVDA,182.52996826171875
2025-11-25,NVDA,177.80047607421875
2025-11-26,NVDA,180.24020385742188
2025-11-28,NVDA,176.98056030273438
2025-12-01,NVDA,179.90025329589844
2025-12-02,NVDA,181.44007873535156
2025-12-03,NVDA,179.57028198242188
2025-12-04,NVDA,183.37008666992188
2025-12-05,NVDA,182.40013122558594
2025-12-08,NVDA,185.5399627685547
2025-12-09,NVDA,184.95999145507813
2025-12-10,NVDA,183.77005004882813
2025-12-11,NVDA,180.92019653320313
2025-12-12,NVDA,175.01052856445313
2025-12-15,NVDA,176.28045654296875
2025-12-16,NVDA,177.71038818359375
2025-12-17,NVDA,170.93075561523438
2025-12-18,NVDA,174.1305694580078
2025-12-19,NVDA,180.98020935058594
2025-12-22,NVDA,183.6800537109375
2025-12-23,NVDA,189.19976806640625
2025-12-24,NVDA,188.59979248046875
2025-12-26,NVDA,190.51968383789063
2025-12-29,NVDA,188.20980834960938
2025-12-30,NVDA,187.52984619140625
2017-01-03,AMZN,37.68349838256836
2017-01-04,AMZN,37.85900115966797
2017-01-05,AMZN,39.022499084472656
2017-01-06,AMZN,39.79949951171875
2017-01-09,AMZN,39.84600067138672
2017-01-10,AMZN,39.79499816894531
2017-01-11,AMZN,39.95100021362305
2017-01-12,AMZN,40.68199920654297
2017-01-13,AMZN,40.856998443603516
2017-01-17,AMZN,40.486000061035156
2017-01-18,AMZN,40.374000549316406
2017-01-19,AMZN,40.45199966430664
2017-01-20,AMZN,40.416500091552734
2017-01-23,AMZN,40.89400100708008
2017-01-24,AMZN,41.12200164794922
2017-01-25,AMZN,41.82600021362305
2017-01-26,AMZN,41.95750045776367
2017-01-27,AMZN,41.78850173950195
2017-01-30,AMZN,41.51900100708008
2017-01-31,AMZN,41.17399978637695
2017-02-01,AMZN,41.61750030517578
2017-02-02,AMZN,41.997501373291016
2017-02-03,AMZN,40.5099983215332
2017-02-06,AMZN,40.38199996948242
2017-02-07,AMZN,40.625
2017-02-08,AMZN,40.98550033569336
2017-02-09,AMZN,41.06800079345703
2017-02-10,AMZN,41.37300109863281
2017-02-13,AMZN,41.826499938964844
2017-02-14,AMZN,41.81949996948242
2017-02-15,AMZN,42.1349983215332
2017-02-16,AMZN,42.207000732421875
2017-02-17,AMZN,42.253501892089844
2017-02-21,AMZN,42.821998596191406
2017-02-22,AMZN,42.78049850463867
2017-02-23,AMZN,42.609500885009766
2017-02-24,AMZN,42.262001037597656
2017-02-27,AMZN,42.43199920654297
2017-02-28,AMZN,42.25199890136719
2017-03-01,AMZN,42.65399932861328
2017-03-02,AMZN,42.445499420166016
2017-03-03,AMZN,42.49399948120117
2017-03-06,AMZN,42.330501556396484
2017-03-07,AMZN,42.30099868774414
2017-03-08,AMZN,42.525001525878906
2017-03-09,AMZN,42.650001525878906
2017-03-10,AMZN,42.62300109863281
2017-03-13,AMZN,42.72949981689453
2017-03-14,AMZN,42.62649917602539
2017-03-15,AMZN,42.64849853515625
2017-03-16,AMZN,42.67100143432617
2017-03-17,AMZN,42.615501403808594
2017-03-20,AMZN,42.8484992980957
2017-03-21,AMZN,42.15999984741211
2017-03-22,AMZN,42.40299987792969
2017-03-23,AMZN,42.36899948120117
2017-03-24,AMZN,42.28049850463867
2017-03-27,AMZN,42.340999603271484
2017-03-28,AMZN,42.79999923706055
2017-03-29,AMZN,43.715999603271484
2017-03-30,AMZN,43.81700134277344
2017-03-31,AMZN,44.32699966430664
2017-04-03,AMZN,44.57550048828125
2017-04-04,AMZN,45.34149932861328
2017-04-05,AMZN,45.4640007019043
2017-04-06,AMZN,44.91400146484375
2017-04-07,AMZN,44.74399948120117
2017-04-10,AMZN,45.35200119018555
2017-04-11,AMZN,45.11800003051758
2017-04-12,AMZN,44.811500549316406
2017-04-13,AMZN,44.23350143432617
2017-04-17,AMZN,45.0994987487793
2017-04-18,AMZN,45.18899917602539
2017-04-19,AMZN,44.959999084472656
2017-04-20,AMZN,45.10300064086914
2017-04-21,AMZN,44.92649841308594
2017-04-24,AMZN,45.37049865722656
2017-04-25,AMZN,45.38100051879883
2017-04-26,AMZN,45.464500427246094
2017-04-27,AMZN,45.91899871826172
2017-04-28,AMZN,46.2495002746582
2017-05-01,AMZN,47.4114990234375
2017-05-02,AMZN,47.34700012207031
2017-05-03,AMZN,47.05149841308594
2017-05-04,AMZN,46.87649917602539
2017-05-05,AMZN,46.70750045776367
2017-05-08,AMZN,47.45199966430664
2017-05-09,AMZN,47.64099884033203
2017-05-10,AMZN,47.4474983215332
2017-05-11,AMZN,47.38100051879883
2017-05-12,AMZN,48.067501068115234
2017-05-15,AMZN,47.89849853515625
2017-05-16,AMZN,48.30350112915039
2017-05-17,AMZN,47.237998962402344
2017-05-18,AMZN,47.92449951171875
2017-05-19,AMZN,47.992000579833984
2017-05-22,AMZN,48.53350067138672
2017-05-23,AMZN,48.57699966430664
2017-05-24,AMZN,49.01750183105469
2017-05-25,AMZN,49.66899871826172
2017-05-26,AMZN,49.78900146484375
2017-05-30,AMZN,49.834999084472656
2017-05-31,AMZN,49.73099899291992
2017-06-01,AMZN,49.79750061035156
2017-06-02,AMZN,50.33649826049805
2017-06-05,AMZN,50.56700134277344
2017-06-06,AMZN,50.150001525878906
2017-06-07,AMZN,50.503501892089844
2017-06-08,AMZN,50.51350021362305
2017-06-09,AMZN,48.91550064086914
2017-06-12,AMZN,48.24549865722656
2017-06-13,AMZN,49.03950119018555
2017-06-14,AMZN,48.82350158691406
2017-06-15,AMZN,48.208499908447266
2017-06-16,AMZN,49.385501861572266
2017-06-19,AMZN,49.75849914550781
2017-06-20,AMZN,49.62950134277344
2017-06-21,AMZN,50.11149978637695
2017-06-22,AMZN,50.064998626708984
2017-06-23,AMZN,50.1870002746582
2017-06-26,AMZN,49.69900131225586
2017-06-27,AMZN,48.8390007019043
2017-06-28,AMZN,49.51649856567383
2017-06-29,AMZN,48.79650115966797
2017-06-30,AMZN,48.400001525878906
2017-07-03,AMZN,47.68299865722656
2017-07-05,AMZN,48.56999969482422
2017-07-06,AMZN,48.25699996948242
2017-07-07,AMZN,48.9379997253418
2017-07-10,AMZN,49.82350158691406
2017-07-11,AMZN,49.70650100708008
2017-07-12,AMZN,50.32550048828125
2017-07-13,AMZN,50.03150177001953
2017-07-14,AMZN,50.09049987792969
2017-07-17,AMZN,50.50199890136719
2017-07-18,AMZN,51.22249984741211
2017-07-19,AMZN,51.34349822998047
2017-07-20,AMZN,51.435001373291016
2017-07-21,AMZN,51.28350067138672
2017-07-24,AMZN,51.9474983215332
2017-07-25,AMZN,51.993499755859375
2017-07-26,AMZN,52.63999938964844
2017-07-27,AMZN,52.29999923706055
2017-07-28,AMZN,51.00199890136719
2017-07-31,AMZN,49.388999938964844
2017-08-01,AMZN,49.80950164794922
2017-08-02,AMZN,49.794498443603516
2017-08-03,AMZN,49.34600067138672
2017-08-04,AMZN,49.37900161743164
2017-08-07,AMZN,49.61349868774414
2017-08-08,AMZN,49.492000579833984
2017-08-09,AMZN,49.10049819946289
2017-08-10,AMZN,47.84600067138672
2017-08-11,AMZN,48.39950180053711
2017-08-14,AMZN,49.165000915527344
2017-08-15,AMZN,49.137001037597656
2017-08-16,AMZN,48.909000396728516
2017-08-17,AMZN,48.028499603271484
2017-08-18,AMZN,47.923500061035156
2017-08-21,AMZN,47.66450119018555
2017-08-22,AMZN,48.345001220703125
2017-08-23,AMZN,47.900001525878906
2017-08-24,AMZN,47.622501373291016
2017-08-25,AMZN,47.26300048828125
2017-08-28,AMZN,47.30099868774414
2017-08-29,AMZN,47.702999114990234
2017-08-30,AMZN,48.37950134277344
2017-08-31,AMZN,49.029998779296875
2017-09-01,AMZN,48.912498474121094
2017-09-05,AMZN,48.26350021362305
2017-09-06,AMZN,48.38999938964844
2017-09-07,AMZN,48.9734992980957
2017-09-08,AMZN,48.29499816894531
2017-09-11,AMZN,48.89799880981445
2017-09-12,AMZN,49.12900161743164
2017-09-13,AMZN,49.97999954223633
2017-09-14,AMZN,49.61050033569336
2017-09-15,AMZN,49.339500427246094
2017-09-18,AMZN,48.70949935913086
2017-09-19,AMZN,48.49300003051758
2017-09-20,AMZN,48.660499572753906
2017-09-21,AMZN,48.23249816894531
2017-09-22,AMZN,47.755001068115234
2017-09-25,AMZN,46.989498138427734
2017-09-26,AMZN,46.93000030517578
2017-09-27,AMZN,47.54349899291992
2017-09-28,AMZN,47.81999969482422
2017-09-29,AMZN,48.067501068115234
2017-10-02,AMZN,47.95949935913086
2017-10-03,AMZN,47.85499954223633
2017-10-04,AMZN,48.272499084472656
2017-10-05,AMZN,49.04249954223633
2017-10-06,AMZN,49.479000091552734
2017-10-09,AMZN,49.54949951171875
2017-10-10,AMZN,49.36000061035156
2017-10-11,AMZN,49.75
2017-10-12,AMZN,50.04650115966797
2017-10-13,AMZN,50.14699935913086
2017-10-16,AMZN,50.31700134277344
2017-10-17,AMZN,50.45650100708008
2017-10-18,AMZN,49.849998474121094
2017-10-19,AMZN,49.330501556396484
2017-10-20,AMZN,49.14550018310547
2017-10-23,AMZN,48.314998626708984
2017-10-24,AMZN,48.79499816894531
2017-10-25,AMZN,48.64550018310547
2017-10-26,AMZN,48.621498107910156
2017-10-27,AMZN,55.04750061035156
2017-10-30,AMZN,55.54249954223633
2017-10-31,AMZN,55.263999938964844
2017-11-01,AMZN,55.183998107910156
2017-11-02,AMZN,54.71099853515625
2017-11-03,AMZN,55.58000183105469
2017-11-06,AMZN,56.03300094604492
2017-11-07,AMZN,56.15850067138672
2017-11-08,AMZN,56.64400100708008
2017-11-09,AMZN,56.45650100708008
2017-11-10,AMZN,56.26750183105469
2017-11-13,AMZN,56.458499908447266
2017-11-14,AMZN,56.84199905395508
2017-11-15,AMZN,56.33449935913086
2017-11-16,AMZN,56.864498138427734
2017-11-17,AMZN,56.49399948120117
2017-11-20,AMZN,56.31549835205078
2017-11-21,AMZN,56.9744987487793
2017-11-22,AMZN,57.80799865722656
2017-11-24,AMZN,59.29999923706055
2017-11-27,AMZN,59.791500091552734
2017-11-28,AMZN,59.68000030517578
2017-11-29,AMZN,58.063499450683594
2017-11-30,AMZN,58.837501525878906
2017-12-01,AMZN,58.11750030517578
2017-12-04,AMZN,56.6974983215332
2017-12-05,AMZN,57.07849884033203
2017-12-06,AMZN,57.61750030517578
2017-12-07,AMZN,57.989498138427734
2017-12-08,AMZN,58.099998474121094
2017-12-11,AMZN,58.44599914550781
2017-12-12,AMZN,58.25400161743164
2017-12-13,AMZN,58.20650100708008
2017-12-14,AMZN,58.7130012512207
2017-12-15,AMZN,58.957000732421875
2017-12-18,AMZN,59.52899932861328
2017-12-19,AMZN,59.36899948120117
2017-12-20,AMZN,58.88100051879883
2017-12-21,AMZN,58.737998962402344
2017-12-22,AMZN,58.417999267578125
2017-12-26,AMZN,58.8380012512207
2017-12-27,AMZN,59.112998962402344
2017-12-28,AMZN,59.30500030517578
2017-12-29,AMZN,58.4734992980957
2018-01-02,AMZN,59.45050048828125
2018-01-03,AMZN,60.209999084472656
2018-01-04,AMZN,60.47949981689453
2018-01-05,AMZN,61.457000732421875
2018-01-08,AMZN,62.34349822998047
2018-01-09,AMZN,62.6349983215332
2018-01-10,AMZN,62.71649932861328
2018-01-11,AMZN,63.83399963378906
2018-01-12,AMZN,65.26000213623047
2018-01-16,AMZN,65.24299621582031
2018-01-17,AMZN,64.75
2018-01-18,AMZN,64.66600036621094
2018-01-19,AMZN,64.72899627685547
2018-01-22,AMZN,66.3655014038086
2018-01-23,AMZN,68.12699890136719
2018-01-24,AMZN,67.87550354003906
2018-01-25,AMZN,68.89749908447266
2018-01-26,AMZN,70.10250091552734
2018-01-29,AMZN,70.884002685546875
2018-01-30,AMZN,71.89099884033203
2018-01-31,AMZN,72.54450225830078
2018-02-01,AMZN,69.5
2018-02-02,AMZN,71.49749755859375
2018-02-05,AMZN,69.5
2018-02-06,AMZN,72.141998291015625
2018-02-07,AMZN,70.83899688720703
2018-02-08,AMZN,67.5250015258789
2018-02-09,AMZN,66.9800033569336
2018-02-12,AMZN,69.3115005493164
2018-02-13,AMZN,70.72550201416016
2018-02-14,AMZN,72.55249786376953
2018-02-15,AMZN,73.08799743652344
2018-02-16,AMZN,72.43450164794922
2018-02-20,AMZN,73.4175033569336
2018-02-21,AMZN,74.14600372314453
2018-02-22,AMZN,74.266998291015625
2018-02-23,AMZN,75
2018-02-26,AMZN,76.097503662109375
2018-02-27,AMZN,75.5989990234375
2018-02-28,AMZN,75.62249755859375
2018-03-01,AMZN,74.67250061035156
2018-03-02,AMZN,75.01249694824219
2018-03-05,AMZN,76.18049621582031
2018-03-06,AMZN,76.88200378417969
2018-03-07,AMZN,77.25
2018-03-08,AMZN,77.59300231933594
2018-03-09,AMZN,78.94450378417969
2018-03-12,AMZN,79.91950225830078
2018-03-13,AMZN,79.40899658203125
2018-03-14,AMZN,79.55000305175781
2018-03-15,AMZN,79.115997314453125
2018-03-16,AMZN,78.58399963378906
2018-03-19,AMZN,77.24649810791016
2018-03-20,AMZN,79.32550048828125
2018-03-21,AMZN,79.09300231933594
2018-03-22,AMZN,77.246002197265625
2018-03-23,AMZN,74.77799987792969
2018-03-26,AMZN,77.792999267578125
2018-03-27,AMZN,74.85250091552734
2018-03-28,AMZN,71.57099914550781
2018-03-29,AMZN,72.36699676513672
2018-04-02,AMZN,68.59950256347656
2018-04-03,AMZN,69.60250091552734
2018-04-04,AMZN,70.52850341796875
2018-04-05,AMZN,72.5875015258789
2018-04-06,AMZN,70.2614974975586
2018-04-09,AMZN,70.30400085449219
2018-04-10,AMZN,71.81099700927734
2018-04-11,AMZN,71.35250091552734
2018-04-12,AMZN,72.42500305175781
2018-04-13,AMZN,71.53949737548828
2018-04-16,AMZN,72.07499694824219
2018-04-17,AMZN,75.191497802734375
2018-04-18,AMZN,76.391998291015625
2018-04-19,AMZN,77.84549713134766
2018-04-20,AMZN,76.37449645996094
2018-04-23,AMZN,75.89299774169922
2018-04-24,AMZN,73.00450134277344
2018-04-25,AMZN,73.00849914550781
2018-04-26,AMZN,75.89800262451172
2018-04-27,AMZN,78.63099670410156
2018-04-30,AMZN,78.30650329589844
2018-05-01,AMZN,79.11299896240234
2018-05-02,AMZN,78.48400115966797
2018-05-03,AMZN,78.60399627685547
2018-05-04,AMZN,79.04750061035156
2018-05-07,AMZN,80.00700378417969
2018-05-08,AMZN,79.61949920654297
2018-05-09,AMZN,80.4000015258789
2018-05-10,AMZN,80.4540023803711
2018-05-11,AMZN,80.14550018310547
2018-05-14,AMZN,80.0770034790039
2018-05-15,AMZN,78.805999755859375
2018-05-16,AMZN,79.36399841308594
2018-05-17,AMZN,79.08799743652344
2018-05-18,AMZN,78.71849822998047
2018-05-21,AMZN,79.27300262451172
2018-05-22,AMZN,79.06999969482422
2018-05-23,AMZN,80.09300231933594
2018-05-24,AMZN,80.15350341796875
2018-05-25,AMZN,80.50749969482422
2018-05-29,AMZN,80.64350128173828
2018-05-30,AMZN,81.24449920654297
2018-05-31,AMZN,81.48100280761719
2018-06-01,AMZN,82.0770034790039
2018-06-04,AMZN,83.26349639892578
2018-06-05,AMZN,84.81749725341797
2018-06-06,AMZN,84.7874984741211
2018-06-07,AMZN,84.464996337890625
2018-06-08,AMZN,84.19950103759766
2018-06-11,AMZN,84.45600128173828
2018-06-12,AMZN,84.9375
2018-06-13,AMZN,85.24299621582031
2018-06-14,AMZN,86.19300079345703
2018-06-15,AMZN,85.79850006103516
2018-06-18,AMZN,86.18949890136719
2018-06-19,AMZN,86.73899841308594
2018-06-20,AMZN,87.503997802734375
2018-06-21,AMZN,86.51100158691406
2018-06-22,AMZN,85.78350067138672
2018-06-25,AMZN,83.157501220703125
2018-06-26,AMZN,84.55449676513672
2018-06-27,AMZN,83.02549743652344
2018-06-28,AMZN,85.07250213623047
2018-06-29,AMZN,84.98999786376953
2018-07-02,AMZN,85.68900299072266
2018-07-03,AMZN,84.697998046875
2018-07-05,AMZN,84.98650360107422
2018-07-06,AMZN,85.53150177001953
2018-07-09,AMZN,86.95099639892578
2018-07-10,AMZN,87.15350341796875
2018-07-11,AMZN,87.75
2018-07-12,AMZN,89.83100128173828
2018-07-13,AMZN,90.65149688720703
2018-07-16,AMZN,91.12449645996094
2018-07-17,AMZN,92.196502685546875
2018-07-18,AMZN,92.14600372314453
2018-07-19,AMZN,90.64849853515625
2018-07-20,AMZN,90.68499755859375
2018-07-23,AMZN,90.0999984741211
2018-07-24,AMZN,91.46199798583984
2018-07-25,AMZN,93.18049621582031
2018-07-26,AMZN,90.4000015258789
2018-07-27,AMZN,90.8635025024414
2018-07-30,AMZN,88.96099853515625
2018-07-31,AMZN,88.87200164794922
2018-08-01,AMZN,89.8584976196289
2018-08-02,AMZN,91.71649932861328
2018-08-03,AMZN,91.16449737548828
2018-08-06,AMZN,92.38749694824219
2018-08-07,AMZN,93.1240005493164
2018-08-08,AMZN,94.32599639892578
2018-08-09,AMZN,94.9260025024414
2018-08-10,AMZN,94.31500244140625
2018-08-13,AMZN,94.80999755859375
2018-08-14,AMZN,95.98249816894531
2018-08-15,AMZN,94.13099670410156
2018-08-16,AMZN,94.32599639892578
2018-08-17,AMZN,94.11100006103516
2018-08-20,AMZN,93.83550262451172
2018-08-21,AMZN,94.1709976196289
2018-08-22,AMZN,95.24500274658203
2018-08-23,AMZN,95.1449966430664
2018-08-24,AMZN,95.269500732421875
2018-08-27,AMZN,96.384002685546875
2018-08-28,AMZN,96.64099884033203
2018-08-29,AMZN,99.904998779296875
2018-08-30,AMZN,100.11900329589844
2018-08-31,AMZN,100.635498046875
2018-09-04,AMZN,101.97550201416016
2018-09-05,AMZN,99.740997314453125
2018-09-06,AMZN,97.915496826171875
2018-09-07,AMZN,97.60350036621094
2018-09-10,AMZN,96.95050048828125
2018-09-11,AMZN,99.35749816894531
2018-09-12,AMZN,99.5
2018-09-13,AMZN,99.493499755859375
2018-09-14,AMZN,98.5094985961914
2018-09-17,AMZN,95.40149688720703
2018-09-18,AMZN,97.05249786376953
2018-09-19,AMZN,96.32099914550781
2018-09-20,AMZN,97.214996337890625
2018-09-21,AMZN,95.75050354003906
2018-09-24,AMZN,96.71800231933594
2018-09-25,AMZN,98.72750091552734
2018-09-26,AMZN,98.74250030517578
2018-09-27,AMZN,100.64900207519531
2018-09-28,AMZN,100.1500015258789
2018-10-01,AMZN,100.21800231933594
2018-10-02,AMZN,98.56549835205078
2018-10-03,AMZN,97.63800048828125
2018-10-04,AMZN,95.47100067138672
2018-10-05,AMZN,94.48249816894531
2018-10-08,AMZN,93.22100067138672
2018-10-09,AMZN,93.51599884033203
2018-10-10,AMZN,87.76249694824219
2018-10-11,AMZN,85.96800231933594
2018-10-12,AMZN,89.43049621582031
2018-10-15,AMZN,88.04750061035156
2018-10-16,AMZN,90.99800109863281
2018-10-17,AMZN,91.58650207519531
2018-10-18,AMZN,88.53600311279297
2018-10-19,AMZN,88.20149993896484
2018-10-22,AMZN,89.464996337890625
2018-10-23,AMZN,88.43499755859375
2018-10-24,AMZN,83.20999908447266
2018-10-25,AMZN,89.1084976196289
2018-10-26,AMZN,82.1405029296875
2018-10-29,AMZN,76.944000244140625
2018-10-30,AMZN,76.52100372314453
2018-10-31,AMZN,79.90049743652344
2018-11-01,AMZN,83.27649688720703
2018-11-02,AMZN,83.27649688720703
2018-11-05,AMZN,81.38999938964844
2018-11-06,AMZN,82.1405029296875
2018-11-07,AMZN,87.77449798583984
2018-11-08,AMZN,87.74549865722656
2018-11-09,AMZN,85.62149810791016
2018-11-12,AMZN,81.842498779296875
2018-11-13,AMZN,81.558502197265625
2018-11-14,AMZN,79.95050048828125
2018-11-15,AMZN,80.97200012207031
2018-11-16,AMZN,79.670501708984375
2018-11-19,AMZN,75.614501953125
2018-11-20,AMZN,74.77300262451172
2018-11-21,AMZN,75.83650207519531
2018-11-23,AMZN,75.102996826171875
2018-11-26,AMZN,79.066497802734375
2018-11-27,AMZN,79.07099914550781
2018-11-28,AMZN,83.88749694824219
2018-11-29,AMZN,83.678497314453125
2018-11-30,AMZN,84.50849914550781
2018-12-03,AMZN,88.61799621582031
2018-12-04,AMZN,83.41999816894531
2018-12-06,AMZN,84.959503173828125
2018-12-07,AMZN,81.45649719238281
2018-12-10,AMZN,82.05149841308594
2018-12-11,AMZN,82.16200256347656
2018-12-12,AMZN,83.177001953125
2018-12-13,AMZN,82.91899871826172
2018-12-14,AMZN,79.59549713134766
2018-12-17,AMZN,76.045501708984375
2018-12-18,AMZN,77.5739974975586
2018-12-19,AMZN,74.753997802734375
2018-12-20,AMZN,73.04149627685547
2018-12-21,AMZN,68.87249755859375
2018-12-24,AMZN,67.197998046875
2018-12-26,AMZN,73.54499816894531
2018-12-27,AMZN,73.082000732421875
2018-12-28,AMZN,73.9010009765625
2018-12-31,AMZN,75.09850311279297
2019-01-02,AMZN,76.95649719238281
2019-01-03,AMZN,75.01399993896484
2019-01-04,AMZN,78.769500732421875
2019-01-07,AMZN,81.47550201416016
2019-01-08,AMZN,82.8290023803711
2019-01-09,AMZN,82.97100067138672
2019-01-10,AMZN,82.81099700927734
2019-01-11,AMZN,82.02799987792969
2019-01-14,AMZN,80.8604965209961
2019-01-15,AMZN,83.727996826171875
2019-01-16,AMZN,84.18900299072266
2019-01-17,AMZN,84.66100311279297
2019-01-18,AMZN,84.80999755859375
2019-01-22,AMZN,81.6084976196289
2019-01-23,AMZN,82.0009994506836
2019-01-24,AMZN,82.74649810791016
2019-01-25,AMZN,83.52850341796875
2019-01-28,AMZN,81.894500732421875
2019-01-29,AMZN,79.694000244140625
2019-01-30,AMZN,83.52149963378906
2019-01-31,AMZN,85.9365005493164
2019-02-01,AMZN,81.3115005493164
2019-02-04,AMZN,81.665496826171875
2019-02-05,AMZN,82.94049835205078
2019-02-06,AMZN,82.01300048828125
2019-02-07,AMZN,80.71849822998047
2019-02-08,AMZN,79.41100311279297
2019-02-11,AMZN,79.55000305175781
2019-02-12,AMZN,81.90049743652344
2019-02-13,AMZN,82
2019-02-14,AMZN,81.13249969482422
2019-02-15,AMZN,80.39749908447266
2019-02-19,AMZN,81.378997802734375
2019-02-20,AMZN,81.1050033569336
2019-02-21,AMZN,80.97200012207031
2019-02-22,AMZN,81.5780029296875
2019-02-25,AMZN,81.6500015258789
2019-02-26,AMZN,81.81999969482422
2019-02-27,AMZN,82.05449676513672
2019-02-28,AMZN,81.99150085449219
2019-03-01,AMZN,83.58650207519531
2019-03-04,AMZN,84.808502197265625
2019-03-05,AMZN,84.62149810791016
2019-03-06,AMZN,83.44750213623047
2019-03-07,AMZN,81.29750061035156
2019-03-08,AMZN,81.04000091552734
2019-03-11,AMZN,83.53099822998047
2019-03-12,AMZN,83.654998779296875
2019-03-13,AMZN,84.540496826171875
2019-03-14,AMZN,84.31099700927734
2019-03-15,AMZN,85.61799621582031
2019-03-18,AMZN,87.10749816894531
2019-03-19,AMZN,88.092498779296875
2019-03-20,AMZN,89.8635025024414
2019-03-21,AMZN,90.96299743652344
2019-03-22,AMZN,88.2385025024414
2019-03-25,AMZN,88.71299743652344
2019-03-26,AMZN,89.18800354003906
2019-03-27,AMZN,88.285003662109375
2019-03-28,AMZN,88.6709976196289
2019-03-29,AMZN,89.0374984741211
2019-04-01,AMZN,90.709503173828125
2019-04-02,AMZN,90.6989974975586
2019-04-03,AMZN,91.035003662109375
2019-04-04,AMZN,90.94300079345703
2019-04-05,AMZN,91.86399841308594
2019-04-08,AMZN,92.49299621582031
2019-04-09,AMZN,91.79199981689453
2019-04-10,AMZN,92.36650085449219
2019-04-11,AMZN,92.20349884033203
2019-04-12,AMZN,92.15299987792969
2019-04-15,AMZN,92.243499755859375
2019-04-16,AMZN,93.1520004272461
2019-04-17,AMZN,93.240997314453125
2019-04-18,AMZN,93.084503173828125
2019-04-22,AMZN,94.3655014038086
2019-04-23,AMZN,96.1884994506836
2019-04-24,AMZN,95.0875015258789
2019-04-25,AMZN,95.11250305175781
2019-04-26,AMZN,97.53150177001953
2019-04-29,AMZN,96.92150115966797
2019-04-30,AMZN,96.32599639892578
2019-05-01,AMZN,95.57599639892578
2019-05-02,AMZN,95.04100036621094
2019-05-03,AMZN,98.12300109863281
2019-05-06,AMZN,97.527496337890625
2019-05-07,AMZN,96.05000305175781
2019-05-08,AMZN,95.88849639892578
2019-05-09,AMZN,94.993499755859375
2019-05-10,AMZN,94.4990005493164
2019-05-13,AMZN,91.134002685546875
2019-05-14,AMZN,92.00599670410156
2019-05-15,AMZN,93.55750274658203
2019-05-16,AMZN,95.37850189208984
2019-05-17,AMZN,93.44999694824219
2019-05-20,AMZN,92.94850158691406
2019-05-21,AMZN,92.8759994506836
2019-05-22,AMZN,92.98400115966797
2019-05-23,AMZN,90.77400207519531
2019-05-24,AMZN,91.16400146484375
2019-05-28,AMZN,91.821502685546875
2019-05-29,AMZN,90.959503173828125
2019-05-30,AMZN,90.81600189208984
2019-05-31,AMZN,88.75350189208984
2019-06-03,AMZN,84.6344985961914
2019-06-04,AMZN,86.477996826171875
2019-06-05,AMZN,86.92500305175781
2019-06-06,AMZN,87.71800231933594
2019-06-07,AMZN,90.20149993896484
2019-06-10,AMZN,93.03150177001953
2019-06-11,AMZN,93.18499755859375
2019-06-12,AMZN,92.76599884033203
2019-06-13,AMZN,93.51499938964844
2019-06-14,AMZN,93.4834976196289
2019-06-17,AMZN,94.30149841308594
2019-06-18,AMZN,95.06849670410156
2019-06-19,AMZN,95.43949890136719
2019-06-20,AMZN,95.90950012207031
2019-06-21,AMZN,95.56500244140625
2019-06-24,AMZN,95.69499969482422
2019-06-25,AMZN,93.91349792480469
2019-06-26,AMZN,94.8915023803711
2019-06-27,AMZN,95.21399688720703
2019-06-28,AMZN,94.68150329589844
2019-07-01,AMZN,96.1094970703125
2019-07-02,AMZN,96.71549987792969
2019-07-03,AMZN,96.94999694824219
2019-07-05,AMZN,97.14550018310547
2019-07-08,AMZN,97.615997314453125
2019-07-09,AMZN,99.41500091552734
2019-07-10,AMZN,100.87049865722656
2019-07-11,AMZN,100.05349731445313
2019-07-12,AMZN,100.55000305175781
2019-07-15,AMZN,101.04949951171875
2019-07-16,AMZN,100.49500274658203
2019-07-17,AMZN,99.60150146484375
2019-07-18,AMZN,98.8949966430664
2019-07-19,AMZN,98.22599792480469
2019-07-22,AMZN,99.28150177001953
2019-07-23,AMZN,99.72450256347656
2019-07-24,AMZN,100.04049682617188
2019-07-25,AMZN,98.69100189208984
2019-07-26,AMZN,97.152496337890625
2019-07-29,AMZN,95.62249755859375
2019-07-30,AMZN,94.92649841308594
2019-07-31,AMZN,93.33899688720703
2019-08-01,AMZN,92.76599884033203
2019-08-02,AMZN,91.16200256347656
2019-08-05,AMZN,88.256500244140625
2019-08-06,AMZN,89.3915023803711
2019-08-07,AMZN,89.66999816894531
2019-08-08,AMZN,91.644500732421875
2019-08-09,AMZN,90.378997802734375
2019-08-12,AMZN,89.246002197265625
2019-08-13,AMZN,91.21700286865234
2019-08-14,AMZN,88.14800262451172
2019-08-15,AMZN,88.805999755859375
2019-08-16,AMZN,89.62850189208984
2019-08-19,AMZN,90.805999755859375
2019-08-20,AMZN,90.069000244140625
2019-08-21,AMZN,91.177001953125
2019-08-22,AMZN,90.233001708984375
2019-08-23,AMZN,87.48100280761719
2019-08-26,AMZN,88.44349670410156
2019-08-27,AMZN,88.09149932861328
2019-08-28,AMZN,88.2125015258789
2019-08-29,AMZN,89.31999969482422
2019-08-30,AMZN,88.81449890136719
2019-09-03,AMZN,89.49199676513672
2019-09-04,AMZN,90.03099822998047
2019-09-05,AMZN,92.03600311279297
2019-09-06,AMZN,91.67549896240234
2019-09-09,AMZN,91.56749725341797
2019-09-10,AMZN,91.027496337890625
2019-09-11,AMZN,91.14949798583984
2019-09-12,AMZN,92.17749786376953
2019-09-13,AMZN,91.96700286865234
2019-09-16,AMZN,90.391998291015625
2019-09-17,AMZN,91.12750244140625
2019-09-18,AMZN,90.87300109863281
2019-09-19,AMZN,91.07499694824219
2019-09-20,AMZN,89.70800018310547
2019-09-23,AMZN,89.26499938964844
2019-09-24,AMZN,87.08049774169922
2019-09-25,AMZN,88.41649627685547
2019-09-26,AMZN,86.99199676513672
2019-09-27,AMZN,86.27249908447266
2019-09-30,AMZN,86.795501708984375
2019-10-01,AMZN,86.782501220703125
2019-10-02,AMZN,85.6614990234375
2019-10-03,AMZN,86.22100067138672
2019-10-04,AMZN,86.98249816894531
2019-10-07,AMZN,86.63300323486328
2019-10-08,AMZN,85.27549743652344
2019-10-09,AMZN,86.09950256347656
2019-10-10,AMZN,86.01300048828125
2019-10-11,AMZN,86.59600067138672
2019-10-14,AMZN,86.821502685546875
2019-10-15,AMZN,88.36900329589844
2019-10-16,AMZN,88.87149810791016
2019-10-17,AMZN,89.3740005493164
2019-10-18,AMZN,87.87550354003906
2019-10-21,AMZN,89.28299713134766
2019-10-22,AMZN,88.2864990234375
2019-10-23,AMZN,88.1084976196289
2019-10-24,AMZN,89.03900146484375
2019-10-25,AMZN,88.066497802734375
2019-10-28,AMZN,88.85399627685547
2019-10-29,AMZN,88.135498046875
2019-10-30,AMZN,88.99949645996094
2019-10-31,AMZN,88.83300018310547
2019-11-01,AMZN,89.5719985961914
2019-11-04,AMZN,90.233001708984375
2019-11-05,AMZN,90.08550262451172
2019-11-06,AMZN,89.78849792480469
2019-11-07,AMZN,89.410003662109375
2019-11-08,AMZN,89.29399871826172
2019-11-11,AMZN,88.5824966430664
2019-11-12,AMZN,88.9000015258789
2019-11-13,AMZN,87.65550231933594
2019-11-14,AMZN,87.7300033569336
2019-11-15,AMZN,86.97450256347656
2019-11-18,AMZN,87.62650299072266
2019-11-19,AMZN,87.6395034790039
2019-11-20,AMZN,87.27649688720703
2019-11-21,AMZN,86.7354965209961
2019-11-22,AMZN,87.28600311279297
2019-11-25,AMZN,88.69200134277344
2019-11-26,AMZN,89.84700012207031
2019-11-27,AMZN,90.92549896240234
2019-11-29,AMZN,90.04000091552734
2019-12-02,AMZN,89.08000183105469
2019-12-03,AMZN,88.49800109863281
2019-12-04,AMZN,88.03450012207031
2019-12-05,AMZN,87.02400207519531
2019-12-06,AMZN,87.58000183105469
2019-12-09,AMZN,87.47550201416016
2019-12-10,AMZN,86.96050262451172
2019-12-11,AMZN,87.43599700927734
2019-12-12,AMZN,88.0165023803711
2019-12-13,AMZN,88.0469970703125
2019-12-16,AMZN,88.46050262451172
2019-12-17,AMZN,89.53299713134766
2019-12-18,AMZN,89.20149993896484
2019-12-19,AMZN,89.61399841308594
2019-12-20,AMZN,89.32499694824219
2019-12-23,AMZN,89.6500015258789
2019-12-24,AMZN,89.46050262451172
2019-12-26,AMZN,93.4384994506836
2019-12-27,AMZN,93.48999786376953
2019-12-30,AMZN,92.34449768066406
2019-12-31,AMZN,92.391998291015625
2020-01-02,AMZN,94.90049743652344
2020-01-03,AMZN,93.74849700927734
2020-01-06,AMZN,95.14399719238281
2020-01-07,AMZN,95.34300231933594
2020-01-08,AMZN,94.59850311279297
2020-01-09,AMZN,95.05249786376953
2020-01-10,AMZN,94.15799713134766
2020-01-13,AMZN,94.56500244140625
2020-01-14,AMZN,93.47200012207031
2020-01-15,AMZN,93.10099792480469
2020-01-16,AMZN,93.897003173828125
2020-01-17,AMZN,93.23600006103516
2020-01-21,AMZN,94.5999984741211
2020-01-22,AMZN,94.37300109863281
2020-01-23,AMZN,94.22899627685547
2020-01-24,AMZN,93.082000732421875
2020-01-27,AMZN,91.41699981689453
2020-01-28,AMZN,92.6624984741211
2020-01-29,AMZN,92.9000015258789
2020-01-30,AMZN,93.53399658203125
2020-01-31,AMZN,100.43599700927734
2020-02-03,AMZN,100.20999908447266
2020-02-04,AMZN,102.4834976196289
2020-02-05,AMZN,101.99349975585938
2020-02-06,AMZN,102.5114974975586
2020-02-07,AMZN,103.96399688720703
2020-02-10,AMZN,106.69550323486328
2020-02-11,AMZN,107.54000091552734
2020-02-12,AMZN,108
2020-02-13,AMZN,107.49349975585938
2020-02-14,AMZN,106.74349975585938
2020-02-18,AMZN,107.78350067138672
2020-02-19,AMZN,108.51100158691406
2020-02-20,AMZN,107.65499877929688
2020-02-21,AMZN,104.79850006103516
2020-02-24,AMZN,100.4645004272461
2020-02-25,AMZN,98.63700103759766
2020-02-26,AMZN,98.97949981689453
2020-02-27,AMZN,94.214996337890625
2020-02-28,AMZN,94.1875
2020-03-02,AMZN,97.69750213623047
2020-03-03,AMZN,95.44950103759766
2020-03-04,AMZN,98.79149627685547
2020-03-05,AMZN,96.20149993896484
2020-03-06,AMZN,95.05449676513672
2020-03-09,AMZN,90.03050231933594
2020-03-10,AMZN,94.59100341796875
2020-03-11,AMZN,91.042999267578125
2020-03-12,AMZN,83.83049774169922
2020-03-13,AMZN,89.25
2020-03-16,AMZN,84.4574966430664
2020-03-17,AMZN,90.391998291015625
2020-03-18,AMZN,91.5
2020-03-19,AMZN,94.04650115966797
2020-03-20,AMZN,92.30449676513672
2020-03-23,AMZN,95.1415023803711
2020-03-24,AMZN,97.00499725341797
2020-03-25,AMZN,94.29199981689453
2020-03-26,AMZN,97.77449798583984
2020-03-27,AMZN,95.00499725341797
2020-03-30,AMZN,98.19750213623047
2020-03-31,AMZN,97.48600006103516
2020-04-01,AMZN,95.38500213623047
2020-04-02,AMZN,95.941497802734375
2020-04-03,AMZN,95.329498291015625
2020-04-06,AMZN,99.87950134277344
2020-04-07,AMZN,100.58000183105469
2020-04-08,AMZN,102.1500015258789
2020-04-09,AMZN,102.13800048828125
2020-04-13,AMZN,108.44349670410156
2020-04-14,AMZN,114.16600036621094
2020-04-15,AMZN,115.38400268554688
2020-04-16,AMZN,120.40950012207031
2020-04-17,AMZN,118.75
2020-04-20,AMZN,119.68049621582031
2020-04-21,AMZN,116.40599822998047
2020-04-22,AMZN,118.17449951171875
2020-04-23,AMZN,119.97250366210938
2020-04-24,AMZN,120.51100158691406
2020-04-27,AMZN,118.80000305175781
2020-04-28,AMZN,115.7040023803711
2020-04-29,AMZN,118.635498046875
2020-04-30,AMZN,123.69999694824219
2020-05-01,AMZN,114.302001953125
2020-05-04,AMZN,115.79949951171875
2020-05-05,AMZN,115.88999938964844
2020-05-06,AMZN,117.56300354003906
2020-05-07,AMZN,118.38050079345703
2020-05-08,AMZN,118.98049926757813
2020-05-11,AMZN,120.44999694824219
2020-05-12,AMZN,117.84750366210938
2020-05-13,AMZN,118.39600372314453
2020-05-14,AMZN,119.44249725341797
2020-05-15,AMZN,120.48899841308594
2020-05-18,AMZN,121.31300354003906
2020-05-19,AMZN,122.46649932861328
2020-05-20,AMZN,124.89700317382813
2020-05-21,AMZN,122.33699798583984
2020-05-22,AMZN,121.84400177001953
2020-05-26,AMZN,121.09300231933594
2020-05-27,AMZN,120.51950073242188
2020-05-28,AMZN,120.05500030517578
2020-05-29,AMZN,122.11849975585938
2020-06-01,AMZN,123.552001953125
2020-06-02,AMZN,123.62049865722656
2020-06-03,AMZN,123.91999816894531
2020-06-04,AMZN,123.02999877929688
2020-06-05,AMZN,124.1500015258789
2020-06-08,AMZN,126.2030029296875
2020-06-09,AMZN,130.04299926757813
2020-06-10,AMZN,132.37249755859375
2020-06-11,AMZN,127.89800262451172
2020-06-12,AMZN,127.2509994506836
2020-06-15,AMZN,128.63400268554688
2020-06-16,AMZN,130.7635040283203
2020-06-17,AMZN,132.0489959716797
2020-06-18,AMZN,132.69900512695313
2020-06-19,AMZN,133.75050354003906
2020-06-22,AMZN,135.6909942626953
2020-06-23,AMZN,138.2205047607422
2020-06-24,AMZN,136.72000122070313
2020-06-25,AMZN,137.72900390625
2020-06-26,AMZN,134.64349365234375
2020-06-29,AMZN,134.0189971923828
2020-06-30,AMZN,137.9409942626953
2020-07-01,AMZN,143.93499755859375
2020-07-02,AMZN,144.51499938964844
2020-07-06,AMZN,152.8520050048828
2020-07-07,AMZN,150.00599670410156
2020-07-08,AMZN,154.0554962158203
2020-07-09,AMZN,159.13150024414063
2020-07-10,AMZN,160
2020-07-13,AMZN,155.1999969482422
2020-07-14,AMZN,154.1999969482422
2020-07-15,AMZN,150.44349670410156
2020-07-16,AMZN,149.9949951171875
2020-07-17,AMZN,148.09849548339844
2020-07-20,AMZN,159.8419952392578
2020-07-21,AMZN,156.9145050048828
2020-07-22,AMZN,154.99549865722656
2020-07-23,AMZN,149.32749938964844
2020-07-24,AMZN,150.44549560546875
2020-07-27,AMZN,152.760498046875
2020-07-28,AMZN,150.01649475097656
2020-07-29,AMZN,151.67649841308594
2020-07-30,AMZN,152.593994140625
2020-07-31,AMZN,158.23399353027344
2020-08-03,AMZN,155.59449768066406
2020-08-04,AMZN,156.94149780273438
2020-08-05,AMZN,160.25149536132813
2020-08-06,AMZN,161.25
2020-08-07,AMZN,158.3730010986328
2020-08-10,AMZN,157.4080047607422
2020-08-11,AMZN,154.0334930419922
2020-08-12,AMZN,158.11199951171875
2020-08-13,AMZN,158.05099487304688
2020-08-14,AMZN,157.4010009765625
2020-08-17,AMZN,159.12049865722656
2020-08-18,AMZN,165.62449645996094
2020-08-19,AMZN,163.0240020751953
2020-08-20,AMZN,164.86849975585938
2020-08-21,AMZN,164.23599243164063
2020-08-24,AMZN,165.3730010986328
2020-08-25,AMZN,167.32449340820313
2020-08-26,AMZN,172.09249877929688
2020-08-27,AMZN,170
2020-08-28,AMZN,170.08999633789063
2020-08-31,AMZN,172.54800415039063
2020-09-01,AMZN,174.95599365234375
2020-09-02,AMZN,176.57249450683594
2020-09-03,AMZN,168.39999389648438
2020-09-04,AMZN,164.7310028076172
2020-09-08,AMZN,157.49200439453125
2020-09-09,AMZN,163.4304962158203
2020-09-10,AMZN,158.7554931640625
2020-09-11,AMZN,155.81100463867188
2020-09-14,AMZN,155.14849853515625
2020-09-15,AMZN,157.80650329589844
2020-09-16,AMZN,153.90499877929688
2020-09-17,AMZN,150.43649291992188
2020-09-18,AMZN,147.74549865722656
2020-09-21,AMZN,148.02349853515625
2020-09-22,AMZN,156.44949340820313
2020-09-23,AMZN,149.9929962158203
2020-09-24,AMZN,150.989501953125
2020-09-25,AMZN,154.75650024414063
2020-09-28,AMZN,158.70249938964844
2020-09-29,AMZN,157.24400329589844
2020-09-30,AMZN,157.43649291992188
2020-10-01,AMZN,161.06300354003906
2020-10-02,AMZN,156.25
2020-10-05,AMZN,159.9600067138672
2020-10-06,AMZN,154.9980010986328
2020-10-07,AMZN,159.7845001220703
2020-10-08,AMZN,159.52749633789063
2020-10-09,AMZN,164.33250427246094
2020-10-12,AMZN,172.14649963378906
2020-10-13,AMZN,172.18150329589844
2020-10-14,AMZN,168.1855010986328
2020-10-15,AMZN,166.9324951171875
2020-10-16,AMZN,163.635498046875
2020-10-19,AMZN,160.36050415039063
2020-10-20,AMZN,160.85049438476563
2020-10-21,AMZN,159.2469940185547
2020-10-22,AMZN,158.82000732421875
2020-10-23,AMZN,160.22000122070313
2020-10-26,AMZN,160.3520050048828
2020-10-27,AMZN,164.31649780273438
2020-10-28,AMZN,158.13900756835938
2020-10-29,AMZN,160.55050659179688
2020-10-30,AMZN,151.8074951171875
2020-11-02,AMZN,150.2239990234375
2020-11-03,AMZN,152.42050170898438
2020-11-04,AMZN,162.05799865722656
2020-11-05,AMZN,166.10000610351563
2020-11-06,AMZN,165.56849670410156
2020-11-09,AMZN,157.18699645996094
2020-11-10,AMZN,151.75100708007813
2020-11-11,AMZN,156.8695068359375
2020-11-12,AMZN,155.51400756835938
2020-11-13,AMZN,156.4405059814453
2020-11-16,AMZN,156.55299377441406
2020-11-17,AMZN,156.7830047607422
2020-11-18,AMZN,155.2729949951172
2020-11-19,AMZN,155.8509979248047
2020-11-20,AMZN,154.97000122070313
2020-11-23,AMZN,154.91949462890625
2020-11-24,AMZN,155.9029998779297
2020-11-25,AMZN,159.2534942626953
2020-11-27,AMZN,159.76699829101563
2020-11-30,AMZN,158.40199279785156
2020-12-01,AMZN,161.00399780273438
2020-12-02,AMZN,160.17649841308594
2020-12-03,AMZN,159.3365020751953
2020-12-04,AMZN,158.12899780273438
2020-12-07,AMZN,157.89999389648438
2020-12-08,AMZN,158.864501953125
2020-12-09,AMZN,155.2100067138672
2020-12-10,AMZN,155.07449340820313
2020-12-11,AMZN,155.8209991455078
2020-12-14,AMZN,157.84849548339844
2020-12-15,AMZN,158.25599670410156
2020-12-16,AMZN,162.04800415039063
2020-12-17,AMZN,161.8040008544922
2020-12-18,AMZN,160.08250427246094
2020-12-21,AMZN,160.3090057373047
2020-12-22,AMZN,160.3260040283203
2020-12-23,AMZN,159.2635040283203
2020-12-24,AMZN,158.63450622558594
2020-12-28,AMZN,164.197998046875
2020-12-29,AMZN,166.10000610351563
2020-12-30,AMZN,164.29249572753906
2020-12-31,AMZN,162.84649658203125
2021-01-04,AMZN,159.3314971923828
2021-01-05,AMZN,160.92550659179688
2021-01-06,AMZN,156.91900634765625
2021-01-07,AMZN,158.10800170898438
2021-01-08,AMZN,159.13499450683594
2021-01-11,AMZN,155.7104949951172
2021-01-12,AMZN,156.04150390625
2021-01-13,AMZN,158.29449462890625
2021-01-14,AMZN,156.37350463867188
2021-01-15,AMZN,155.21249389648438
2021-01-19,AMZN,156.03799438476563
2021-01-20,AMZN,163.16900634765625
2021-01-21,AMZN,165.34950256347656
2021-01-22,AMZN,164.6114959716797
2021-01-25,AMZN,164.6999969482422
2021-01-26,AMZN,166.30650329589844
2021-01-27,AMZN,161.62899780273438
2021-01-28,AMZN,161.88099670410156
2021-01-29,AMZN,160.30999755859375
2021-02-01,AMZN,167.1439971923828
2021-02-02,AMZN,169
2021-02-03,AMZN,165.62649536132813
2021-02-04,AMZN,166.5500030517578
2021-02-05,AMZN,167.6074981689453
2021-02-08,AMZN,166.14700317382813
2021-02-09,AMZN,165.25
2021-02-10,AMZN,164.32899475097656
2021-02-11,AMZN,163.10650634765625
2021-02-12,AMZN,163.885498046875
2021-02-16,AMZN,163.44749450683594
2021-02-17,AMZN,165.4320068359375
2021-02-18,AMZN,166.4114990234375
2021-02-19,AMZN,162.4949951171875
2021-02-22,AMZN,159.03700256347656
2021-02-23,AMZN,159.72500610351563
2021-02-24,AMZN,157.97650146484375
2021-02-25,AMZN,152.85800170898438
2021-02-26,AMZN,154.64649963378906
2021-03-01,AMZN,157.3070068359375
2021-03-02,AMZN,154.72650146484375
2021-03-03,AMZN,150.25
2021-03-04,AMZN,148.8784942626953
2021-03-05,AMZN,150.0229949951172
2021-03-08,AMZN,147.59750366210938
2021-03-09,AMZN,153.1425018310547
2021-03-10,AMZN,152.8820037841797
2021-03-11,AMZN,155.67950439453125
2021-03-12,AMZN,154.47450256347656
2021-03-15,AMZN,154.08399963378906
2021-03-16,AMZN,154.59300231933594
2021-03-17,AMZN,156.7864990234375
2021-03-18,AMZN,151.39950561523438
2021-03-19,AMZN,153.7480010986328
2021-03-22,AMZN,155.5435028076172
2021-03-23,AMZN,156.875
2021-03-24,AMZN,154.35350036621094
2021-03-25,AMZN,152.31300354003906
2021-03-26,AMZN,152.60150146484375
2021-03-29,AMZN,153.7864990234375
2021-03-30,AMZN,152.76449584960938
2021-03-31,AMZN,154.70399475097656
2021-04-01,AMZN,158.0500030517578
2021-04-05,AMZN,161.3365020751953
2021-04-06,AMZN,161.1909942626953
2021-04-07,AMZN,163.96949768066406
2021-04-08,AMZN,164.96499633789063
2021-04-09,AMZN,168.61000061035156
2021-04-12,AMZN,168.96949768066406
2021-04-13,AMZN,170
2021-04-14,AMZN,166.64999389648438
2021-04-15,AMZN,168.95449829101563
2021-04-16,AMZN,169.9720001220703
2021-04-19,AMZN,168.60049438476563
2021-04-20,AMZN,166.7344970703125
2021-04-21,AMZN,168.1009979248047
2021-04-22,AMZN,165.45199584960938
2021-04-23,AMZN,167.04400634765625
2021-04-26,AMZN,170.4499969482422
2021-04-27,AMZN,170.8715057373047
2021-04-28,AMZN,172.9250030517578
2021-04-29,AMZN,173.5655059814453
2021-04-30,AMZN,173.37100219726563
2021-05-03,AMZN,169.32449340820313
2021-05-04,AMZN,165.593505859375
2021-05-05,AMZN,163.52699279785156
2021-05-06,AMZN,165.31849670410156
2021-05-07,AMZN,164.58050537109375
2021-05-10,AMZN,159.52450561523438
2021-05-11,AMZN,161.19549560546875
2021-05-12,AMZN,157.5970001220703
2021-05-13,AMZN,158.07350158691406
2021-05-14,AMZN,161.14500427246094
2021-05-17,AMZN,163.51950073242188
2021-05-18,AMZN,161.61399841308594
2021-05-19,AMZN,161.58999633789063
2021-05-20,AMZN,162.38400268554688
2021-05-21,AMZN,160.1540069580078
2021-05-24,AMZN,162.24949645996094
2021-05-25,AMZN,162.95249938964844
2021-05-26,AMZN,163.25799560546875
2021-05-27,AMZN,161.5054931640625
2021-05-28,AMZN,161.15350341796875
2021-06-01,AMZN,160.9324951171875
2021-06-02,AMZN,161.69949340820313
2021-06-03,AMZN,159.35049438476563
2021-06-04,AMZN,160.31100463867188
2021-06-07,AMZN,159.90049743652344
2021-06-08,AMZN,163.20550537109375
2021-06-09,AMZN,164.0574951171875
2021-06-10,AMZN,167.4824981689453
2021-06-11,AMZN,167.3415069580078
2021-06-14,AMZN,169.19349670410156
2021-06-15,AMZN,169.156494140625
2021-06-16,AMZN,170.7624969482422
2021-06-17,AMZN,174.46200561523438
2021-06-18,AMZN,174.34500122070313
2021-06-21,AMZN,172.697998046875
2021-06-22,AMZN,175.27200317382813
2021-06-23,AMZN,175.1909942626953
2021-06-24,AMZN,172.45399475097656
2021-06-25,AMZN,170.072998046875
2021-06-28,AMZN,172.1945037841797
2021-06-29,AMZN,172.40699768066406
2021-06-30,AMZN,172.00799560546875
2021-07-01,AMZN,171.64849853515625
2021-07-02,AMZN,175.5489959716797
2021-07-06,AMZN,183.78700256347656
2021-07-07,AMZN,184.82899475097656
2021-07-08,AMZN,186.57049560546875
2021-07-09,AMZN,185.9669952392578
2021-07-12,AMZN,185.92750549316406
2021-07-13,AMZN,183.8679962158203
2021-07-14,AMZN,184.08399963378906
2021-07-15,AMZN,181.55999755859375
2021-07-16,AMZN,178.68150329589844
2021-07-19,AMZN,177.47950744628906
2021-07-20,AMZN,178.6595001220703
2021-07-21,AMZN,179.25999450683594
2021-07-22,AMZN,181.90150451660156
2021-07-23,AMZN,182.83200073242188
2021-07-26,AMZN,184.99099731445313
2021-07-27,AMZN,181.3195037841797
2021-07-28,AMZN,181.51600646972656
2021-07-29,AMZN,179.99600219726563
2021-07-30,AMZN,166.37950134277344
2021-08-02,AMZN,166.57400512695313
2021-08-03,AMZN,168.31199645996094
2021-08-04,AMZN,167.73599243164063
2021-08-05,AMZN,168.79949951171875
2021-08-06,AMZN,167.2469940185547
2021-08-09,AMZN,167.093505859375
2021-08-10,AMZN,166.03399658203125
2021-08-11,AMZN,164.60549926757813
2021-08-12,AMZN,165.1750030517578
2021-08-13,AMZN,164.69850158691406
2021-08-16,AMZN,164.94949340820313
2021-08-17,AMZN,162.09800720214844
2021-08-18,AMZN,160.06100463867188
2021-08-19,AMZN,159.3874969482422
2021-08-20,AMZN,159.99749755859375
2021-08-23,AMZN,163.2935028076172
2021-08-24,AMZN,165.28900146484375
2021-08-25,AMZN,164.95899963378906
2021-08-26,AMZN,165.8000030517578
2021-08-27,AMZN,167.48150634765625
2021-08-30,AMZN,171.07850646972656
2021-08-31,AMZN,173.5395050048828
2021-09-01,AMZN,173.9499969482422
2021-09-02,AMZN,173.156005859375
2021-09-03,AMZN,173.90249633789063
2021-09-07,AMZN,175.46449279785156
2021-09-08,AMZN,176.27499389648438
2021-09-09,AMZN,174.20799255371094
2021-09-10,AMZN,173.45750427246094
2021-09-13,AMZN,172.85850524902344
2021-09-14,AMZN,172.5
2021-09-15,AMZN,173.7895050048828
2021-09-16,AMZN,174.41200256347656
2021-09-17,AMZN,173.12600708007813
2021-09-20,AMZN,167.7864990234375
2021-09-21,AMZN,167.18150329589844
2021-09-22,AMZN,169.00250244140625
2021-09-23,AMZN,170.8000030517578
2021-09-24,AMZN,171.2760009765625
2021-09-27,AMZN,170.2899932861328
2021-09-28,AMZN,165.79800415039063
2021-09-29,AMZN,165.05599975585938
2021-09-30,AMZN,164.2519989013672
2021-10-01,AMZN,164.16299438476563
2021-10-04,AMZN,159.48899841308594
2021-10-05,AMZN,161.0500030517578
2021-10-06,AMZN,163.10049438476563
2021-10-07,AMZN,165.1215057373047
2021-10-08,AMZN,164.43099975585938
2021-10-11,AMZN,162.31500244140625
2021-10-12,AMZN,162.3665008544922
2021-10-13,AMZN,164.21400451660156
2021-10-14,AMZN,164.9929962158203
2021-10-15,AMZN,170.4510040283203
2021-10-18,AMZN,172.33700561523438
2021-10-19,AMZN,172.20750427246094
2021-10-20,AMZN,170.7530059814453
2021-10-21,AMZN,171.75050354003906
2021-10-22,AMZN,166.77749633789063
2021-10-25,AMZN,166.01849365234375
2021-10-26,AMZN,168.80349731445313
2021-10-27,AMZN,169.62449645996094
2021-10-28,AMZN,172.32850646972656
2021-10-29,AMZN,168.6215057373047
2021-11-01,AMZN,165.90550231933594
2021-11-02,AMZN,165.6374969482422
2021-11-03,AMZN,169.1999969482422
2021-11-04,AMZN,173.85000610351563
2021-11-05,AMZN,175.94949340820313
2021-11-08,AMZN,174.44900512695313
2021-11-09,AMZN,178.81149291992188
2021-11-10,AMZN,174.1024932861328
2021-11-11,AMZN,173.625
2021-11-12,AMZN,176.25750732421875
2021-11-15,AMZN,177.28399658203125
2021-11-16,AMZN,177.03500366210938
2021-11-17,AMZN,177.4499969482422
2021-11-18,AMZN,184.80299377441406
2021-11-19,AMZN,183.82850646972656
2021-11-22,AMZN,178.6284942626953
2021-11-23,AMZN,179.0019989013672
2021-11-24,AMZN,179.02049255371094
2021-11-26,AMZN,175.22799682617188
2021-11-29,AMZN,178.07850646972656
2021-11-30,AMZN,175.35350036621094
2021-12-01,AMZN,172.18600463867188
2021-12-02,AMZN,171.8679962158203
2021-12-03,AMZN,169.489501953125
2021-12-06,AMZN,171.36849975585938
2021-12-07,AMZN,176.1645050048828
2021-12-08,AMZN,176.1580047607422
2021-12-09,AMZN,174.17100524902344
2021-12-10,AMZN,172.21200561523438
2021-12-13,AMZN,169.5675048828125
2021-12-14,AMZN,169.0915069580078
2021-12-15,AMZN,173.31500244140625
2021-12-16,AMZN,168.87100219726563
2021-12-17,AMZN,170.0175018310547
2021-12-20,AMZN,167.07899475097656
2021-12-21,AMZN,170.41700744628906
2021-12-22,AMZN,171.03700256347656
2021-12-23,AMZN,171.06849670410156
2021-12-27,AMZN,169.66949462890625
2021-12-28,AMZN,170.66099548339844
2021-12-29,AMZN,169.2010040283203
2021-12-30,AMZN,168.64450073242188
2021-12-31,AMZN,166.7169952392578
2022-01-03,AMZN,170.4044952392578
2022-01-04,AMZN,167.52200317382813
2022-01-05,AMZN,164.35699462890625
2022-01-06,AMZN,163.25399780273438
2022-01-07,AMZN,162.5540008544922
2022-01-10,AMZN,161.48599243164063
2022-01-11,AMZN,165.36199951171875
2022-01-12,AMZN,165.20700073242188
2022-01-13,AMZN,161.21400451660156
2022-01-14,AMZN,162.13800048828125
2022-01-18,AMZN,158.91749572753906
2022-01-19,AMZN,156.2989959716797
2022-01-20,AMZN,151.66749572753906
2022-01-21,AMZN,142.64300537109375
2022-01-24,AMZN,144.54400634765625
2022-01-25,AMZN,139.98599243164063
2022-01-26,AMZN,138.87249755859375
2022-01-27,AMZN,139.6374969482422
2022-01-28,AMZN,143.97799682617188
2022-01-31,AMZN,149.57350158691406
2022-02-01,AMZN,151.19349670410156
2022-02-02,AMZN,150.6125030517578
2022-02-03,AMZN,138.8455047607422
2022-02-04,AMZN,157.63949584960938
2022-02-07,AMZN,157.9355010986328
2022-02-08,AMZN,161.4134979248047
2022-02-09,AMZN,161.1894989013672
2022-02-10,AMZN,159.0034942626953
2022-02-11,AMZN,153.2935028076172
2022-02-14,AMZN,155.16700744628906
2022-02-15,AMZN,156.510498046875
2022-02-16,AMZN,158.10049438476563
2022-02-17,AMZN,154.65249633789063
2022-02-18,AMZN,152.60150146484375
2022-02-22,AMZN,150.19749450683594
2022-02-23,AMZN,144.82699584960938
2022-02-24,AMZN,151.35800170898438
2022-02-25,AMZN,153.7884979248047
2022-02-28,AMZN,153.56300354003906
2022-03-01,AMZN,151.14199829101563
2022-03-02,AMZN,152.05250549316406
2022-03-03,AMZN,147.89849853515625
2022-03-04,AMZN,145.64100646972656
2022-03-07,AMZN,137.4530029296875
2022-03-08,AMZN,136.01449584960938
2022-03-09,AMZN,139.2790069580078
2022-03-10,AMZN,146.8175048828125
2022-03-11,AMZN,145.52450561523438
2022-03-14,AMZN,141.85299682617188
2022-03-15,AMZN,147.3665008544922
2022-03-16,AMZN,153.10400390625
2022-03-17,AMZN,157.23899841308594
2022-03-18,AMZN,161.25050354003906
2022-03-21,AMZN,161.4915008544922
2022-03-22,AMZN,164.88900756835938
2022-03-23,AMZN,163.4080047607422
2022-03-24,AMZN,163.64950561523438
2022-03-25,AMZN,164.77349853515625
2022-03-28,AMZN,168.99049377441406
2022-03-29,AMZN,169.31500244140625
2022-03-30,AMZN,166.30099487304688
2022-03-31,AMZN,162.99749755859375
2022-04-01,AMZN,163.55999755859375
2022-04-04,AMZN,168.34649658203125
2022-04-05,AMZN,164.05499267578125
2022-04-06,AMZN,158.75599670410156
2022-04-07,AMZN,157.7845001220703
2022-04-08,AMZN,154.4604949951172
2022-04-11,AMZN,151.1219940185547
2022-04-12,AMZN,150.78750610351563
2022-04-13,AMZN,155.54100036621094
2022-04-14,AMZN,151.7064971923828
2022-04-18,AMZN,152.78500366210938
2022-04-19,AMZN,158.11549377441406
2022-04-20,AMZN,153.9980010986328
2022-04-21,AMZN,148.29600524902344
2022-04-22,AMZN,144.35000610351563
2022-04-25,AMZN,146.07400512695313
2022-04-26,AMZN,139.39100646972656
2022-04-27,AMZN,138.16700744628906
2022-04-28,AMZN,144.59649658203125
2022-04-29,AMZN,124.28150177001953
2022-05-02,AMZN,124.5
2022-05-03,AMZN,124.25350189208984
2022-05-04,AMZN,125.92849731445313
2022-05-05,AMZN,116.40699768066406
2022-05-06,AMZN,114.77249908447266
2022-05-09,AMZN,108.78900146484375
2022-05-10,AMZN,108.85900115966797
2022-05-11,AMZN,105.37200164794922
2022-05-12,AMZN,106.93049621582031
2022-05-13,AMZN,113.05500030517578
2022-05-16,AMZN,110.81050109863281
2022-05-17,AMZN,115.36849975585938
2022-05-18,AMZN,107.11250305175781
2022-05-19,AMZN,107.31900024414063
2022-05-20,AMZN,107.59100341796875
2022-05-23,AMZN,107.55699920654297
2022-05-24,AMZN,104.0999984741211
2022-05-25,AMZN,106.7750015258789
2022-05-26,AMZN,111.07749938964844
2022-05-27,AMZN,115.14649963378906
2022-05-31,AMZN,120.20950317382813
2022-06-01,AMZN,121.68399810791016
2022-06-02,AMZN,125.51100158691406
2022-06-03,AMZN,122.3499984741211
2022-06-06,AMZN,124.79000091552734
2022-06-07,AMZN,123
2022-06-08,AMZN,121.18000030517578
2022-06-09,AMZN,116.1500015258789
2022-06-10,AMZN,109.6500015258789
2022-06-13,AMZN,103.66999816894531
2022-06-14,AMZN,102.30999755859375
2022-06-15,AMZN,107.66999816894531
2022-06-16,AMZN,103.66000366210938
2022-06-17,AMZN,106.22000122070313
2022-06-21,AMZN,108.68000030517578
2022-06-22,AMZN,108.94999694824219
2022-06-23,AMZN,112.44000244140625
2022-06-24,AMZN,116.45999908447266
2022-06-27,AMZN,113.22000122070313
2022-06-28,AMZN,107.4000015258789
2022-06-29,AMZN,108.91999816894531
2022-06-30,AMZN,106.20999908447266
2022-07-01,AMZN,109.55999755859375
2022-07-05,AMZN,113.5
2022-07-06,AMZN,114.33000183105469
2022-07-07,AMZN,116.33000183105469
2022-07-08,AMZN,115.54000091552734
2022-07-11,AMZN,111.75
2022-07-12,AMZN,109.22000122070313
2022-07-13,AMZN,110.4000015258789
2022-07-14,AMZN,110.62999725341797
2022-07-15,AMZN,113.55000305175781
2022-07-18,AMZN,113.76000213623047
2022-07-19,AMZN,118.20999908447266
2022-07-20,AMZN,122.7699966430664
2022-07-21,AMZN,124.62999725341797
2022-07-22,AMZN,122.41999816894531
2022-07-25,AMZN,121.13999938964844
2022-07-26,AMZN,114.80999755859375
2022-07-27,AMZN,120.97000122070313
2022-07-28,AMZN,122.27999877929688
2022-07-29,AMZN,134.9499969482422
2022-08-01,AMZN,135.38999938964844
2022-08-02,AMZN,134.16000366210938
2022-08-03,AMZN,139.52000427246094
2022-08-04,AMZN,142.57000732421875
2022-08-05,AMZN,140.8000030517578
2022-08-08,AMZN,139.41000366210938
2022-08-09,AMZN,137.8300018310547
2022-08-10,AMZN,142.69000244140625
2022-08-11,AMZN,140.63999938964844
2022-08-12,AMZN,143.5500030517578
2022-08-15,AMZN,143.17999267578125
2022-08-16,AMZN,144.77999877929688
2022-08-17,AMZN,142.10000610351563
2022-08-18,AMZN,142.3000030517578
2022-08-19,AMZN,138.22999572753906
2022-08-22,AMZN,133.22000122070313
2022-08-23,AMZN,133.6199951171875
2022-08-24,AMZN,133.8000030517578
2022-08-25,AMZN,137.27999877929688
2022-08-26,AMZN,130.75
2022-08-29,AMZN,129.7899932861328
2022-08-30,AMZN,128.72999572753906
2022-08-31,AMZN,126.7699966430664
2022-09-01,AMZN,127.81999969482422
2022-09-02,AMZN,127.51000213623047
2022-09-06,AMZN,126.11000061035156
2022-09-07,AMZN,129.47999572753906
2022-09-08,AMZN,129.82000732421875
2022-09-09,AMZN,133.27000427246094
2022-09-12,AMZN,136.4499969482422
2022-09-13,AMZN,126.81999969482422
2022-09-14,AMZN,128.5500030517578
2022-09-15,AMZN,126.27999877929688
2022-09-16,AMZN,123.52999877929688
2022-09-19,AMZN,124.66000366210938
2022-09-20,AMZN,122.19000244140625
2022-09-21,AMZN,118.54000091552734
2022-09-22,AMZN,117.30999755859375
2022-09-23,AMZN,113.77999877929688
2022-09-26,AMZN,115.1500015258789
2022-09-27,AMZN,114.41000366210938
2022-09-28,AMZN,118.01000213623047
2022-09-29,AMZN,114.80000305175781
2022-09-30,AMZN,113
2022-10-03,AMZN,115.87999725341797
2022-10-04,AMZN,121.08999633789063
2022-10-05,AMZN,120.94999694824219
2022-10-06,AMZN,120.30000305175781
2022-10-07,AMZN,114.55999755859375
2022-10-10,AMZN,113.66999816894531
2022-10-11,AMZN,112.20999908447266
2022-10-12,AMZN,112.9000015258789
2022-10-13,AMZN,112.52999877929688
2022-10-14,AMZN,106.9000015258789
2022-10-17,AMZN,113.79000091552734
2022-10-18,AMZN,116.36000061035156
2022-10-19,AMZN,115.06999969482422
2022-10-20,AMZN,115.25
2022-10-21,AMZN,119.31999969482422
2022-10-24,AMZN,119.81999969482422
2022-10-25,AMZN,120.5999984741211
2022-10-26,AMZN,115.66000366210938
2022-10-27,AMZN,110.95999908447266
2022-10-28,AMZN,103.41000366210938
2022-10-31,AMZN,102.44000244140625
2022-11-01,AMZN,96.79000091552734
2022-11-02,AMZN,92.12000274658203
2022-11-03,AMZN,89.30000305175781
2022-11-04,AMZN,90.9800033569336
2022-11-07,AMZN,90.529998779296875
2022-11-08,AMZN,89.9800033569336
2022-11-09,AMZN,86.13999938964844
2022-11-10,AMZN,96.62999725341797
2022-11-11,AMZN,100.79000091552734
2022-11-14,AMZN,98.48999786376953
2022-11-15,AMZN,98.94000244140625
2022-11-16,AMZN,97.12000274658203
2022-11-17,AMZN,94.8499984741211
2022-11-18,AMZN,94.13999938964844
2022-11-21,AMZN,92.45999908447266
2022-11-22,AMZN,93.19999694824219
2022-11-23,AMZN,94.12999725341797
2022-11-25,AMZN,93.410003662109375
2022-11-28,AMZN,93.94999694824219
2022-11-29,AMZN,92.41999816894531
2022-11-30,AMZN,96.54000091552734
2022-12-01,AMZN,95.5
2022-12-02,AMZN,94.12999725341797
2022-12-05,AMZN,91.01000213623047
2022-12-06,AMZN,88.25
2022-12-07,AMZN,88.45999908447266
2022-12-08,AMZN,90.3499984741211
2022-12-09,AMZN,89.089996337890625
2022-12-12,AMZN,90.55000305175781
2022-12-13,AMZN,92.48999786376953
2022-12-14,AMZN,91.58000183105469
2022-12-15,AMZN,88.44999694824219
2022-12-16,AMZN,87.86000061035156
2022-12-19,AMZN,84.91999816894531
2022-12-20,AMZN,85.19000244140625
2022-12-21,AMZN,86.7699966430664
2022-12-22,AMZN,83.79000091552734
2022-12-23,AMZN,85.25
2022-12-27,AMZN,83.04000091552734
2022-12-28,AMZN,81.81999969482422
2022-12-29,AMZN,84.18000030517578
2022-12-30,AMZN,84
2023-01-03,AMZN,85.81999969482422
2023-01-04,AMZN,85.13999938964844
2023-01-05,AMZN,83.12000274658203
2023-01-06,AMZN,86.08000183105469
2023-01-09,AMZN,87.36000061035156
2023-01-10,AMZN,89.87000274658203
2023-01-11,AMZN,95.089996337890625
2023-01-12,AMZN,95.2699966430664
2023-01-13,AMZN,98.12000274658203
2023-01-17,AMZN,96.05000305175781
2023-01-18,AMZN,95.45999908447266
2023-01-19,AMZN,93.68000030517578
2023-01-20,AMZN,97.25
2023-01-23,AMZN,97.5199966430664
2023-01-24,AMZN,96.31999969482422
2023-01-25,AMZN,97.18000030517578
2023-01-26,AMZN,99.220001220703125
2023-01-27,AMZN,102.23999786376953
2023-01-30,AMZN,100.55000305175781
2023-01-31,AMZN,103.12999725341797
2023-02-01,AMZN,105.1500015258789
2023-02-02,AMZN,112.91000366210938
2023-02-03,AMZN,103.38999938964844
2023-02-06,AMZN,102.18000030517578
2023-02-07,AMZN,102.11000061035156
2023-02-08,AMZN,100.05000305175781
2023-02-09,AMZN,98.23999786376953
2023-02-10,AMZN,97.61000061035156
2023-02-13,AMZN,99.54000091552734
2023-02-14,AMZN,99.69999694824219
2023-02-15,AMZN,101.16000366210938
2023-02-16,AMZN,98.1500015258789
2023-02-17,AMZN,97.19999694824219
2023-02-21,AMZN,94.58000183105469
2023-02-22,AMZN,95.79000091552734
2023-02-23,AMZN,95.81999969482422
2023-02-24,AMZN,93.5
2023-02-27,AMZN,93.76000213623047
2023-02-28,AMZN,94.2300033569336
2023-03-01,AMZN,92.16999816894531
2023-03-02,AMZN,92.12999725341797
2023-03-03,AMZN,94.9000015258789
2023-03-06,AMZN,93.75
2023-03-07,AMZN,93.55000305175781
2023-03-08,AMZN,93.91999816894531
2023-03-09,AMZN,92.25
2023-03-10,AMZN,90.7300033569336
2023-03-13,AMZN,92.43000030517578
2023-03-14,AMZN,94.87999725341797
2023-03-15,AMZN,96.19999694824219
2023-03-16,AMZN,100.04000091552734
2023-03-17,AMZN,98.94999694824219
2023-03-20,AMZN,97.70999908447266
2023-03-21,AMZN,100.61000061035156
2023-03-22,AMZN,98.69999694824219
2023-03-23,AMZN,98.70999908447266
2023-03-24,AMZN,98.12999725341797
2023-03-27,AMZN,98.04000091552734
2023-03-28,AMZN,97.23999786376953
2023-03-29,AMZN,100.25
2023-03-30,AMZN,102
2023-03-31,AMZN,103.29000091552734
2023-04-03,AMZN,102.41000366210938
2023-04-04,AMZN,103.94999694824219
2023-04-05,AMZN,101.0999984741211
2023-04-06,AMZN,102.05999755859375
2023-04-10,AMZN,102.16999816894531
2023-04-11,AMZN,99.91999816894531
2023-04-12,AMZN,97.83000183105469
2023-04-13,AMZN,102.4000015258789
2023-04-14,AMZN,102.51000213623047
2023-04-17,AMZN,102.73999786376953
2023-04-18,AMZN,102.30000305175781
2023-04-19,AMZN,104.30000305175781
2023-04-20,AMZN,103.80999755859375
2023-04-21,AMZN,106.95999908447266
2023-04-24,AMZN,106.20999908447266
2023-04-25,AMZN,102.56999969482422
2023-04-26,AMZN,104.9800033569336
2023-04-27,AMZN,109.81999969482422
2023-04-28,AMZN,105.44999694824219
2023-05-01,AMZN,102.05000305175781
2023-05-02,AMZN,103.62999725341797
2023-05-03,AMZN,103.6500015258789
2023-05-04,AMZN,104
2023-05-05,AMZN,105.66000366210938
2023-05-08,AMZN,105.83000183105469
2023-05-09,AMZN,106.62000274658203
2023-05-10,AMZN,110.19000244140625
2023-05-11,AMZN,112.18000030517578
2023-05-12,AMZN,110.26000213623047
2023-05-15,AMZN,111.19999694824219
2023-05-16,AMZN,113.4000015258789
2023-05-17,AMZN,115.5
2023-05-18,AMZN,118.1500015258789
2023-05-19,AMZN,116.25
2023-05-22,AMZN,115.01000213623047
2023-05-23,AMZN,114.98999786376953
2023-05-24,AMZN,116.75
2023-05-25,AMZN,115
2023-05-26,AMZN,120.11000061035156
2023-05-30,AMZN,121.66000366210938
2023-05-31,AMZN,120.58000183105469
2023-06-01,AMZN,122.7699966430664
2023-06-02,AMZN,124.25
2023-06-05,AMZN,125.30000305175781
2023-06-06,AMZN,126.61000061035156
2023-06-07,AMZN,121.2300033569336
2023-06-08,AMZN,124.25
2023-06-09,AMZN,123.43000030517578
2023-06-12,AMZN,126.56999969482422
2023-06-13,AMZN,126.66000366210938
2023-06-14,AMZN,126.41999816894531
2023-06-15,AMZN,127.11000061035156
2023-06-16,AMZN,125.48999786376953
2023-06-20,AMZN,125.77999877929688
2023-06-21,AMZN,124.83000183105469
2023-06-22,AMZN,130.14999389648438
2023-06-23,AMZN,129.3300018310547
2023-06-26,AMZN,127.33000183105469
2023-06-27,AMZN,129.17999267578125
2023-06-28,AMZN,129.0399932861328
2023-06-29,AMZN,127.9000015258789
2023-06-30,AMZN,130.36000061035156
2023-07-03,AMZN,130.22000122070313
2023-07-05,AMZN,130.3800048828125
2023-07-06,AMZN,128.36000061035156
2023-07-07,AMZN,129.77999877929688
2023-07-10,AMZN,127.12999725341797
2023-07-11,AMZN,128.77999877929688
2023-07-12,AMZN,130.8000030517578
2023-07-13,AMZN,134.3000030517578
2023-07-14,AMZN,134.67999267578125
2023-07-17,AMZN,133.55999755859375
2023-07-18,AMZN,132.8300018310547
2023-07-19,AMZN,135.36000061035156
2023-07-20,AMZN,129.9600067138672
2023-07-21,AMZN,130
2023-07-24,AMZN,128.8000030517578
2023-07-25,AMZN,129.1300048828125
2023-07-26,AMZN,128.14999389648438
2023-07-27,AMZN,128.25
2023-07-28,AMZN,132.2100067138672
2023-07-31,AMZN,133.67999267578125
2023-08-01,AMZN,131.69000244140625
2023-08-02,AMZN,128.2100067138672
2023-08-03,AMZN,128.91000366210938
2023-08-04,AMZN,139.57000732421875
2023-08-07,AMZN,142.22000122070313
2023-08-08,AMZN,139.94000244140625
2023-08-09,AMZN,137.85000610351563
2023-08-10,AMZN,138.55999755859375
2023-08-11,AMZN,138.41000366210938
2023-08-14,AMZN,140.57000732421875
2023-08-15,AMZN,137.6699981689453
2023-08-16,AMZN,135.07000732421875
2023-08-17,AMZN,133.97999572753906
2023-08-18,AMZN,133.22000122070313
2023-08-21,AMZN,134.67999267578125
2023-08-22,AMZN,134.25
2023-08-23,AMZN,135.52000427246094
2023-08-24,AMZN,131.83999633789063
2023-08-25,AMZN,133.25999450683594
2023-08-28,AMZN,133.13999938964844
2023-08-29,AMZN,134.91000366210938
2023-08-30,AMZN,135.07000732421875
2023-08-31,AMZN,138.00999450683594
2023-09-01,AMZN,138.1199951171875
2023-09-05,AMZN,137.27000427246094
2023-09-06,AMZN,135.36000061035156
2023-09-07,AMZN,137.85000610351563
2023-09-08,AMZN,138.22999572753906
2023-09-11,AMZN,143.10000610351563
2023-09-12,AMZN,141.22999572753906
2023-09-13,AMZN,144.85000610351563
2023-09-14,AMZN,144.72000122070313
2023-09-15,AMZN,140.38999938964844
2023-09-18,AMZN,139.97999572753906
2023-09-19,AMZN,137.6300048828125
2023-09-20,AMZN,135.2899932861328
2023-09-21,AMZN,129.3300018310547
2023-09-22,AMZN,129.1199951171875
2023-09-25,AMZN,131.27000427246094
2023-09-26,AMZN,125.9800033569336
2023-09-27,AMZN,125.9800033569336
2023-09-28,AMZN,125.9800033569336
2023-09-29,AMZN,127.12000274658203
2023-10-02,AMZN,129.4600067138672
2023-10-03,AMZN,124.72000122070313
2023-10-04,AMZN,127
2023-10-05,AMZN,125.95999908447266
2023-10-06,AMZN,127.95999908447266
2023-10-09,AMZN,128.25999450683594
2023-10-10,AMZN,129.47999572753906
2023-10-11,AMZN,131.8300018310547
2023-10-12,AMZN,132.3300018310547
2023-10-13,AMZN,129.7899932861328
2023-10-16,AMZN,132.5500030517578
2023-10-17,AMZN,131.47000122070313
2023-10-18,AMZN,128.1300048828125
2023-10-19,AMZN,128.39999389648438
2023-10-20,AMZN,125.16999816894531
2023-10-23,AMZN,126.55999755859375
2023-10-24,AMZN,128.55999755859375
2023-10-25,AMZN,121.38999938964844
2023-10-26,AMZN,119.56999969482422
2023-10-27,AMZN,127.73999786376953
2023-10-30,AMZN,132.7100067138672
2023-10-31,AMZN,133.08999633789063
2023-11-01,AMZN,137
2023-11-02,AMZN,138.07000732421875
2023-11-03,AMZN,138.60000610351563
2023-11-06,AMZN,139.74000549316406
2023-11-07,AMZN,142.7100067138672
2023-11-08,AMZN,142.0800018310547
2023-11-09,AMZN,140.60000610351563
2023-11-10,AMZN,143.55999755859375
2023-11-13,AMZN,142.58999633789063
2023-11-14,AMZN,145.8000030517578
2023-11-15,AMZN,143.1999969482422
2023-11-16,AMZN,142.8300018310547
2023-11-17,AMZN,145.17999267578125
2023-11-20,AMZN,146.1300048828125
2023-11-21,AMZN,143.89999389648438
2023-11-22,AMZN,146.7100067138672
2023-11-24,AMZN,146.74000549316406
2023-11-27,AMZN,147.72999572753906
2023-11-28,AMZN,147.02999877929688
2023-11-29,AMZN,146.32000732421875
2023-11-30,AMZN,146.08999633789063
2023-12-01,AMZN,147.02999877929688
2023-12-04,AMZN,144.83999633789063
2023-12-05,AMZN,146.8800048828125
2023-12-06,AMZN,144.52000427246094
2023-12-07,AMZN,146.8800048828125
2023-12-08,AMZN,147.4199981689453
2023-12-11,AMZN,145.88999938964844
2023-12-12,AMZN,147.47999572753906
2023-12-13,AMZN,148.83999633789063
2023-12-14,AMZN,147.4199981689453
2023-12-15,AMZN,149.97000122070313
2023-12-18,AMZN,154.07000732421875
2023-12-19,AMZN,153.7899932861328
2023-12-20,AMZN,152.1199951171875
2023-12-21,AMZN,153.83999633789063
2023-12-22,AMZN,153.4199981689453
2023-12-26,AMZN,153.41000366210938
2023-12-27,AMZN,153.33999633789063
2023-12-28,AMZN,153.3800048828125
2023-12-29,AMZN,151.94000244140625
2024-01-02,AMZN,149.92999267578125
2024-01-03,AMZN,148.47000122070313
2024-01-04,AMZN,144.57000732421875
2024-01-05,AMZN,145.24000549316406
2024-01-08,AMZN,149.10000610351563
2024-01-09,AMZN,151.3699951171875
2024-01-10,AMZN,153.72999572753906
2024-01-11,AMZN,155.17999267578125
2024-01-12,AMZN,154.6199951171875
2024-01-16,AMZN,153.16000366210938
2024-01-17,AMZN,151.7100067138672
2024-01-18,AMZN,153.5
2024-01-19,AMZN,155.33999633789063
2024-01-22,AMZN,154.77999877929688
2024-01-23,AMZN,156.02000427246094
2024-01-24,AMZN,156.8699951171875
2024-01-25,AMZN,157.75
2024-01-26,AMZN,159.1199951171875
2024-01-29,AMZN,161.25999450683594
2024-01-30,AMZN,159
2024-01-31,AMZN,155.1999969482422
2024-02-01,AMZN,159.27999877929688
2024-02-02,AMZN,171.80999755859375
2024-02-05,AMZN,170.30999755859375
2024-02-06,AMZN,169.14999389648438
2024-02-07,AMZN,170.52999877929688
2024-02-08,AMZN,169.83999633789063
2024-02-09,AMZN,174.4499969482422
2024-02-12,AMZN,172.33999633789063
2024-02-13,AMZN,168.63999938964844
2024-02-14,AMZN,170.97999572753906
2024-02-15,AMZN,169.8000030517578
2024-02-16,AMZN,169.50999450683594
2024-02-20,AMZN,167.0800018310547
2024-02-21,AMZN,168.58999633789063
2024-02-22,AMZN,174.5800018310547
2024-02-23,AMZN,174.99000549316406
2024-02-26,AMZN,174.72999572753906
2024-02-27,AMZN,173.5399932861328
2024-02-28,AMZN,173.16000366210938
2024-02-29,AMZN,176.75999450683594
2024-03-01,AMZN,178.22000122070313
2024-03-04,AMZN,177.5800018310547
2024-03-05,AMZN,174.1199951171875
2024-03-06,AMZN,173.50999450683594
2024-03-07,AMZN,176.82000732421875
2024-03-08,AMZN,175.35000610351563
2024-03-11,AMZN,171.9600067138672
2024-03-12,AMZN,175.38999938964844
2024-03-13,AMZN,176.55999755859375
2024-03-14,AMZN,178.75
2024-03-15,AMZN,174.4199981689453
2024-03-18,AMZN,174.47999572753906
2024-03-19,AMZN,175.89999389648438
2024-03-20,AMZN,178.14999389648438
2024-03-21,AMZN,178.14999389648438
2024-03-22,AMZN,178.8699951171875
2024-03-25,AMZN,179.7100067138672
2024-03-26,AMZN,178.3000030517578
2024-03-27,AMZN,179.8300018310547
2024-03-28,AMZN,180.3800048828125
2024-04-01,AMZN,180.97000122070313
2024-04-02,AMZN,180.69000244140625
2024-04-03,AMZN,182.41000366210938
2024-04-04,AMZN,180
2024-04-05,AMZN,185.07000732421875
2024-04-08,AMZN,185.19000244140625
2024-04-09,AMZN,185.6699981689453
2024-04-10,AMZN,185.9499969482422
2024-04-11,AMZN,189.0500030517578
2024-04-12,AMZN,186.1300048828125
2024-04-15,AMZN,183.6199951171875
2024-04-16,AMZN,183.32000732421875
2024-04-17,AMZN,181.27999877929688
2024-04-18,AMZN,179.22000122070313
2024-04-19,AMZN,174.6300048828125
2024-04-22,AMZN,177.22999572753906
2024-04-23,AMZN,179.5399932861328
2024-04-24,AMZN,176.58999633789063
2024-04-25,AMZN,173.6699981689453
2024-04-26,AMZN,179.6199951171875
2024-04-29,AMZN,180.9600067138672
2024-04-30,AMZN,175
2024-05-01,AMZN,179
2024-05-02,AMZN,184.72000122070313
2024-05-03,AMZN,186.2100067138672
2024-05-06,AMZN,188.6999969482422
2024-05-07,AMZN,188.75999450683594
2024-05-08,AMZN,188
2024-05-09,AMZN,189.5
2024-05-10,AMZN,187.47999572753906
2024-05-13,AMZN,186.57000732421875
2024-05-14,AMZN,187.07000732421875
2024-05-15,AMZN,185.99000549316406
2024-05-16,AMZN,183.6300048828125
2024-05-17,AMZN,184.6999969482422
2024-05-20,AMZN,183.5399932861328
2024-05-21,AMZN,183.14999389648438
2024-05-22,AMZN,183.1300048828125
2024-05-23,AMZN,181.0500030517578
2024-05-24,AMZN,180.75
2024-05-28,AMZN,182.14999389648438
2024-05-29,AMZN,182.02000427246094
2024-05-30,AMZN,179.32000732421875
2024-05-31,AMZN,176.44000244140625
2024-06-03,AMZN,178.33999633789063
2024-06-04,AMZN,179.33999633789063
2024-06-05,AMZN,181.27999877929688
2024-06-06,AMZN,185
2024-06-07,AMZN,184.3000030517578
2024-06-10,AMZN,187.05999755859375
2024-06-11,AMZN,187.22999572753906
2024-06-12,AMZN,186.88999938964844
2024-06-13,AMZN,183.8300018310547
2024-06-14,AMZN,183.66000366210938
2024-06-17,AMZN,184.05999755859375
2024-06-18,AMZN,182.80999755859375
2024-06-20,AMZN,186.10000610351563
2024-06-21,AMZN,189.0800018310547
2024-06-24,AMZN,185.57000732421875
2024-06-25,AMZN,186.33999633789063
2024-06-26,AMZN,193.61000061035156
2024-06-27,AMZN,197.85000610351563
2024-06-28,AMZN,193.25
2024-07-01,AMZN,197.1999969482422
2024-07-02,AMZN,200
2024-07-03,AMZN,197.58999633789063
2024-07-05,AMZN,200
2024-07-08,AMZN,199.2899932861328
2024-07-09,AMZN,199.33999633789063
2024-07-10,AMZN,199.7899932861328
2024-07-11,AMZN,195.0500030517578
2024-07-12,AMZN,194.49000549316406
2024-07-15,AMZN,192.72000122070313
2024-07-16,AMZN,193.02000427246094
2024-07-17,AMZN,187.92999267578125
2024-07-18,AMZN,183.75
2024-07-19,AMZN,183.1300048828125
2024-07-22,AMZN,182.5500030517578
2024-07-23,AMZN,186.41000366210938
2024-07-24,AMZN,180.8300018310547
2024-07-25,AMZN,179.85000610351563
2024-07-26,AMZN,182.5
2024-07-29,AMZN,183.1999969482422
2024-07-30,AMZN,181.7100067138672
2024-07-31,AMZN,186.97999572753906
2024-08-01,AMZN,184.07000732421875
2024-08-02,AMZN,167.89999389648438
2024-08-05,AMZN,161.02000427246094
2024-08-06,AMZN,161.92999267578125
2024-08-07,AMZN,162.77000427246094
2024-08-08,AMZN,165.8000030517578
2024-08-09,AMZN,166.94000244140625
2024-08-12,AMZN,166.8000030517578
2024-08-13,AMZN,170.22999572753906
2024-08-14,AMZN,170.10000610351563
2024-08-15,AMZN,177.58999633789063
2024-08-16,AMZN,177.05999755859375
2024-08-19,AMZN,178.22000122070313
2024-08-20,AMZN,178.8800048828125
2024-08-21,AMZN,180.11000061035156
2024-08-22,AMZN,176.1300048828125
2024-08-23,AMZN,177.0399932861328
2024-08-26,AMZN,175.5
2024-08-27,AMZN,173.1199951171875
2024-08-28,AMZN,170.8000030517578
2024-08-29,AMZN,172.1199951171875
2024-08-30,AMZN,178.5
2024-09-03,AMZN,176.25
2024-09-04,AMZN,173.3300018310547
2024-09-05,AMZN,177.88999938964844
2024-09-06,AMZN,171.38999938964844
2024-09-09,AMZN,175.39999389648438
2024-09-10,AMZN,179.5500030517578
2024-09-11,AMZN,184.52000427246094
2024-09-12,AMZN,187
2024-09-13,AMZN,186.49000549316406
2024-09-16,AMZN,184.88999938964844
2024-09-17,AMZN,186.8800048828125
2024-09-18,AMZN,186.42999267578125
2024-09-19,AMZN,189.8699951171875
2024-09-20,AMZN,191.60000610351563
2024-09-23,AMZN,193.8800048828125
2024-09-24,AMZN,193.9600067138672
2024-09-25,AMZN,192.52999877929688
2024-09-26,AMZN,191.16000366210938
2024-09-27,AMZN,187.97000122070313
2024-09-30,AMZN,186.3300018310547
2024-10-01,AMZN,185.1300048828125
2024-10-02,AMZN,184.75999450683594
2024-10-03,AMZN,181.9600067138672
2024-10-04,AMZN,186.50999450683594
2024-10-07,AMZN,180.8000030517578
2024-10-08,AMZN,182.72000122070313
2024-10-09,AMZN,185.1699981689453
2024-10-10,AMZN,186.64999389648438
2024-10-11,AMZN,188.82000732421875
2024-10-14,AMZN,187.5399932861328
2024-10-15,AMZN,187.69000244140625
2024-10-16,AMZN,186.88999938964844
2024-10-17,AMZN,187.52999877929688
2024-10-18,AMZN,188.99000549316406
2024-10-21,AMZN,189.07000732421875
2024-10-22,AMZN,189.6999969482422
2024-10-23,AMZN,184.7100067138672
2024-10-24,AMZN,186.3800048828125
2024-10-25,AMZN,187.8300018310547
2024-10-28,AMZN,188.38999938964844
2024-10-29,AMZN,190.8300018310547
2024-10-30,AMZN,192.72999572753906
2024-10-31,AMZN,186.39999389648438
2024-11-01,AMZN,197.92999267578125
2024-11-04,AMZN,195.77999877929688
2024-11-05,AMZN,199.5
2024-11-06,AMZN,207.08999633789063
2024-11-07,AMZN,210.0500030517578
2024-11-08,AMZN,208.17999267578125
2024-11-11,AMZN,206.83999633789063
2024-11-12,AMZN,208.91000366210938
2024-11-13,AMZN,214.10000610351563
2024-11-14,AMZN,211.47999572753906
2024-11-15,AMZN,202.61000061035156
2024-11-18,AMZN,201.6999969482422
2024-11-19,AMZN,204.61000061035156
2024-11-20,AMZN,202.8800048828125
2024-11-21,AMZN,198.3800048828125
2024-11-22,AMZN,197.1199951171875
2024-11-25,AMZN,201.4499969482422
2024-11-26,AMZN,207.86000061035156
2024-11-27,AMZN,205.74000549316406
2024-11-29,AMZN,207.88999938964844
2024-12-02,AMZN,210.7100067138672
2024-12-03,AMZN,213.44000244140625
2024-12-04,AMZN,218.16000366210938
2024-12-05,AMZN,220.5500030517578
2024-12-06,AMZN,227.02999877929688
2024-12-09,AMZN,226.08999633789063
2024-12-10,AMZN,225.0399932861328
2024-12-11,AMZN,230.25999450683594
2024-12-12,AMZN,228.97000122070313
2024-12-13,AMZN,227.4600067138672
2024-12-16,AMZN,232.92999267578125
2024-12-17,AMZN,231.14999389648438
2024-12-18,AMZN,220.52000427246094
2024-12-19,AMZN,223.2899932861328
2024-12-20,AMZN,224.9199981689453
2024-12-23,AMZN,225.05999755859375
2024-12-24,AMZN,229.0500030517578
2024-12-26,AMZN,227.0500030517578
2024-12-27,AMZN,223.75
2024-12-30,AMZN,221.3000030517578
2024-12-31,AMZN,219.38999938964844
2025-01-02,AMZN,220.22000122070313
2025-01-03,AMZN,224.19000244140625
2025-01-06,AMZN,227.61000061035156
2025-01-07,AMZN,222.11000061035156
2025-01-08,AMZN,222.1300048828125
2025-01-10,AMZN,218.94000244140625
2025-01-13,AMZN,218.4600067138672
2025-01-14,AMZN,217.75999450683594
2025-01-15,AMZN,223.35000610351563
2025-01-16,AMZN,220.66000366210938
2025-01-17,AMZN,225.94000244140625
2025-01-21,AMZN,230.7100067138672
2025-01-22,AMZN,235.00999450683594
2025-01-23,AMZN,235.4199981689453
2025-01-24,AMZN,234.85000610351563
2025-01-27,AMZN,235.4199981689453
2025-01-28,AMZN,238.14999389648438
2025-01-29,AMZN,237.07000732421875
2025-01-30,AMZN,234.63999938964844
2025-01-31,AMZN,237.67999267578125
2025-02-03,AMZN,237.4199981689453
2025-02-04,AMZN,242.05999755859375
2025-02-05,AMZN,236.1699981689453
2025-02-06,AMZN,238.8300018310547
2025-02-07,AMZN,229.14999389648438
2025-02-10,AMZN,233.13999938964844
2025-02-11,AMZN,232.75999450683594
2025-02-12,AMZN,228.92999267578125
2025-02-13,AMZN,230.3699951171875
2025-02-14,AMZN,228.67999267578125
2025-02-18,AMZN,226.64999389648438
2025-02-19,AMZN,226.6300048828125
2025-02-20,AMZN,222.8800048828125
2025-02-21,AMZN,216.5800018310547
2025-02-24,AMZN,212.7100067138672
2025-02-25,AMZN,212.8000030517578
2025-02-26,AMZN,214.35000610351563
2025-02-27,AMZN,208.74000549316406
2025-02-28,AMZN,212.27999877929688
2025-03-03,AMZN,205.02000427246094
2025-03-04,AMZN,203.8000030517578
2025-03-05,AMZN,208.36000061035156
2025-03-06,AMZN,200.6999969482422
2025-03-07,AMZN,199.25
2025-03-10,AMZN,194.5399932861328
2025-03-11,AMZN,196.58999633789063
2025-03-12,AMZN,198.88999938964844
2025-03-13,AMZN,193.88999938964844
2025-03-14,AMZN,197.9499969482422
2025-03-17,AMZN,195.74000549316406
2025-03-18,AMZN,192.82000732421875
2025-03-19,AMZN,195.5399932861328
2025-03-20,AMZN,194.9499969482422
2025-03-21,AMZN,196.2100067138672
2025-03-24,AMZN,203.25999450683594
2025-03-25,AMZN,205.7100067138672
2025-03-26,AMZN,201.1300048828125
2025-03-27,AMZN,201.36000061035156
2025-03-28,AMZN,192.72000122070313
2025-03-31,AMZN,190.25999450683594
2025-04-01,AMZN,192.1699981689453
2025-04-02,AMZN,196.00999450683594
2025-04-03,AMZN,178.41000366210938
2025-04-04,AMZN,171
2025-04-07,AMZN,175.25999450683594
2025-04-08,AMZN,170.66000366210938
2025-04-09,AMZN,191.10000610351563
2025-04-10,AMZN,181.22000122070313
2025-04-11,AMZN,184.8699951171875
2025-04-14,AMZN,182.1199951171875
2025-04-15,AMZN,179.58999633789063
2025-04-16,AMZN,174.3300018310547
2025-04-17,AMZN,172.61000061035156
2025-04-21,AMZN,167.32000732421875
2025-04-22,AMZN,173.17999267578125
2025-04-23,AMZN,180.60000610351563
2025-04-24,AMZN,186.5399932861328
2025-04-25,AMZN,188.99000549316406
2025-04-28,AMZN,187.6999969482422
2025-04-29,AMZN,187.38999938964844
2025-04-30,AMZN,184.4199981689453
2025-05-01,AMZN,190.1999969482422
2025-05-02,AMZN,189.97999572753906
2025-05-05,AMZN,186.35000610351563
2025-05-06,AMZN,185.00999450683594
2025-05-07,AMZN,188.7100067138672
2025-05-08,AMZN,192.0800018310547
2025-05-09,AMZN,193.05999755859375
2025-05-12,AMZN,208.63999938964844
2025-05-13,AMZN,211.3699951171875
2025-05-14,AMZN,210.25
2025-05-15,AMZN,205.1699981689453
2025-05-16,AMZN,205.58999633789063
2025-05-19,AMZN,206.16000366210938
2025-05-20,AMZN,204.07000732421875
2025-05-21,AMZN,201.1199951171875
2025-05-22,AMZN,203.10000610351563
2025-05-23,AMZN,200.99000549316406
2025-05-27,AMZN,206.02000427246094
2025-05-28,AMZN,204.72000122070313
2025-05-29,AMZN,205.6999969482422
2025-05-30,AMZN,205.00999450683594
2025-06-02,AMZN,206.64999389648438
2025-06-03,AMZN,205.7100067138672
2025-06-04,AMZN,207.22999572753906
2025-06-05,AMZN,207.91000366210938
2025-06-06,AMZN,213.57000732421875
2025-06-09,AMZN,216.97999572753906
2025-06-10,AMZN,217.61000061035156
2025-06-11,AMZN,213.1999969482422
2025-06-12,AMZN,213.24000549316406
2025-06-13,AMZN,212.10000610351563
2025-06-16,AMZN,216.10000610351563
2025-06-17,AMZN,214.82000732421875
2025-06-18,AMZN,212.52000427246094
2025-06-20,AMZN,209.69000244140625
2025-06-23,AMZN,208.47000122070313
2025-06-24,AMZN,212.77000427246094
2025-06-25,AMZN,211.99000549316406
2025-06-26,AMZN,217.1199951171875
2025-06-27,AMZN,223.3000030517578
2025-06-30,AMZN,219.38999938964844
2025-07-01,AMZN,220.4600067138672
2025-07-02,AMZN,219.9199981689453
2025-07-03,AMZN,223.41000366210938
2025-07-07,AMZN,223.47000122070313
2025-07-08,AMZN,219.36000061035156
2025-07-09,AMZN,222.5399932861328
2025-07-10,AMZN,222.25999450683594
2025-07-11,AMZN,225.02000427246094
2025-07-14,AMZN,225.69000244140625
2025-07-15,AMZN,226.35000610351563
2025-07-16,AMZN,223.19000244140625
2025-07-17,AMZN,223.8800048828125
2025-07-18,AMZN,226.1300048828125
2025-07-21,AMZN,229.3000030517578
2025-07-22,AMZN,227.47000122070313
2025-07-23,AMZN,228.2899932861328
2025-07-24,AMZN,232.22999572753906
2025-07-25,AMZN,231.44000244140625
2025-07-28,AMZN,232.7899932861328
2025-07-29,AMZN,231.00999450683594
2025-07-30,AMZN,230.19000244140625
2025-07-31,AMZN,234.11000061035156
2025-08-01,AMZN,214.75
2025-08-04,AMZN,211.64999389648438
2025-08-05,AMZN,213.75
2025-08-06,AMZN,222.30999755859375
2025-08-07,AMZN,223.1300048828125
2025-08-08,AMZN,222.69000244140625
2025-08-11,AMZN,221.3000030517578
2025-08-12,AMZN,221.47000122070313
2025-08-13,AMZN,224.55999755859375
2025-08-14,AMZN,230.97999572753906
2025-08-15,AMZN,231.02999877929688
2025-08-18,AMZN,231.49000549316406
2025-08-19,AMZN,228.00999450683594
2025-08-20,AMZN,223.80999755859375
2025-08-21,AMZN,221.9499969482422
2025-08-22,AMZN,228.83999633789063
2025-08-25,AMZN,227.94000244140625
2025-08-26,AMZN,228.7100067138672
2025-08-27,AMZN,229.1199951171875
2025-08-28,AMZN,231.60000610351563
2025-08-29,AMZN,229
2025-09-02,AMZN,225.33999633789063
2025-09-03,AMZN,225.99000549316406
2025-09-04,AMZN,235.67999267578125
2025-09-05,AMZN,232.3300018310547
2025-09-08,AMZN,235.83999633789063
2025-09-09,AMZN,238.24000549316406
2025-09-10,AMZN,230.3300018310547
2025-09-11,AMZN,229.9499969482422
2025-09-12,AMZN,228.14999389648438
2025-09-15,AMZN,231.42999267578125
2025-09-16,AMZN,234.0500030517578
2025-09-17,AMZN,231.6199951171875
2025-09-18,AMZN,231.22999572753906
2025-09-19,AMZN,231.47999572753906
2025-09-22,AMZN,227.6300048828125
2025-09-23,AMZN,220.7100067138672
2025-09-24,AMZN,220.2100067138672
2025-09-25,AMZN,218.14999389648438
2025-09-26,AMZN,219.77999877929688
2025-09-29,AMZN,222.1699981689453
2025-09-30,AMZN,219.57000732421875
2025-10-01,AMZN,220.6300048828125
2025-10-02,AMZN,222.41000366210938
2025-10-03,AMZN,219.50999450683594
2025-10-06,AMZN,220.89999389648438
2025-10-07,AMZN,221.77999877929688
2025-10-08,AMZN,225.22000122070313
2025-10-09,AMZN,227.74000549316406
2025-10-10,AMZN,216.3699951171875
2025-10-13,AMZN,220.07000732421875
2025-10-14,AMZN,216.38999938964844
2025-10-15,AMZN,215.57000732421875
2025-10-16,AMZN,214.47000122070313
2025-10-17,AMZN,213.0399932861328
2025-10-20,AMZN,216.47999572753906
2025-10-21,AMZN,222.02999877929688
2025-10-22,AMZN,217.9499969482422
2025-10-23,AMZN,221.08999633789063
2025-10-24,AMZN,224.2100067138672
2025-10-27,AMZN,226.97000122070313
2025-10-28,AMZN,229.25
2025-10-29,AMZN,230.3000030517578
2025-10-30,AMZN,222.86000061035156
2025-10-31,AMZN,244.22000122070313
2025-11-03,AMZN,254
2025-11-04,AMZN,249.32000732421875
2025-11-05,AMZN,250.1999969482422
2025-11-06,AMZN,243.0399932861328
2025-11-07,AMZN,244.41000366210938
2025-11-10,AMZN,248.39999389648438
2025-11-11,AMZN,249.10000610351563
2025-11-12,AMZN,244.1999969482422
2025-11-13,AMZN,237.5800018310547
2025-11-14,AMZN,234.69000244140625
2025-11-17,AMZN,232.8699951171875
2025-11-18,AMZN,222.5500030517578
2025-11-19,AMZN,222.69000244140625
2025-11-20,AMZN,217.13999938964844
2025-11-21,AMZN,220.69000244140625
2025-11-24,AMZN,226.27999877929688
2025-11-25,AMZN,229.6699981689453
2025-11-26,AMZN,229.16000366210938
2025-11-28,AMZN,233.22000122070313
2025-12-01,AMZN,233.8800048828125
2025-12-02,AMZN,234.4199981689453
2025-12-03,AMZN,232.3800048828125
2025-12-04,AMZN,229.11000061035156
2025-12-05,AMZN,229.52999877929688
2025-12-08,AMZN,226.88999938964844
2025-12-09,AMZN,227.9199981689453
2025-12-10,AMZN,231.77999877929688
2025-12-11,AMZN,230.27999877929688
2025-12-12,AMZN,226.19000244140625
2025-12-15,AMZN,222.5399932861328
2025-12-16,AMZN,222.55999755859375
2025-12-17,AMZN,221.27000427246094
2025-12-18,AMZN,226.75999450683594
2025-12-19,AMZN,227.35000610351563
2025-12-22,AMZN,228.42999267578125
2025-12-23,AMZN,232.13999938964844
2025-12-24,AMZN,232.3800048828125
2025-12-26,AMZN,232.52000427246094
2025-12-29,AMZN,232.07000732421875
2025-12-30,AMZN,232.52999877929688
2017-01-03,TSLA,14.465999603271484
2017-01-04,TSLA,15.13266658782959
2017-01-05,TSLA,15.116666793823242
2017-01-06,TSLA,15.267333030700684
2017-01-09,TSLA,15.41866683959961
2017-01-10,TSLA,15.324666976928711
2017-01-11,TSLA,15.315333366394043
2017-01-12,TSLA,15.305999755859375
2017-01-13,TSLA,15.850000381469727
2017-01-17,TSLA,15.70533275604248
2017-01-18,TSLA,15.890666961669922
2017-01-19,TSLA,16.250667572021484
2017-01-20,TSLA,16.315332412719727
2017-01-23,TSLA,16.594667434692383
2017-01-24,TSLA,16.974000930786133
2017-01-25,TSLA,16.96466636657715
2017-01-26,TSLA,16.833999633789063
2017-01-27,TSLA,16.863332748413086
2017-01-30,TSLA,16.708667755126953
2017-01-31,TSLA,16.795333862304688
2017-02-01,TSLA,16.615999221801758
2017-02-02,TSLA,16.770000457763672
2017-02-03,TSLA,16.755332946777344
2017-02-06,TSLA,17.184667587280273
2017-02-07,TSLA,17.165332794189453
2017-02-08,TSLA,17.472000122070313
2017-02-09,TSLA,17.946666717529297
2017-02-10,TSLA,17.948667526245117
2017-02-13,TSLA,18.706666946411133
2017-02-14,TSLA,18.73200035095215
2017-02-15,TSLA,18.650667190551758
2017-02-16,TSLA,17.93000030517578
2017-02-17,TSLA,18.148666381835938
2017-02-21,TSLA,18.492666244506836
2017-02-22,TSLA,18.233999252319336
2017-02-23,TSLA,17.06599998474121
2017-02-24,TSLA,17.133333206176758
2017-02-27,TSLA,16.415332794189453
2017-02-28,TSLA,16.666000366210938
2017-03-01,TSLA,16.667999267578125
2017-03-02,TSLA,16.698667526245117
2017-03-03,TSLA,16.771333694458008
2017-03-06,TSLA,16.747333526611328
2017-03-07,TSLA,16.57266616821289
2017-03-08,TSLA,16.45800018310547
2017-03-09,TSLA,16.32666778564453
2017-03-10,TSLA,16.246000289916992
2017-03-13,TSLA,16.411333084106445
2017-03-14,TSLA,17.200000762939453
2017-03-15,TSLA,17.048667907714844
2017-03-16,TSLA,17.469999313354492
2017-03-17,TSLA,17.433332443237305
2017-03-20,TSLA,17.461332321166992
2017-03-21,TSLA,16.711999893188477
2017-03-22,TSLA,17.000667572021484
2017-03-23,TSLA,16.985332489013672
2017-03-24,TSLA,17.54400062561035
2017-03-27,TSLA,18.014667510986328
2017-03-28,TSLA,18.496667861938477
2017-03-29,TSLA,18.492000579833984
2017-03-30,TSLA,18.527999877929688
2017-03-31,TSLA,18.553333282470703
2017-04-03,TSLA,19.90133285522461
2017-04-04,TSLA,20.246667861938477
2017-04-05,TSLA,19.666667938232422
2017-04-06,TSLA,19.913333892822266
2017-04-07,TSLA,20.16933250427246
2017-04-10,TSLA,20.826000213623047
2017-04-11,TSLA,20.58066749572754
2017-04-12,TSLA,19.78933334350586
2017-04-13,TSLA,20.266666412353516
2017-04-17,TSLA,20.09600067138672
2017-04-18,TSLA,20.016666412353516
2017-04-19,TSLA,20.368000030517578
2017-04-20,TSLA,20.167333602905273
2017-04-21,TSLA,20.373332977294922
2017-04-24,TSLA,20.53533363342285
2017-04-25,TSLA,20.91933250427246
2017-04-26,TSLA,20.67799949645996
2017-04-27,TSLA,20.575332641601563
2017-04-28,TSLA,20.937999725341797
2017-05-01,TSLA,21.52199935913086
2017-05-02,TSLA,21.25933265686035
2017-05-03,TSLA,20.73466682434082
2017-05-04,TSLA,19.69733238220215
2017-05-05,TSLA,20.55666732788086
2017-05-08,TSLA,20.479333877563477
2017-05-09,TSLA,21.417333602905273
2017-05-10,TSLA,21.681333541870117
2017-05-11,TSLA,21.540000915527344
2017-05-12,TSLA,21.65399932861328
2017-05-15,TSLA,21.058666229248047
2017-05-16,TSLA,21.134000778198242
2017-05-17,TSLA,20.407333374023438
2017-05-18,TSLA,20.87066650390625
2017-05-19,TSLA,20.722000122070313
2017-05-22,TSLA,20.690000534057617
2017-05-23,TSLA,20.257333755493164
2017-05-24,TSLA,20.681333541870117
2017-05-25,TSLA,21.121999740600586
2017-05-26,TSLA,21.676000595092773
2017-05-30,TSLA,22.34000015258789
2017-05-31,TSLA,22.733999252319336
2017-06-01,TSLA,22.691333770751953
2017-06-02,TSLA,22.656667709350586
2017-06-05,TSLA,23.154666900634766
2017-06-06,TSLA,23.523332595825195
2017-06-07,TSLA,23.976667404174805
2017-06-08,TSLA,24.666667938232422
2017-06-09,TSLA,23.821332931518555
2017-06-12,TSLA,23.93400001525879
2017-06-13,TSLA,25.06333351135254
2017-06-14,TSLA,25.37733268737793
2017-06-15,TSLA,25.022666931152344
2017-06-16,TSLA,24.760000228881836
2017-06-19,TSLA,24.65333366394043
2017-06-20,TSLA,24.81599998474121
2017-06-21,TSLA,25.093332290649414
2017-06-22,TSLA,25.507333755493164
2017-06-23,TSLA,25.56333351135254
2017-06-26,TSLA,25.166000366210938
2017-06-27,TSLA,24.158000946044922
2017-06-28,TSLA,24.749332427978516
2017-06-29,TSLA,24.049999237060547
2017-06-30,TSLA,24.107332229614258
2017-07-03,TSLA,23.507999420166016
2017-07-05,TSLA,21.805999755859375
2017-07-06,TSLA,20.588666915893555
2017-07-07,TSLA,20.881332397460938
2017-07-10,TSLA,21.06999969482422
2017-07-11,TSLA,21.814666748046875
2017-07-12,TSLA,21.968000411987305
2017-07-13,TSLA,21.560667037963867
2017-07-14,TSLA,21.851999282836914
2017-07-17,TSLA,21.30466651916504
2017-07-18,TSLA,21.882667541503906
2017-07-19,TSLA,21.68400001525879
2017-07-20,TSLA,21.994667053222656
2017-07-21,TSLA,21.893333435058594
2017-07-24,TSLA,22.834667205810547
2017-07-25,TSLA,22.639999389648438
2017-07-26,TSLA,22.92333221435547
2017-07-27,TSLA,22.297332763671875
2017-07-28,TSLA,22.33799934387207
2017-07-31,TSLA,21.564666748046875
2017-08-01,TSLA,21.30466651916504
2017-08-02,TSLA,21.72599983215332
2017-08-03,TSLA,23.139333724975586
2017-08-04,TSLA,23.79400062561035
2017-08-07,TSLA,23.67799949645996
2017-08-08,TSLA,24.347999572753906
2017-08-09,TSLA,24.235332489013672
2017-08-10,TSLA,23.69333267211914
2017-08-11,TSLA,23.857999801635742
2017-08-14,TSLA,24.253332138061523
2017-08-15,TSLA,24.155332565307617
2017-08-16,TSLA,24.194000244140625
2017-08-17,TSLA,23.461332321166992
2017-08-18,TSLA,23.163999557495117
2017-08-21,TSLA,22.52400016784668
2017-08-22,TSLA,22.75666618347168
2017-08-23,TSLA,23.51799964904785
2017-08-24,TSLA,23.528667449951172
2017-08-25,TSLA,23.203332901000977
2017-08-28,TSLA,23.04400062561035
2017-08-29,TSLA,23.157333374023438
2017-08-30,TSLA,23.545333862304688
2017-08-31,TSLA,23.726667404174805
2017-09-01,TSLA,23.69333267211914
2017-09-05,TSLA,23.305999755859375
2017-09-06,TSLA,22.968666076660156
2017-09-07,TSLA,23.374000549316406
2017-09-08,TSLA,22.893333435058594
2017-09-11,TSLA,24.246000289916992
2017-09-12,TSLA,24.183332443237305
2017-09-13,TSLA,24.415332794189453
2017-09-14,TSLA,25.176000595092773
2017-09-15,TSLA,25.320667266845703
2017-09-18,TSLA,25.666667938232422
2017-09-19,TSLA,25.00666618347168
2017-09-20,TSLA,24.92733383178711
2017-09-21,TSLA,24.43199920654297
2017-09-22,TSLA,23.4060001373291
2017-09-25,TSLA,22.999332427978516
2017-09-26,TSLA,23.016666412353516
2017-09-27,TSLA,22.731332778930664
2017-09-28,TSLA,22.639999389648438
2017-09-29,TSLA,22.739999771118164
2017-10-02,TSLA,22.768667221069336
2017-10-03,TSLA,23.209333419799805
2017-10-04,TSLA,23.667333602905273
2017-10-05,TSLA,23.68866729736328
2017-10-06,TSLA,23.79199981689453
2017-10-09,TSLA,22.862667083740234
2017-10-10,TSLA,23.70599937438965
2017-10-11,TSLA,23.639999389648438
2017-10-12,TSLA,23.711999893188477
2017-10-13,TSLA,23.704666137695313
2017-10-16,TSLA,23.373332977294922
2017-10-17,TSLA,23.71666717529297
2017-10-18,TSLA,23.976667404174805
2017-10-19,TSLA,23.45400047302246
2017-10-20,TSLA,23.00666618347168
2017-10-23,TSLA,22.468000411987305
2017-10-24,TSLA,22.48933219909668
2017-10-25,TSLA,21.722667694091797
2017-10-26,TSLA,21.744667053222656
2017-10-27,TSLA,21.391332626342773
2017-10-30,TSLA,21.338666915893555
2017-10-31,TSLA,22.101999282836914
2017-11-01,TSLA,21.405332565307617
2017-11-02,TSLA,19.950666427612305
2017-11-03,TSLA,20.4060001373291
2017-11-06,TSLA,20.185333251953125
2017-11-07,TSLA,20.40333366394043
2017-11-08,TSLA,20.292667388916016
2017-11-09,TSLA,20.19933319091797
2017-11-10,TSLA,20.19933319091797
2017-11-13,TSLA,21.02666664123535
2017-11-14,TSLA,20.579999923706055
2017-11-15,TSLA,20.753332138061523
2017-11-16,TSLA,20.833332061767578
2017-11-17,TSLA,21.003332138061523
2017-11-20,TSLA,20.582666397094727
2017-11-21,TSLA,21.187332153320313
2017-11-22,TSLA,20.84000015258789
2017-11-24,TSLA,21.036666870117188
2017-11-27,TSLA,21.12066650390625
2017-11-28,TSLA,21.170000076293945
2017-11-29,TSLA,20.502666473388672
2017-11-30,TSLA,20.59000015258789
2017-12-01,TSLA,20.435333251953125
2017-12-04,TSLA,20.34666633605957
2017-12-05,TSLA,20.246667861938477
2017-12-06,TSLA,20.884000778198242
2017-12-07,TSLA,20.749332427978516
2017-12-08,TSLA,21.0086669921875
2017-12-11,TSLA,21.92733383178711
2017-12-12,TSLA,22.735332489013672
2017-12-13,TSLA,22.601999282836914
2017-12-14,TSLA,22.525999069213867
2017-12-15,TSLA,22.89666748046875
2017-12-18,TSLA,22.591333389282227
2017-12-19,TSLA,22.073333740234375
2017-12-20,TSLA,21.93199920654297
2017-12-21,TSLA,22.110666275024414
2017-12-22,TSLA,21.68000030517578
2017-12-26,TSLA,21.152666091918945
2017-12-27,TSLA,20.775999069213867
2017-12-28,TSLA,21.02400016784668
2017-12-29,TSLA,20.75666618347168
2018-01-02,TSLA,21.368667602539063
2018-01-03,TSLA,21.149999618530273
2018-01-04,TSLA,20.974666595458984
2018-01-05,TSLA,21.10533332824707
2018-01-08,TSLA,22.42733383178711
2018-01-09,TSLA,22.246000289916992
2018-01-10,TSLA,22.31999969482422
2018-01-11,TSLA,22.530000686645508
2018-01-12,TSLA,22.4146671295166
2018-01-16,TSLA,22.67066764831543
2018-01-17,TSLA,23.143999099731445
2018-01-18,TSLA,22.971332550048828
2018-01-19,TSLA,23.334667205810547
2018-01-22,TSLA,23.437332153320313
2018-01-23,TSLA,23.519332885742188
2018-01-24,TSLA,23.05933380126953
2018-01-25,TSLA,22.50933265686035
2018-01-26,TSLA,22.856666564941406
2018-01-29,TSLA,23.302000045776367
2018-01-30,TSLA,23.05466651916504
2018-01-31,TSLA,23.62066650390625
2018-02-01,TSLA,23.28333282470703
2018-02-02,TSLA,22.916667938232422
2018-02-05,TSLA,22.208667755126953
2018-02-06,TSLA,22.264667510986328
2018-02-07,TSLA,23
2018-02-08,TSLA,21.01533317565918
2018-02-09,TSLA,20.69466781616211
2018-02-12,TSLA,21.048667907714844
2018-02-13,TSLA,21.577333450317383
2018-02-14,TSLA,21.487333297729492
2018-02-15,TSLA,22.271333694458008
2018-02-16,TSLA,22.365999221801758
2018-02-20,TSLA,22.31800079345703
2018-02-21,TSLA,22.219999313354492
2018-02-22,TSLA,23.077999114990234
2018-02-23,TSLA,23.469999313354492
2018-02-26,TSLA,23.827999114990234
2018-02-27,TSLA,23.39933204650879
2018-02-28,TSLA,22.87066650390625
2018-03-01,TSLA,22.062000274658203
2018-03-02,TSLA,22.341333389282227
2018-03-05,TSLA,22.22333335876465
2018-03-06,TSLA,21.8799991607666
2018-03-07,TSLA,22.15333366394043
2018-03-08,TSLA,21.940000534057617
2018-03-09,TSLA,21.81133270263672
2018-03-12,TSLA,23.034000396728516
2018-03-13,TSLA,22.78933334350586
2018-03-14,TSLA,21.775333404541016
2018-03-15,TSLA,21.706666946411133
2018-03-16,TSLA,21.42333221435547
2018-03-19,TSLA,20.90399932861328
2018-03-20,TSLA,20.703332901000977
2018-03-21,TSLA,21.101999282836914
2018-03-22,TSLA,20.606666564941406
2018-03-23,TSLA,20.1026668548584
2018-03-26,TSLA,20.278667449951172
2018-03-27,TSLA,18.61199951171875
2018-03-28,TSLA,17.185333251953125
2018-03-29,TSLA,17.742000579833984
2018-04-02,TSLA,16.832000732421875
2018-04-03,TSLA,17.8353328704834
2018-04-04,TSLA,19.12933349609375
2018-04-05,TSLA,20.381332397460938
2018-04-06,TSLA,19.953332901000977
2018-04-09,TSLA,19.310667037963867
2018-04-10,TSLA,20.31333351135254
2018-04-11,TSLA,20.062000274658203
2018-04-12,TSLA,19.60533332824707
2018-04-13,TSLA,20.022666931152344
2018-04-16,TSLA,19.413999557495117
2018-04-17,TSLA,19.179332733154297
2018-04-18,TSLA,19.55666732788086
2018-04-19,TSLA,20.005332946777344
2018-04-20,TSLA,19.349332809448242
2018-04-23,TSLA,18.891332626342773
2018-04-24,TSLA,18.8973331451416
2018-04-25,TSLA,18.71266746520996
2018-04-26,TSLA,19.031999588012695
2018-04-27,TSLA,19.60533332824707
2018-04-30,TSLA,19.593332290649414
2018-05-01,TSLA,19.994667053222656
2018-05-02,TSLA,20.07666778564453
2018-05-03,TSLA,18.963333129882813
2018-05-04,TSLA,19.606000900268555
2018-05-07,TSLA,20.184667587280273
2018-05-08,TSLA,20.131332397460938
2018-05-09,TSLA,20.456666946411133
2018-05-10,TSLA,20.334667205810547
2018-05-11,TSLA,20.070667266845703
2018-05-14,TSLA,19.46466636657715
2018-05-15,TSLA,18.94533348083496
2018-05-16,TSLA,19.09866714477539
2018-05-17,TSLA,18.96933364868164
2018-05-18,TSLA,18.454666137695313
2018-05-21,TSLA,18.965999603271484
2018-05-22,TSLA,18.333999633789063
2018-05-23,TSLA,18.60466766357422
2018-05-24,TSLA,18.523332595825195
2018-05-25,TSLA,18.59000015258789
2018-05-29,TSLA,18.917333602905273
2018-05-30,TSLA,19.447999954223633
2018-05-31,TSLA,18.98200035095215
2018-06-01,TSLA,19.454666137695313
2018-06-04,TSLA,19.78266716003418
2018-06-05,TSLA,19.408666610717773
2018-06-06,TSLA,21.299999237060547
2018-06-07,TSLA,21.07266616821289
2018-06-08,TSLA,21.17733383178711
2018-06-11,TSLA,22.139999389648438
2018-06-12,TSLA,22.851333618164063
2018-06-13,TSLA,22.985332489013672
2018-06-14,TSLA,23.847999572753906
2018-06-15,TSLA,23.878000259399414
2018-06-18,TSLA,24.722000122070313
2018-06-19,TSLA,23.503332138061523
2018-06-20,TSLA,24.148000717163086
2018-06-21,TSLA,23.167333602905273
2018-06-22,TSLA,22.242000579833984
2018-06-25,TSLA,22.200666427612305
2018-06-26,TSLA,22.799999237060547
2018-06-27,TSLA,22.96666717529297
2018-06-28,TSLA,23.32866668701172
2018-06-29,TSLA,22.863332748413086
2018-07-02,TSLA,22.33799934387207
2018-07-03,TSLA,20.724000930786133
2018-07-05,TSLA,20.610666275024414
2018-07-06,TSLA,20.593332290649414
2018-07-09,TSLA,21.233999252319336
2018-07-10,TSLA,21.49799919128418
2018-07-11,TSLA,21.263999938964844
2018-07-12,TSLA,21.11400032043457
2018-07-13,TSLA,21.257999420166016
2018-07-16,TSLA,20.67333221435547
2018-07-17,TSLA,21.512666702270508
2018-07-18,TSLA,21.59000015258789
2018-07-19,TSLA,21.34866714477539
2018-07-20,TSLA,20.905332565307617
2018-07-23,TSLA,20.213333129882813
2018-07-24,TSLA,19.82866668701172
2018-07-25,TSLA,20.582666397094727
2018-07-26,TSLA,20.44333267211914
2018-07-27,TSLA,19.812000274658203
2018-07-30,TSLA,19.344667434692383
2018-07-31,TSLA,19.875999450683594
2018-08-01,TSLA,20.055999755859375
2018-08-02,TSLA,23.30266761779785
2018-08-03,TSLA,23.211332321166992
2018-08-06,TSLA,22.799333572387695
2018-08-07,TSLA,25.30466651916504
2018-08-08,TSLA,24.689332962036133
2018-08-09,TSLA,23.496667861938477
2018-08-10,TSLA,23.69933319091797
2018-08-13,TSLA,23.76066780090332
2018-08-14,TSLA,23.176000595092773
2018-08-15,TSLA,22.57933235168457
2018-08-16,TSLA,22.363332748413086
2018-08-17,TSLA,20.366666793823242
2018-08-20,TSLA,20.562667846679688
2018-08-21,TSLA,21.459999084472656
2018-08-22,TSLA,21.44266700744629
2018-08-23,TSLA,21.34000015258789
2018-08-24,TSLA,21.521333694458008
2018-08-27,TSLA,21.284666061401367
2018-08-28,TSLA,20.790666580200195
2018-08-29,TSLA,20.333999633789063
2018-08-30,TSLA,20.209999084472656
2018-08-31,TSLA,20.110666275024414
2018-09-04,TSLA,19.26333236694336
2018-09-05,TSLA,18.715999603271484
2018-09-06,TSLA,18.729999542236328
2018-09-07,TSLA,17.549333572387695
2018-09-10,TSLA,19.03333282470703
2018-09-11,TSLA,18.62933349609375
2018-09-12,TSLA,19.369333267211914
2018-09-13,TSLA,19.297332763671875
2018-09-14,TSLA,19.68000030517578
2018-09-17,TSLA,19.6560001373291
2018-09-18,TSLA,18.997333526611328
2018-09-19,TSLA,19.934667587280273
2018-09-20,TSLA,19.8886661529541
2018-09-21,TSLA,19.940000534057617
2018-09-24,TSLA,19.978666305541992
2018-09-25,TSLA,20.06599998474121
2018-09-26,TSLA,20.6386661529541
2018-09-27,TSLA,20.501333236694336
2018-09-28,TSLA,17.65133285522461
2018-10-01,TSLA,20.713333129882813
2018-10-02,TSLA,20.06800079345703
2018-10-03,TSLA,19.65333366394043
2018-10-04,TSLA,18.788667678833008
2018-10-05,TSLA,17.463333129882813
2018-10-08,TSLA,16.70400047302246
2018-10-09,TSLA,17.520000457763672
2018-10-10,TSLA,17.125333786010742
2018-10-11,TSLA,16.815332412719727
2018-10-12,TSLA,17.25200080871582
2018-10-15,TSLA,17.305999755859375
2018-10-16,TSLA,18.439332962036133
2018-10-17,TSLA,18.118667602539063
2018-10-18,TSLA,17.5939998626709
2018-10-19,TSLA,17.333332061767578
2018-10-22,TSLA,17.39666748046875
2018-10-23,TSLA,19.609333038330078
2018-10-24,TSLA,19.233333587646484
2018-10-25,TSLA,20.99066734313965
2018-10-26,TSLA,22.059999465942383
2018-10-29,TSLA,22.323333740234375
2018-10-30,TSLA,21.99333381652832
2018-10-31,TSLA,22.488000869750977
2018-11-01,TSLA,22.95199966430664
2018-11-02,TSLA,23.0939998626709
2018-11-05,TSLA,22.760000228881836
2018-11-06,TSLA,22.737333297729492
2018-11-07,TSLA,23.21066665649414
2018-11-08,TSLA,23.426666259765625
2018-11-09,TSLA,23.367332458496094
2018-11-12,TSLA,22.0853328704834
2018-11-13,TSLA,22.582000732421875
2018-11-14,TSLA,22.933332443237305
2018-11-15,TSLA,23.229333877563477
2018-11-16,TSLA,23.62066650390625
2018-11-19,TSLA,23.564666748046875
2018-11-20,TSLA,23.166000366210938
2018-11-21,TSLA,22.54599952697754
2018-11-23,TSLA,21.722000122070313
2018-11-26,TSLA,23.066667556762695
2018-11-27,TSLA,22.92799949645996
2018-11-28,TSLA,23.191333770751953
2018-11-29,TSLA,22.744667053222656
2018-11-30,TSLA,23.365333557128906
2018-12-03,TSLA,23.89933204650879
2018-12-04,TSLA,23.979999542236328
2018-12-06,TSLA,24.20400047302246
2018-12-07,TSLA,23.864667892456055
2018-12-10,TSLA,24.343332290649414
2018-12-11,TSLA,24.450666427612305
2018-12-12,TSLA,24.440000534057617
2018-12-13,TSLA,25.119333267211914
2018-12-14,TSLA,24.380666732788086
2018-12-17,TSLA,23.22800064086914
2018-12-18,TSLA,22.468666076660156
2018-12-19,TSLA,22.197999954223633
2018-12-20,TSLA,21.025333404541016
2018-12-21,TSLA,21.31800079345703
2018-12-24,TSLA,19.69266700744629
2018-12-26,TSLA,21.73933219909668
2018-12-27,TSLA,21.075332641601563
2018-12-28,TSLA,22.257999420166016
2018-12-31,TSLA,22.18666648864746
2019-01-02,TSLA,20.674667358398438
2019-01-03,TSLA,20.02400016784668
2019-01-04,TSLA,21.179332733154297
2019-01-07,TSLA,22.33066749572754
2019-01-08,TSLA,22.356666564941406
2019-01-09,TSLA,22.568666458129883
2019-01-10,TSLA,22.99799919128418
2019-01-11,TSLA,23.150667190551758
2019-01-14,TSLA,22.293333053588867
2019-01-15,TSLA,22.961999893188477
2019-01-16,TSLA,23.06999969482422
2019-01-17,TSLA,23.15399932861328
2019-01-18,TSLA,20.150667190551758
2019-01-22,TSLA,19.92799949645996
2019-01-23,TSLA,19.172666549682617
2019-01-24,TSLA,19.43400001525879
2019-01-25,TSLA,19.80266761779785
2019-01-28,TSLA,19.7586669921875
2019-01-29,TSLA,19.83066749572754
2019-01-30,TSLA,20.584667205810547
2019-01-31,TSLA,20.468000411987305
2019-02-01,TSLA,20.81399917602539
2019-02-04,TSLA,20.859333038330078
2019-02-05,TSLA,21.42333221435547
2019-02-06,TSLA,21.148000717163086
2019-02-07,TSLA,20.500667572021484
2019-02-08,TSLA,20.386667251586914
2019-02-11,TSLA,20.856000900268555
2019-02-12,TSLA,20.78733253479004
2019-02-13,TSLA,20.544666290283203
2019-02-14,TSLA,20.251333236694336
2019-02-15,TSLA,20.525333404541016
2019-02-19,TSLA,20.375999450683594
2019-02-20,TSLA,20.17066764831543
2019-02-21,TSLA,19.415332794189453
2019-02-22,TSLA,19.6473331451416
2019-02-25,TSLA,19.917999267578125
2019-02-26,TSLA,19.857332229614258
2019-02-27,TSLA,20.982667922973633
2019-02-28,TSLA,21.325332641601563
2019-03-01,TSLA,19.652666091918945
2019-03-04,TSLA,19.02400016784668
2019-03-05,TSLA,18.43600082397461
2019-03-06,TSLA,18.416000366210938
2019-03-07,TSLA,18.439332962036133
2019-03-08,TSLA,18.94266700744629
2019-03-11,TSLA,19.39466667175293
2019-03-12,TSLA,18.890666961669922
2019-03-13,TSLA,19.263999938964844
2019-03-14,TSLA,19.33066749572754
2019-03-15,TSLA,18.36199951171875
2019-03-18,TSLA,17.965999603271484
2019-03-19,TSLA,17.83133316040039
2019-03-20,TSLA,18.239999771118164
2019-03-21,TSLA,18.26799964904785
2019-03-22,TSLA,17.635332107543945
2019-03-25,TSLA,17.3613338470459
2019-03-26,TSLA,17.851333618164063
2019-03-27,TSLA,18.32200050354004
2019-03-28,TSLA,18.57466697692871
2019-03-29,TSLA,18.657333374023438
2019-04-01,TSLA,19.278667449951172
2019-04-02,TSLA,19.058666229248047
2019-04-03,TSLA,19.45400047302246
2019-04-04,TSLA,17.851999282836914
2019-04-05,TSLA,18.33066749572754
2019-04-08,TSLA,18.213333129882813
2019-04-09,TSLA,18.15399932861328
2019-04-10,TSLA,18.40399932861328
2019-04-11,TSLA,17.89466667175293
2019-04-12,TSLA,17.84666633605957
2019-04-15,TSLA,17.7586669921875
2019-04-16,TSLA,18.224000930786133
2019-04-17,TSLA,18.082000732421875
2019-04-18,TSLA,18.21733283996582
2019-04-22,TSLA,17.516666412353516
2019-04-23,TSLA,17.593332290649414
2019-04-24,TSLA,17.243999481201172
2019-04-25,TSLA,16.5086669921875
2019-04-26,TSLA,15.675999641418457
2019-04-29,TSLA,16.097999572753906
2019-04-30,TSLA,15.912667274475098
2019-05-01,TSLA,15.600666999816895
2019-05-02,TSLA,16.273332595825195
2019-05-03,TSLA,17.00200080871582
2019-05-06,TSLA,17.022666931152344
2019-05-07,TSLA,16.470666885375977
2019-05-08,TSLA,16.32266616821289
2019-05-09,TSLA,16.131999969482422
2019-05-10,TSLA,15.968000411987305
2019-05-13,TSLA,15.133999824523926
2019-05-14,TSLA,15.487333297729492
2019-05-15,TSLA,15.463333129882813
2019-05-16,TSLA,15.222000122070313
2019-05-17,TSLA,14.0686674118042
2019-05-20,TSLA,13.690667152404785
2019-05-21,TSLA,13.67199993133545
2019-05-22,TSLA,12.84866714477539
2019-05-23,TSLA,13.03266716003418
2019-05-24,TSLA,12.708666801452637
2019-05-28,TSLA,12.579999923706055
2019-05-29,TSLA,12.657333374023438
2019-05-30,TSLA,12.54800033569336
2019-05-31,TSLA,12.343999862670898
2019-06-03,TSLA,11.9313325881958
2019-06-04,TSLA,12.90666675567627
2019-06-05,TSLA,13.105999946594238
2019-06-06,TSLA,13.729999542236328
2019-06-07,TSLA,13.633333206176758
2019-06-10,TSLA,14.192000389099121
2019-06-11,TSLA,14.473333358764648
2019-06-12,TSLA,13.950667381286621
2019-06-13,TSLA,14.260666847229004
2019-06-14,TSLA,14.32800006866455
2019-06-17,TSLA,15.001999855041504
2019-06-18,TSLA,14.982666969299316
2019-06-19,TSLA,15.095333099365234
2019-06-20,TSLA,14.641332626342773
2019-06-21,TSLA,14.790666580200195
2019-06-24,TSLA,14.909333229064941
2019-06-25,TSLA,14.650667190551758
2019-06-26,TSLA,14.618000030517578
2019-06-27,TSLA,14.855999946594238
2019-06-28,TSLA,14.897333145141602
2019-07-01,TSLA,15.14466667175293
2019-07-02,TSLA,14.970000267028809
2019-07-03,TSLA,15.65999984741211
2019-07-05,TSLA,15.539999961853027
2019-07-08,TSLA,15.355999946594238
2019-07-09,TSLA,15.337332725524902
2019-07-10,TSLA,15.928000450134277
2019-07-11,TSLA,15.90666675567627
2019-07-12,TSLA,16.338666915893555
2019-07-15,TSLA,16.899999618530273
2019-07-16,TSLA,16.825332641601563
2019-07-17,TSLA,16.99066734313965
2019-07-18,TSLA,16.902666091918945
2019-07-19,TSLA,17.211999893188477
2019-07-22,TSLA,17.045333862304688
2019-07-23,TSLA,17.344667434692383
2019-07-24,TSLA,17.658666610717773
2019-07-25,TSLA,15.254667282104492
2019-07-26,TSLA,15.202667236328125
2019-07-29,TSLA,15.718000411987305
2019-07-30,TSLA,16.150667190551758
2019-07-31,TSLA,16.107332229614258
2019-08-01,TSLA,15.59000015258789
2019-08-02,TSLA,15.62266731262207
2019-08-05,TSLA,15.221332550048828
2019-08-06,TSLA,15.383333206176758
2019-08-07,TSLA,15.561332702636719
2019-08-08,TSLA,15.886667251586914
2019-08-09,TSLA,15.667332649230957
2019-08-12,TSLA,15.267333030700684
2019-08-13,TSLA,15.666666984558105
2019-08-14,TSLA,14.641332626342773
2019-08-15,TSLA,14.37600040435791
2019-08-16,TSLA,14.662667274475098
2019-08-19,TSLA,15.121999740600586
2019-08-20,TSLA,15.057332992553711
2019-08-21,TSLA,14.722000122070313
2019-08-22,TSLA,14.8100004196167
2019-08-23,TSLA,14.09333324432373
2019-08-26,TSLA,14.333333015441895
2019-08-27,TSLA,14.272000312805176
2019-08-28,TSLA,14.37266731262207
2019-08-29,TSLA,14.780667304992676
2019-08-30,TSLA,15.040666580200195
2019-09-03,TSLA,15.000666618347168
2019-09-04,TSLA,14.711999893188477
2019-09-05,TSLA,15.305333137512207
2019-09-06,TSLA,15.16333293914795
2019-09-09,TSLA,15.452667236328125
2019-09-10,TSLA,15.702667236328125
2019-09-11,TSLA,16.47333335876465
2019-09-12,TSLA,16.391332626342773
2019-09-13,TSLA,16.34666633605957
2019-09-16,TSLA,16.187332153320313
2019-09-17,TSLA,16.319332122802734
2019-09-18,TSLA,16.232667922973633
2019-09-19,TSLA,16.440000534057617
2019-09-20,TSLA,16.041332244873047
2019-09-23,TSLA,16.082000732421875
2019-09-24,TSLA,14.880666732788086
2019-09-25,TSLA,15.24666690826416
2019-09-26,TSLA,16.17066764831543
2019-09-27,TSLA,16.142000198364258
2019-09-30,TSLA,16.058000564575195
2019-10-01,TSLA,16.312667846679688
2019-10-02,TSLA,16.208667755126953
2019-10-03,TSLA,15.535332679748535
2019-10-04,TSLA,15.428667068481445
2019-10-07,TSLA,15.847999572753906
2019-10-08,TSLA,16.003332138061523
2019-10-09,TSLA,16.302000045776367
2019-10-10,TSLA,16.31599998474121
2019-10-11,TSLA,16.525999069213867
2019-10-14,TSLA,17.130666732788086
2019-10-15,TSLA,17.19266700744629
2019-10-16,TSLA,17.316667556762695
2019-10-17,TSLA,17.46466636657715
2019-10-18,TSLA,17.1299991607666
2019-10-21,TSLA,16.899999618530273
2019-10-22,TSLA,17.038667678833008
2019-10-23,TSLA,16.978666305541992
2019-10-24,TSLA,19.978666305541992
2019-10-25,TSLA,21.875333786010742
2019-10-28,TSLA,21.847333908081055
2019-10-29,TSLA,21.08133316040039
2019-10-30,TSLA,21.000667572021484
2019-10-31,TSLA,20.994667053222656
2019-11-01,TSLA,20.887332916259766
2019-11-04,TSLA,21.1646671295166
2019-11-05,TSLA,21.148000717163086
2019-11-06,TSLA,21.77199935913086
2019-11-07,TSLA,22.369333267211914
2019-11-08,TSLA,22.47599983215332
2019-11-11,TSLA,23.006000518798828
2019-11-12,TSLA,23.32866668701172
2019-11-13,TSLA,23.073999404907227
2019-11-14,TSLA,23.290000915527344
2019-11-15,TSLA,23.47800064086914
2019-11-18,TSLA,23.332666397094727
2019-11-19,TSLA,23.968000411987305
2019-11-20,TSLA,23.481332778930664
2019-11-21,TSLA,23.655332565307617
2019-11-22,TSLA,22.202667236328125
2019-11-25,TSLA,22.422666549682617
2019-11-26,TSLA,21.92799949645996
2019-11-27,TSLA,22.086000442504883
2019-11-29,TSLA,21.996000289916992
2019-12-02,TSLA,22.32466697692871
2019-12-03,TSLA,22.413333892822266
2019-12-04,TSLA,22.20199966430664
2019-12-05,TSLA,22.024667739868164
2019-12-06,TSLA,22.392667770385742
2019-12-09,TSLA,22.635332107543945
2019-12-10,TSLA,23.256000518798828
2019-12-11,TSLA,23.51333236694336
2019-12-12,TSLA,23.978666305541992
2019-12-13,TSLA,23.892667770385742
2019-12-16,TSLA,25.433332443237305
2019-12-17,TSLA,25.266000747680664
2019-12-18,TSLA,26.209999084472656
2019-12-19,TSLA,26.93600082397461
2019-12-20,TSLA,27.03933334350586
2019-12-23,TSLA,27.947999954223633
2019-12-24,TSLA,28.350000381469727
2019-12-26,TSLA,28.729333877563477
2019-12-27,TSLA,28.691999435424805
2019-12-30,TSLA,27.64666748046875
2019-12-31,TSLA,27.8886661529541
2020-01-02,TSLA,28.68400001525879
2020-01-03,TSLA,29.534000396728516
2020-01-06,TSLA,30.1026668548584
2020-01-07,TSLA,31.270666122436523
2020-01-08,TSLA,32.80933380126953
2020-01-09,TSLA,32.089332580566406
2020-01-10,TSLA,31.876667022705078
2020-01-13,TSLA,34.990665435791016
2020-01-14,TSLA,35.861331939697266
2020-01-15,TSLA,34.56666564941406
2020-01-16,TSLA,34.232666015625
2020-01-17,TSLA,34.03333282470703
2020-01-21,TSLA,36.47999954223633
2020-01-22,TSLA,37.97066879272461
2020-01-23,TSLA,38.14666748046875
2020-01-24,TSLA,37.654666900634766
2020-01-27,TSLA,37.201332092285156
2020-01-28,TSLA,37.793331146240234
2020-01-29,TSLA,38.732666015625
2020-01-30,TSLA,42.72066879272461
2020-01-31,TSLA,43.371334075927734
2020-02-03,TSLA,52
2020-02-04,TSLA,59.137332916259766
2020-02-05,TSLA,48.97999954223633
2020-02-06,TSLA,49.930667877197266
2020-02-07,TSLA,49.871334075927734
2020-02-10,TSLA,51.41866683959961
2020-02-11,TSLA,51.62533187866211
2020-02-12,TSLA,51.15266799926758
2020-02-13,TSLA,53.599998474121094
2020-02-14,TSLA,53.33533477783203
2020-02-18,TSLA,57.22666549682617
2020-02-19,TSLA,61.16133117675781
2020-02-20,TSLA,59.96066665649414
2020-02-21,TSLA,60.06666564941406
2020-02-24,TSLA,55.58599853515625
2020-02-25,TSLA,53.32733154296875
2020-02-26,TSLA,51.91999816894531
2020-02-27,TSLA,45.266666412353516
2020-02-28,TSLA,44.53266525268555
2020-03-02,TSLA,49.574668884277344
2020-03-03,TSLA,49.70066833496094
2020-03-04,TSLA,49.96666717529297
2020-03-05,TSLA,48.30266571044922
2020-03-06,TSLA,46.89866638183594
2020-03-09,TSLA,40.53333282470703
2020-03-10,TSLA,43.02199935913086
2020-03-11,TSLA,42.28200149536133
2020-03-12,TSLA,37.369998931884766
2020-03-13,TSLA,36.44133377075195
2020-03-16,TSLA,29.67133331298828
2020-03-17,TSLA,28.68000030517578
2020-03-18,TSLA,24.08133316040039
2020-03-19,TSLA,28.50933265686035
2020-03-20,TSLA,28.50200080871582
2020-03-23,TSLA,28.952667236328125
2020-03-24,TSLA,33.66666793823242
2020-03-25,TSLA,35.95000076293945
2020-03-26,TSLA,35.21066665649414
2020-03-27,TSLA,34.29066848754883
2020-03-30,TSLA,33.47533416748047
2020-03-31,TSLA,34.93333435058594
2020-04-01,TSLA,32.104000091552734
2020-04-02,TSLA,30.29800033569336
2020-04-03,TSLA,32.000667572021484
2020-04-06,TSLA,34.41600036621094
2020-04-07,TSLA,36.36333465576172
2020-04-08,TSLA,36.589332580566406
2020-04-09,TSLA,38.20000076293945
2020-04-13,TSLA,43.39666748046875
2020-04-14,TSLA,47.32600021362305
2020-04-15,TSLA,48.65533447265625
2020-04-16,TSLA,49.680667877197266
2020-04-17,TSLA,50.259334564208984
2020-04-20,TSLA,49.75733184814453
2020-04-21,TSLA,45.781333923339844
2020-04-22,TSLA,48.807334899902344
2020-04-23,TSLA,47.04199981689453
2020-04-24,TSLA,48.34333419799805
2020-04-27,TSLA,53.25
2020-04-28,TSLA,51.27466583251953
2020-04-29,TSLA,53.367332458496094
2020-04-30,TSLA,52.12533187866211
2020-05-01,TSLA,46.75466537475586
2020-05-04,TSLA,50.74599838256836
2020-05-05,TSLA,51.2140007019043
2020-05-06,TSLA,52.172000885009766
2020-05-07,TSLA,52.00266647338867
2020-05-08,TSLA,54.62799835205078
2020-05-11,TSLA,54.08599853515625
2020-05-12,TSLA,53.96066665649414
2020-05-13,TSLA,52.73066711425781
2020-05-14,TSLA,53.55533218383789
2020-05-15,TSLA,53.27799987792969
2020-05-18,TSLA,54.242000579833984
2020-05-19,TSLA,53.867332458496094
2020-05-20,TSLA,54.37066650390625
2020-05-21,TSLA,55.17333221435547
2020-05-22,TSLA,54.45866775512695
2020-05-26,TSLA,54.591331481933594
2020-05-27,TSLA,54.68199920654297
2020-05-28,TSLA,53.72066879272461
2020-05-29,TSLA,55.66666793823242
2020-06-01,TSLA,59.87333297729492
2020-06-02,TSLA,58.770668029785156
2020-06-03,TSLA,58.86399841308594
2020-06-04,TSLA,57.62533187866211
2020-06-05,TSLA,59.04399871826172
2020-06-08,TSLA,63.327999114990234
2020-06-09,TSLA,62.711334228515625
2020-06-10,TSLA,68.336669921875
2020-06-11,TSLA,64.85600280761719
2020-06-12,TSLA,62.35200119018555
2020-06-15,TSLA,66.05999755859375
2020-06-16,TSLA,65.47533416748047
2020-06-17,TSLA,66.11933135986328
2020-06-18,TSLA,66.9306640625
2020-06-19,TSLA,66.72666931152344
2020-06-22,TSLA,66.28800201416016
2020-06-23,TSLA,66.78533172607422
2020-06-24,TSLA,64.0566635131836
2020-06-25,TSLA,65.73200225830078
2020-06-26,TSLA,63.982666015625
2020-06-29,TSLA,67.29000091552734
2020-06-30,TSLA,71.987335205078125
2020-07-01,TSLA,74.641998291015625
2020-07-02,TSLA,80.57733154296875
2020-07-06,TSLA,91.43866729736328
2020-07-07,TSLA,92.65733337402344
2020-07-08,TSLA,91.05867004394531
2020-07-09,TSLA,92.9520034790039
2020-07-10,TSLA,102.97666931152344
2020-07-13,TSLA,99.80400085449219
2020-07-14,TSLA,101.12000274658203
2020-07-15,TSLA,103.06732940673828
2020-07-16,TSLA,100.04266357421875
2020-07-17,TSLA,100.05599975585938
2020-07-20,TSLA,109.53333282470703
2020-07-21,TSLA,104.55733489990234
2020-07-22,TSLA,106.15533447265625
2020-07-23,TSLA,100.87133026123047
2020-07-24,TSLA,94.46666717529297
2020-07-27,TSLA,102.63999938964844
2020-07-28,TSLA,98.43267059326172
2020-07-29,TSLA,99.94066619873047
2020-07-30,TSLA,99.16600036621094
2020-07-31,TSLA,95.384002685546875
2020-08-03,TSLA,99
2020-08-04,TSLA,99.133331298828125
2020-08-05,TSLA,99.00133514404297
2020-08-06,TSLA,99.30533599853516
2020-08-07,TSLA,96.84733581542969
2020-08-10,TSLA,94.57133483886719
2020-08-11,TSLA,91.6259994506836
2020-08-12,TSLA,103.65066528320313
2020-08-13,TSLA,108.06666564941406
2020-08-14,TSLA,110.04733276367188
2020-08-17,TSLA,122.3759994506836
2020-08-18,TSLA,125.80599975585938
2020-08-19,TSLA,125.23533630371094
2020-08-20,TSLA,133.45533752441406
2020-08-21,TSLA,136.6653289794922
2020-08-24,TSLA,134.27999877929688
2020-08-25,TSLA,134.8893280029297
2020-08-26,TSLA,143.54466247558594
2020-08-27,TSLA,149.25
2020-08-28,TSLA,147.55999755859375
2020-08-31,TSLA,166.10667419433594
2020-09-01,TSLA,158.35000610351563
2020-09-02,TSLA,149.1233367919922
2020-09-03,TSLA,135.6666717529297
2020-09-04,TSLA,139.44000244140625
2020-09-08,TSLA,110.06999969482422
2020-09-09,TSLA,122.09333038330078
2020-09-10,TSLA,123.77999877929688
2020-09-11,TSLA,124.23999786376953
2020-09-14,TSLA,139.8733367919922
2020-09-15,TSLA,149.9199981689453
2020-09-16,TSLA,147.25332641601563
2020-09-17,TSLA,141.14332580566406
2020-09-18,TSLA,147.38333129882813
2020-09-21,TSLA,149.79666137695313
2020-09-22,TSLA,141.41000366210938
2020-09-23,TSLA,126.78666687011719
2020-09-24,TSLA,129.26333618164063
2020-09-25,TSLA,135.77999877929688
2020-09-28,TSLA,140.39999389648438
2020-09-29,TSLA,139.69000244140625
2020-09-30,TSLA,143.00332641601563
2020-10-01,TSLA,149.3866729736328
2020-10-02,TSLA,138.3633270263672
2020-10-05,TSLA,141.89332580566406
2020-10-06,TSLA,137.9933319091797
2020-10-07,TSLA,141.76666259765625
2020-10-08,TSLA,141.97332763671875
2020-10-09,TSLA,144.6666717529297
2020-10-12,TSLA,147.43333435058594
2020-10-13,TSLA,148.88333129882813
2020-10-14,TSLA,153.76666259765625
2020-10-15,TSLA,149.6266632080078
2020-10-16,TSLA,146.55667114257813
2020-10-19,TSLA,143.61000061035156
2020-10-20,TSLA,140.64666748046875
2020-10-21,TSLA,140.8800048828125
2020-10-22,TSLA,141.92999267578125
2020-10-23,TSLA,140.2100067138672
2020-10-26,TSLA,140.0933380126953
2020-10-27,TSLA,141.55999755859375
2020-10-28,TSLA,135.33999633789063
2020-10-29,TSLA,136.94332885742188
2020-10-30,TSLA,129.34666442871094
2020-11-02,TSLA,133.50332641601563
2020-11-03,TSLA,141.3000030517578
2020-11-04,TSLA,140.32666015625
2020-11-05,TSLA,146.02999877929688
2020-11-06,TSLA,143.31666564941406
2020-11-09,TSLA,140.4199981689453
2020-11-10,TSLA,136.7866668701172
2020-11-11,TSLA,139.0433349609375
2020-11-12,TSLA,137.25332641601563
2020-11-13,TSLA,136.1666717529297
2020-11-16,TSLA,136.02999877929688
2020-11-17,TSLA,147.20333862304688
2020-11-18,TSLA,162.2133331298828
2020-11-19,TSLA,166.42333984375
2020-11-20,TSLA,163.20333862304688
2020-11-23,TSLA,173.9499969482422
2020-11-24,TSLA,185.1266632080078
2020-11-25,TSLA,191.3333282470703
2020-11-27,TSLA,195.25332641601563
2020-11-30,TSLA,189.1999969482422
2020-12-01,TSLA,194.9199981689453
2020-12-02,TSLA,189.60667419433594
2020-12-03,TSLA,197.7933349609375
2020-12-04,TSLA,199.67999267578125
2020-12-07,TSLA,213.9199981689453
2020-12-08,TSLA,216.6266632080078
2020-12-09,TSLA,201.4933319091797
2020-12-10,TSLA,209.02333068847656
2020-12-11,TSLA,203.3300018310547
2020-12-14,TSLA,213.27667236328125
2020-12-15,TSLA,211.0833282470703
2020-12-16,TSLA,207.58999633789063
2020-12-17,TSLA,218.63333129882813
2020-12-18,TSLA,231.6666717529297
2020-12-21,TSLA,216.6199951171875
2020-12-22,TSLA,213.44667053222656
2020-12-23,TSLA,215.32666015625
2020-12-24,TSLA,220.58999633789063
2020-12-28,TSLA,221.22999572753906
2020-12-29,TSLA,221.99667358398438
2020-12-30,TSLA,231.5933380126953
2020-12-31,TSLA,235.22332763671875
2021-01-04,TSLA,243.2566680908203
2021-01-05,TSLA,245.0366668701172
2021-01-06,TSLA,251.9933319091797
2021-01-07,TSLA,272.0133361816406
2021-01-08,TSLA,293.3399963378906
2021-01-11,TSLA,270.39666748046875
2021-01-12,TSLA,283.14666748046875
2021-01-13,TSLA,284.8033447265625
2021-01-14,TSLA,281.6666564941406
2021-01-15,TSLA,275.38665771484375
2021-01-19,TSLA,281.51666259765625
2021-01-20,TSLA,283.48333740234375
2021-01-21,TSLA,281.663330078125
2021-01-22,TSLA,282.21331787109375
2021-01-25,TSLA,293.6000061035156
2021-01-26,TSLA,294.36334228515625
2021-01-27,TSLA,288.0533447265625
2021-01-28,TSLA,278.4766540527344
2021-01-29,TSLA,264.510009765625
2021-02-01,TSLA,279.9366760253906
2021-02-02,TSLA,290.92999267578125
2021-02-03,TSLA,284.89666748046875
2021-02-04,TSLA,283.3299865722656
2021-02-05,TSLA,284.07666015625
2021-02-08,TSLA,287.8066711425781
2021-02-09,TSLA,283.1533203125
2021-02-10,TSLA,268.2733459472656
2021-02-11,TSLA,270.5533447265625
2021-02-12,TSLA,272.0400085449219
2021-02-16,TSLA,265.40667724609375
2021-02-17,TSLA,266.04998779296875
2021-02-18,TSLA,262.4599914550781
2021-02-19,TSLA,260.4333190917969
2021-02-22,TSLA,238.1666717529297
2021-02-23,TSLA,232.94667053222656
2021-02-24,TSLA,247.33999633789063
2021-02-25,TSLA,227.4066619873047
2021-02-26,TSLA,225.1666717529297
2021-03-01,TSLA,239.47666931152344
2021-03-02,TSLA,228.81333923339844
2021-03-03,TSLA,217.73333740234375
2021-03-04,TSLA,207.14666748046875
2021-03-05,TSLA,199.31666564941406
2021-03-08,TSLA,187.6666717529297
2021-03-09,TSLA,224.52667236328125
2021-03-10,TSLA,222.68666076660156
2021-03-11,TSLA,233.1999969482422
2021-03-12,TSLA,231.2433319091797
2021-03-15,TSLA,235.97999572753906
2021-03-16,TSLA,225.6266632080078
2021-03-17,TSLA,233.93666076660156
2021-03-18,TSLA,217.72000122070313
2021-03-19,TSLA,218.2899932861328
2021-03-22,TSLA,223.3333282470703
2021-03-23,TSLA,220.72000122070313
2021-03-24,TSLA,210.08999633789063
2021-03-25,TSLA,213.4633331298828
2021-03-26,TSLA,206.23666381835938
2021-03-29,TSLA,203.76333618164063
2021-03-30,TSLA,211.8733367919922
2021-03-31,TSLA,222.64332580566406
2021-04-01,TSLA,220.5833282470703
2021-04-05,TSLA,230.35000610351563
2021-04-06,TSLA,230.5399932861328
2021-04-07,TSLA,223.6566619873047
2021-04-08,TSLA,227.93333435058594
2021-04-09,TSLA,225.67333984375
2021-04-12,TSLA,233.9933319091797
2021-04-13,TSLA,254.10667419433594
2021-04-14,TSLA,244.07666015625
2021-04-15,TSLA,246.28334045410156
2021-04-16,TSLA,246.5933380126953
2021-04-19,TSLA,238.2100067138672
2021-04-20,TSLA,239.663330078125
2021-04-21,TSLA,248.0399932861328
2021-04-22,TSLA,239.89666748046875
2021-04-23,TSLA,243.13333129882813
2021-04-26,TSLA,246.06666564941406
2021-04-27,TSLA,234.913330078125
2021-04-28,TSLA,231.46665954589844
2021-04-29,TSLA,225.6666717529297
2021-04-30,TSLA,236.47999572753906
2021-05-03,TSLA,228.3000030517578
2021-05-04,TSLA,224.53334045410156
2021-05-05,TSLA,223.64666748046875
2021-05-06,TSLA,221.17999267578125
2021-05-07,TSLA,224.1233367919922
2021-05-10,TSLA,209.67999267578125
2021-05-11,TSLA,205.73333740234375
2021-05-12,TSLA,196.6300048828125
2021-05-13,TSLA,190.56333923339844
2021-05-14,TSLA,196.5800018310547
2021-05-17,TSLA,192.27667236328125
2021-05-18,TSLA,192.6233367919922
2021-05-19,TSLA,187.82000732421875
2021-05-20,TSLA,195.5933380126953
2021-05-21,TSLA,193.6266632080078
2021-05-24,TSLA,202.14666748046875
2021-05-25,TSLA,201.56333923339844
2021-05-26,TSLA,206.3766632080078
2021-05-27,TSLA,210.28334045410156
2021-05-28,TSLA,208.4066619873047
2021-06-01,TSLA,207.96665954589844
2021-06-02,TSLA,201.7066650390625
2021-06-03,TSLA,190.94667053222656
2021-06-04,TSLA,199.68333435058594
2021-06-07,TSLA,201.7100067138672
2021-06-08,TSLA,201.19667053222656
2021-06-09,TSLA,199.5933380126953
2021-06-10,TSLA,203.3733367919922
2021-06-11,TSLA,203.29666137695313
2021-06-14,TSLA,205.89666748046875
2021-06-15,TSLA,199.7866668701172
2021-06-16,TSLA,201.6233367919922
2021-06-17,TSLA,205.53334045410156
2021-06-18,TSLA,207.77000427246094
2021-06-21,TSLA,206.94332885742188
2021-06-22,TSLA,207.90333557128906
2021-06-23,TSLA,218.85667419433594
2021-06-24,TSLA,226.60667419433594
2021-06-25,TSLA,223.9566650390625
2021-06-28,TSLA,229.57333374023438
2021-06-29,TSLA,226.9199981689453
2021-06-30,TSLA,226.56666564941406
2021-07-01,TSLA,225.97332763671875
2021-07-02,TSLA,226.3000030517578
2021-07-06,TSLA,219.86000061035156
2021-07-07,TSLA,214.88333129882813
2021-07-08,TSLA,217.60333251953125
2021-07-09,TSLA,218.98333740234375
2021-07-12,TSLA,228.56666564941406
2021-07-13,TSLA,222.84666442871094
2021-07-14,TSLA,217.7933349609375
2021-07-15,TSLA,216.86666870117188
2021-07-16,TSLA,214.74000549316406
2021-07-19,TSLA,215.4066619873047
2021-07-20,TSLA,220.1666717529297
2021-07-21,TSLA,218.42999267578125
2021-07-22,TSLA,216.4199981689453
2021-07-23,TSLA,214.4600067138672
2021-07-26,TSLA,219.2066650390625
2021-07-27,TSLA,214.92666625976563
2021-07-28,TSLA,215.66000366210938
2021-07-29,TSLA,225.78334045410156
2021-07-30,TSLA,229.06666564941406
2021-08-02,TSLA,236.55667114257813
2021-08-03,TSLA,236.5800018310547
2021-08-04,TSLA,236.97332763671875
2021-08-05,TSLA,238.2100067138672
2021-08-06,TSLA,233.03334045410156
2021-08-09,TSLA,237.9199981689453
2021-08-10,TSLA,236.663330078125
2021-08-11,TSLA,235.94000244140625
2021-08-12,TSLA,240.75
2021-08-13,TSLA,239.05667114257813
2021-08-16,TSLA,228.72332763671875
2021-08-17,TSLA,221.90333557128906
2021-08-18,TSLA,229.663330078125
2021-08-19,TSLA,224.49000549316406
2021-08-20,TSLA,226.75332641601563
2021-08-23,TSLA,235.43333435058594
2021-08-24,TSLA,236.163330078125
2021-08-25,TSLA,237.06666564941406
2021-08-26,TSLA,233.72000122070313
2021-08-27,TSLA,237.30667114257813
2021-08-30,TSLA,243.6366729736328
2021-08-31,TSLA,245.24000549316406
2021-09-01,TSLA,244.69667053222656
2021-09-02,TSLA,244.1300048828125
2021-09-03,TSLA,244.52333068847656
2021-09-07,TSLA,250.97332763671875
2021-09-08,TSLA,251.2899932861328
2021-09-09,TSLA,251.6199951171875
2021-09-10,TSLA,245.42333984375
2021-09-13,TSLA,247.6666717529297
2021-09-14,TSLA,248.163330078125
2021-09-15,TSLA,251.94332885742188
2021-09-16,TSLA,252.3300018310547
2021-09-17,TSLA,253.163330078125
2021-09-20,TSLA,243.38999938964844
2021-09-21,TSLA,246.4600067138672
2021-09-22,TSLA,250.64666748046875
2021-09-23,TSLA,251.2133331298828
2021-09-24,TSLA,258.1300048828125
2021-09-27,TSLA,263.78668212890625
2021-09-28,TSLA,259.1866760253906
2021-09-29,TSLA,260.4366760253906
2021-09-30,TSLA,258.49334716796875
2021-10-01,TSLA,258.40667724609375
2021-10-04,TSLA,260.510009765625
2021-10-05,TSLA,260.1966552734375
2021-10-06,TSLA,260.9166564941406
2021-10-07,TSLA,264.53668212890625
2021-10-08,TSLA,261.8299865722656
2021-10-11,TSLA,263.9800109863281
2021-10-12,TSLA,268.5733337402344
2021-10-13,TSLA,270.3599853515625
2021-10-14,TSLA,272.7733459472656
2021-10-15,TSLA,281.010009765625
2021-10-18,TSLA,290.03668212890625
2021-10-19,TSLA,288.0899963378906
2021-10-20,TSLA,288.6000061035156
2021-10-21,TSLA,298
2021-10-22,TSLA,303.2266540527344
2021-10-25,TSLA,341.6199951171875
2021-10-26,TSLA,339.4766540527344
2021-10-27,TSLA,345.9533386230469
2021-10-28,TSLA,359.0133361816406
2021-10-29,TSLA,371.3333435058594
2021-11-01,TSLA,402.86334228515625
2021-11-02,TSLA,390.6666564941406
2021-11-03,TSLA,404.6199951171875
2021-11-04,TSLA,409.9700012207031
2021-11-05,TSLA,407.36334228515625
2021-11-08,TSLA,387.64666748046875
2021-11-09,TSLA,341.1666564941406
2021-11-10,TSLA,355.98333740234375
2021-11-11,TSLA,354.5033264160156
2021-11-12,TSLA,344.47332763671875
2021-11-15,TSLA,337.7966613769531
2021-11-16,TSLA,351.57666015625
2021-11-17,TSLA,363.0033264160156
2021-11-18,TSLA,365.4599914550781
2021-11-19,TSLA,379.0199890136719
2021-11-22,TSLA,385.6233215332031
2021-11-23,TSLA,369.6766662597656
2021-11-24,TSLA,372
2021-11-26,TSLA,360.6400146484375
2021-11-29,TSLA,378.9966735839844
2021-11-30,TSLA,381.586669921875
2021-12-01,TSLA,365
2021-12-02,TSLA,361.5333251953125
2021-12-03,TSLA,338.3233337402344
2021-12-06,TSLA,336.336669921875
2021-12-07,TSLA,350.5833435058594
2021-12-08,TSLA,356.32000732421875
2021-12-09,TSLA,334.6000061035156
2021-12-10,TSLA,339.010009765625
2021-12-13,TSLA,322.13665771484375
2021-12-14,TSLA,319.5033264160156
2021-12-15,TSLA,325.3299865722656
2021-12-16,TSLA,308.97332763671875
2021-12-17,TSLA,310.8566589355469
2021-12-20,TSLA,299.9800109863281
2021-12-21,TSLA,312.84332275390625
2021-12-22,TSLA,336.2900085449219
2021-12-23,TSLA,355.6666564941406
2021-12-27,TSLA,364.64666748046875
2021-12-28,TSLA,362.8233337402344
2021-12-29,TSLA,362.0633239746094
2021-12-30,TSLA,356.7799987792969
2021-12-31,TSLA,352.260009765625
2022-01-03,TSLA,399.9266662597656
2022-01-04,TSLA,383.1966552734375
2022-01-05,TSLA,362.7066650390625
2022-01-06,TSLA,354.8999938964844
2022-01-07,TSLA,342.32000732421875
2022-01-10,TSLA,352.7066650390625
2022-01-11,TSLA,354.79998779296875
2022-01-12,TSLA,368.739990234375
2022-01-13,TSLA,343.85333251953125
2022-01-14,TSLA,349.8699951171875
2022-01-18,TSLA,343.5033264160156
2022-01-19,TSLA,331.8833312988281
2022-01-20,TSLA,332.0899963378906
2022-01-21,TSLA,314.6333312988281
2022-01-24,TSLA,310
2022-01-25,TSLA,306.1333312988281
2022-01-26,TSLA,312.4700012207031
2022-01-27,TSLA,276.3666687011719
2022-01-28,TSLA,282.1166687011719
2022-01-31,TSLA,312.239990234375
2022-02-01,TSLA,310.4166564941406
2022-02-02,TSLA,301.88665771484375
2022-02-03,TSLA,297.0466613769531
2022-02-04,TSLA,307.7733459472656
2022-02-07,TSLA,302.4466552734375
2022-02-08,TSLA,307.3333435058594
2022-02-09,TSLA,310.6666564941406
2022-02-10,TSLA,301.51666259765625
2022-02-11,TSLA,286.6666564941406
2022-02-14,TSLA,291.9200134277344
2022-02-15,TSLA,307.4766540527344
2022-02-16,TSLA,307.7966613769531
2022-02-17,TSLA,292.1166687011719
2022-02-18,TSLA,285.6600036621094
2022-02-22,TSLA,273.84332275390625
2022-02-23,TSLA,254.67999267578125
2022-02-24,TSLA,266.92333984375
2022-02-25,TSLA,269.9566650390625
2022-02-28,TSLA,290.1433410644531
2022-03-01,TSLA,288.1233215332031
2022-03-02,TSLA,293.2966613769531
2022-03-03,TSLA,279.7633361816406
2022-03-04,TSLA,279.42999267578125
2022-03-07,TSLA,268.1933288574219
2022-03-08,TSLA,274.79998779296875
2022-03-09,TSLA,286.3233337402344
2022-03-10,TSLA,279.4333190917969
2022-03-11,TSLA,265.1166687011719
2022-03-14,TSLA,255.4566650390625
2022-03-15,TSLA,267.2966613769531
2022-03-16,TSLA,280.07666015625
2022-03-17,TSLA,290.5333251953125
2022-03-18,TSLA,301.7966613769531
2022-03-21,TSLA,307.0533447265625
2022-03-22,TSLA,331.32666015625
2022-03-23,TSLA,333.03668212890625
2022-03-24,TSLA,337.97332763671875
2022-03-25,TSLA,336.8800048828125
2022-03-28,TSLA,363.9466552734375
2022-03-29,TSLA,366.5233459472656
2022-03-30,TSLA,364.663330078125
2022-03-31,TSLA,359.20001220703125
2022-04-01,TSLA,361.5299987792969
2022-04-04,TSLA,381.8166809082031
2022-04-05,TSLA,363.7533264160156
2022-04-06,TSLA,348.586669921875
2022-04-07,TSLA,352.4200134277344
2022-04-08,TSLA,341.8299865722656
2022-04-11,TSLA,325.30999755859375
2022-04-12,TSLA,328.98333740234375
2022-04-13,TSLA,340.7900085449219
2022-04-14,TSLA,328.3333435058594
2022-04-18,TSLA,334.7633361816406
2022-04-19,TSLA,342.7166748046875
2022-04-20,TSLA,325.73333740234375
2022-04-21,TSLA,336.260009765625
2022-04-22,TSLA,335.01666259765625
2022-04-25,TSLA,332.67333984375
2022-04-26,TSLA,292.1400146484375
2022-04-27,TSLA,293.836669921875
2022-04-28,TSLA,292.5033264160156
2022-04-29,TSLA,290.2533264160156
2022-05-02,TSLA,300.9800109863281
2022-05-03,TSLA,303.0833435058594
2022-05-04,TSLA,317.5400085449219
2022-05-05,TSLA,291.09332275390625
2022-05-06,TSLA,288.54998779296875
2022-05-09,TSLA,262.3699951171875
2022-05-10,TSLA,266.67999267578125
2022-05-11,TSLA,244.6666717529297
2022-05-12,TSLA,242.6666717529297
2022-05-13,TSLA,256.5299987792969
2022-05-16,TSLA,241.4566650390625
2022-05-17,TSLA,253.8699951171875
2022-05-18,TSLA,236.60333251953125
2022-05-19,TSLA,236.47332763671875
2022-05-20,TSLA,221.3000030517578
2022-05-23,TSLA,224.96665954589844
2022-05-24,TSLA,209.3866729736328
2022-05-25,TSLA,219.60000610351563
2022-05-26,TSLA,235.91000366210938
2022-05-27,TSLA,253.2100067138672
2022-05-31,TSLA,252.75332641601563
2022-06-01,TSLA,246.7899932861328
2022-06-02,TSLA,258.3333435058594
2022-06-03,TSLA,234.51666259765625
2022-06-06,TSLA,238.27999877929688
2022-06-07,TSLA,238.8866729736328
2022-06-08,TSLA,241.86666870117188
2022-06-09,TSLA,239.7066650390625
2022-06-10,TSLA,232.22999572753906
2022-06-13,TSLA,215.73666381835938
2022-06-14,TSLA,220.88999938964844
2022-06-15,TSLA,233
2022-06-16,TSLA,213.10000610351563
2022-06-17,TSLA,216.75999450683594
2022-06-21,TSLA,237.0366668701172
2022-06-22,TSLA,236.086669921875
2022-06-23,TSLA,235.07000732421875
2022-06-24,TSLA,245.7066650390625
2022-06-27,TSLA,244.9199981689453
2022-06-28,TSLA,232.663330078125
2022-06-29,TSLA,228.49000549316406
2022-06-30,TSLA,224.47332763671875
2022-07-01,TSLA,227.26333618164063
2022-07-05,TSLA,233.06666564941406
2022-07-06,TSLA,231.73333740234375
2022-07-07,TSLA,244.5433349609375
2022-07-08,TSLA,250.76333618164063
2022-07-11,TSLA,234.3433380126953
2022-07-12,TSLA,233.07000732421875
2022-07-13,TSLA,237.0399932861328
2022-07-14,TSLA,238.31333923339844
2022-07-15,TSLA,240.06666564941406
2022-07-18,TSLA,240.54666137695313
2022-07-19,TSLA,245.52999877929688
2022-07-20,TSLA,247.5
2022-07-21,TSLA,271.7066650390625
2022-07-22,TSLA,272.24334716796875
2022-07-25,TSLA,268.4333190917969
2022-07-26,TSLA,258.8599853515625
2022-07-27,TSLA,274.82000732421875
2022-07-28,TSLA,280.8999938964844
2022-07-29,TSLA,297.1499938964844
2022-08-01,TSLA,297.27667236328125
2022-08-02,TSLA,300.586669921875
2022-08-03,TSLA,307.39666748046875
2022-08-04,TSLA,308.6333312988281
2022-08-05,TSLA,288.1700134277344
2022-08-08,TSLA,290.42333984375
2022-08-09,TSLA,283.3333435058594
2022-08-10,TSLA,294.3566589355469
2022-08-11,TSLA,286.6300048828125
2022-08-12,TSLA,300.0299987792969
2022-08-15,TSLA,309.32000732421875
2022-08-16,TSLA,306.5633239746094
2022-08-17,TSLA,303.9966735839844
2022-08-18,TSLA,302.8699951171875
2022-08-19,TSLA,296.6666564941406
2022-08-22,TSLA,289.913330078125
2022-08-23,TSLA,296.4533386230469
2022-08-24,TSLA,297.0966796875
2022-08-25,TSLA,296.07000732421875
2022-08-26,TSLA,288.0899963378906
2022-08-29,TSLA,284.82000732421875
2022-08-30,TSLA,277.70001220703125
2022-08-31,TSLA,275.6099853515625
2022-09-01,TSLA,277.1600036621094
2022-09-02,TSLA,270.2099914550781
2022-09-06,TSLA,274.4200134277344
2022-09-07,TSLA,283.70001220703125
2022-09-08,TSLA,289.260009765625
2022-09-09,TSLA,299.67999267578125
2022-09-12,TSLA,304.4200134277344
2022-09-13,TSLA,292.1300048828125
2022-09-14,TSLA,302.6099853515625
2022-09-15,TSLA,303.75
2022-09-16,TSLA,303.3500061035156
2022-09-19,TSLA,309.07000732421875
2022-09-20,TSLA,308.7300109863281
2022-09-21,TSLA,300.79998779296875
2022-09-22,TSLA,288.5899963378906
2022-09-23,TSLA,275.3299865722656
2022-09-26,TSLA,276.010009765625
2022-09-27,TSLA,282.94000244140625
2022-09-28,TSLA,287.80999755859375
2022-09-29,TSLA,268.2099914550781
2022-09-30,TSLA,265.25
2022-10-03,TSLA,242.39999389648438
2022-10-04,TSLA,249.44000244140625
2022-10-05,TSLA,240.80999755859375
2022-10-06,TSLA,238.1300048828125
2022-10-07,TSLA,223.07000732421875
2022-10-10,TSLA,222.9600067138672
2022-10-11,TSLA,216.5
2022-10-12,TSLA,217.24000549316406
2022-10-13,TSLA,221.72000122070313
2022-10-14,TSLA,204.99000549316406
2022-10-17,TSLA,219.35000610351563
2022-10-18,TSLA,220.19000244140625
2022-10-19,TSLA,222.0399932861328
2022-10-20,TSLA,207.27999877929688
2022-10-21,TSLA,214.44000244140625
2022-10-24,TSLA,211.25
2022-10-25,TSLA,222.4199981689453
2022-10-26,TSLA,224.63999938964844
2022-10-27,TSLA,225.08999633789063
2022-10-28,TSLA,228.52000427246094
2022-10-31,TSLA,227.5399932861328
2022-11-01,TSLA,227.82000732421875
2022-11-02,TSLA,214.97999572753906
2022-11-03,TSLA,215.30999755859375
2022-11-04,TSLA,207.47000122070313
2022-11-07,TSLA,197.0800018310547
2022-11-08,TSLA,191.3000030517578
2022-11-09,TSLA,177.58999633789063
2022-11-10,TSLA,190.72000122070313
2022-11-11,TSLA,195.97000122070313
2022-11-14,TSLA,190.9499969482422
2022-11-15,TSLA,194.4199981689453
2022-11-16,TSLA,186.9199981689453
2022-11-17,TSLA,183.1699981689453
2022-11-18,TSLA,180.19000244140625
2022-11-21,TSLA,167.8699951171875
2022-11-22,TSLA,169.91000366210938
2022-11-23,TSLA,183.1999969482422
2022-11-25,TSLA,182.86000061035156
2022-11-28,TSLA,182.9199981689453
2022-11-29,TSLA,180.8300018310547
2022-11-30,TSLA,194.6999969482422
2022-12-01,TSLA,194.6999969482422
2022-12-02,TSLA,194.86000061035156
2022-12-05,TSLA,182.4499969482422
2022-12-06,TSLA,179.82000732421875
2022-12-07,TSLA,174.0399932861328
2022-12-08,TSLA,173.44000244140625
2022-12-09,TSLA,179.0500030517578
2022-12-12,TSLA,167.82000732421875
2022-12-13,TSLA,160.9499969482422
2022-12-14,TSLA,156.8000030517578
2022-12-15,TSLA,157.6699981689453
2022-12-16,TSLA,150.22999572753906
2022-12-19,TSLA,149.8699951171875
2022-12-20,TSLA,137.8000030517578
2022-12-21,TSLA,137.57000732421875
2022-12-22,TSLA,125.3499984741211
2022-12-23,TSLA,123.1500015258789
2022-12-27,TSLA,109.0999984741211
2022-12-28,TSLA,112.70999908447266
2022-12-29,TSLA,121.81999969482422
2022-12-30,TSLA,123.18000030517578
2023-01-03,TSLA,108.0999984741211
2023-01-04,TSLA,113.63999938964844
2023-01-05,TSLA,110.33999633789063
2023-01-06,TSLA,113.05999755859375
2023-01-09,TSLA,119.7699966430664
2023-01-10,TSLA,118.8499984741211
2023-01-11,TSLA,123.22000122070313
2023-01-12,TSLA,123.55999755859375
2023-01-13,TSLA,122.4000015258789
2023-01-17,TSLA,131.49000549316406
2023-01-18,TSLA,128.77999877929688
2023-01-19,TSLA,127.16999816894531
2023-01-20,TSLA,133.4199981689453
2023-01-23,TSLA,143.75
2023-01-24,TSLA,143.88999938964844
2023-01-25,TSLA,144.42999267578125
2023-01-26,TSLA,160.27000427246094
2023-01-27,TSLA,177.89999389648438
2023-01-30,TSLA,166.66000366210938
2023-01-31,TSLA,173.22000122070313
2023-02-01,TSLA,181.41000366210938
2023-02-02,TSLA,188.27000427246094
2023-02-03,TSLA,189.97999572753906
2023-02-06,TSLA,194.75999450683594
2023-02-07,TSLA,196.80999755859375
2023-02-08,TSLA,201.2899932861328
2023-02-09,TSLA,207.32000732421875
2023-02-10,TSLA,196.88999938964844
2023-02-13,TSLA,194.63999938964844
2023-02-14,TSLA,209.25
2023-02-15,TSLA,214.24000549316406
2023-02-16,TSLA,202.0399932861328
2023-02-17,TSLA,208.30999755859375
2023-02-21,TSLA,197.3699951171875
2023-02-22,TSLA,200.86000061035156
2023-02-23,TSLA,202.07000732421875
2023-02-24,TSLA,196.8800048828125
2023-02-27,TSLA,207.6300048828125
2023-02-28,TSLA,205.7100067138672
2023-03-01,TSLA,202.77000427246094
2023-03-02,TSLA,190.89999389648438
2023-03-03,TSLA,197.7899932861328
2023-03-06,TSLA,193.80999755859375
2023-03-07,TSLA,187.7100067138672
2023-03-08,TSLA,182
2023-03-09,TSLA,172.9199981689453
2023-03-10,TSLA,173.44000244140625
2023-03-13,TSLA,174.47999572753906
2023-03-14,TSLA,183.25999450683594
2023-03-15,TSLA,180.4499969482422
2023-03-16,TSLA,184.1300048828125
2023-03-17,TSLA,180.1300048828125
2023-03-20,TSLA,183.25
2023-03-21,TSLA,197.5800018310547
2023-03-22,TSLA,191.14999389648438
2023-03-23,TSLA,192.22000122070313
2023-03-24,TSLA,190.41000366210938
2023-03-27,TSLA,191.80999755859375
2023-03-28,TSLA,189.19000244140625
2023-03-29,TSLA,193.8800048828125
2023-03-30,TSLA,195.27999877929688
2023-03-31,TSLA,207.4600067138672
2023-04-03,TSLA,194.77000427246094
2023-04-04,TSLA,192.5800018310547
2023-04-05,TSLA,185.52000427246094
2023-04-06,TSLA,185.05999755859375
2023-04-10,TSLA,184.50999450683594
2023-04-11,TSLA,186.7899932861328
2023-04-12,TSLA,180.5399932861328
2023-04-13,TSLA,185.89999389648438
2023-04-14,TSLA,185
2023-04-17,TSLA,187.0399932861328
2023-04-18,TSLA,184.30999755859375
2023-04-19,TSLA,180.58999633789063
2023-04-20,TSLA,162.99000549316406
2023-04-21,TSLA,165.0800018310547
2023-04-24,TSLA,162.5500030517578
2023-04-25,TSLA,160.6699981689453
2023-04-26,TSLA,153.75
2023-04-27,TSLA,160.19000244140625
2023-04-28,TSLA,164.30999755859375
2023-05-01,TSLA,161.8300018310547
2023-05-02,TSLA,160.30999755859375
2023-05-03,TSLA,160.61000061035156
2023-05-04,TSLA,161.1999969482422
2023-05-05,TSLA,170.05999755859375
2023-05-08,TSLA,171.7899932861328
2023-05-09,TSLA,169.14999389648438
2023-05-10,TSLA,168.5399932861328
2023-05-11,TSLA,172.0800018310547
2023-05-12,TSLA,167.97999572753906
2023-05-15,TSLA,166.35000610351563
2023-05-16,TSLA,166.52000427246094
2023-05-17,TSLA,173.86000061035156
2023-05-18,TSLA,176.88999938964844
2023-05-19,TSLA,180.13999938964844
2023-05-22,TSLA,188.8699951171875
2023-05-23,TSLA,185.77000427246094
2023-05-24,TSLA,182.89999389648438
2023-05-25,TSLA,184.47000122070313
2023-05-26,TSLA,193.1699981689453
2023-05-30,TSLA,201.16000366210938
2023-05-31,TSLA,203.92999267578125
2023-06-01,TSLA,207.52000427246094
2023-06-02,TSLA,213.97000122070313
2023-06-05,TSLA,217.61000061035156
2023-06-06,TSLA,221.30999755859375
2023-06-07,TSLA,224.57000732421875
2023-06-08,TSLA,234.86000061035156
2023-06-09,TSLA,244.39999389648438
2023-06-12,TSLA,249.8300018310547
2023-06-13,TSLA,258.7099914550781
2023-06-14,TSLA,256.7900085449219
2023-06-15,TSLA,255.89999389648438
2023-06-16,TSLA,260.5400085449219
2023-06-20,TSLA,274.45001220703125
2023-06-21,TSLA,259.4599914550781
2023-06-22,TSLA,264.6099853515625
2023-06-23,TSLA,256.6000061035156
2023-06-26,TSLA,241.0500030517578
2023-06-27,TSLA,250.2100067138672
2023-06-28,TSLA,256.239990234375
2023-06-29,TSLA,257.5
2023-06-30,TSLA,261.7699890136719
2023-07-03,TSLA,279.82000732421875
2023-07-05,TSLA,282.4800109863281
2023-07-06,TSLA,276.5400085449219
2023-07-07,TSLA,274.42999267578125
2023-07-10,TSLA,269.6099853515625
2023-07-11,TSLA,269.7900085449219
2023-07-12,TSLA,271.989990234375
2023-07-13,TSLA,277.8999938964844
2023-07-14,TSLA,281.3800048828125
2023-07-17,TSLA,290.3800048828125
2023-07-18,TSLA,293.3399963378906
2023-07-19,TSLA,291.260009765625
2023-07-20,TSLA,262.8999938964844
2023-07-21,TSLA,260.0199890136719
2023-07-24,TSLA,269.05999755859375
2023-07-25,TSLA,265.2799987792969
2023-07-26,TSLA,264.3500061035156
2023-07-27,TSLA,255.7100067138672
2023-07-28,TSLA,266.44000244140625
2023-07-31,TSLA,267.42999267578125
2023-08-01,TSLA,261.07000732421875
2023-08-02,TSLA,254.11000061035156
2023-08-03,TSLA,259.32000732421875
2023-08-04,TSLA,253.86000061035156
2023-08-07,TSLA,251.4499969482422
2023-08-08,TSLA,249.6999969482422
2023-08-09,TSLA,242.19000244140625
2023-08-10,TSLA,245.33999633789063
2023-08-11,TSLA,242.64999389648438
2023-08-14,TSLA,239.75999450683594
2023-08-15,TSLA,232.9600067138672
2023-08-16,TSLA,225.60000610351563
2023-08-17,TSLA,219.22000122070313
2023-08-18,TSLA,215.49000549316406
2023-08-21,TSLA,231.27999877929688
2023-08-22,TSLA,233.19000244140625
2023-08-23,TSLA,236.86000061035156
2023-08-24,TSLA,230.0399932861328
2023-08-25,TSLA,238.58999633789063
2023-08-28,TSLA,238.82000732421875
2023-08-29,TSLA,257.17999267578125
2023-08-30,TSLA,256.8999938964844
2023-08-31,TSLA,258.0799865722656
2023-09-01,TSLA,245.00999450683594
2023-09-05,TSLA,256.489990234375
2023-09-06,TSLA,251.9199981689453
2023-09-07,TSLA,251.49000549316406
2023-09-08,TSLA,248.5
2023-09-11,TSLA,273.5799865722656
2023-09-12,TSLA,267.4800109863281
2023-09-13,TSLA,271.29998779296875
2023-09-14,TSLA,276.0400085449219
2023-09-15,TSLA,274.3900146484375
2023-09-18,TSLA,265.2799987792969
2023-09-19,TSLA,266.5
2023-09-20,TSLA,262.5899963378906
2023-09-21,TSLA,255.6999969482422
2023-09-22,TSLA,244.8800048828125
2023-09-25,TSLA,246.99000549316406
2023-09-26,TSLA,244.1199951171875
2023-09-27,TSLA,240.5
2023-09-28,TSLA,246.3800048828125
2023-09-29,TSLA,250.22000122070313
2023-10-02,TSLA,251.60000610351563
2023-10-03,TSLA,246.52999877929688
2023-10-04,TSLA,261.1600036621094
2023-10-05,TSLA,260.04998779296875
2023-10-06,TSLA,260.5299987792969
2023-10-09,TSLA,259.6700134277344
2023-10-10,TSLA,263.6199951171875
2023-10-11,TSLA,262.989990234375
2023-10-12,TSLA,258.8699951171875
2023-10-13,TSLA,251.1199951171875
2023-10-16,TSLA,253.9199981689453
2023-10-17,TSLA,254.85000610351563
2023-10-18,TSLA,242.67999267578125
2023-10-19,TSLA,220.11000061035156
2023-10-20,TSLA,211.99000549316406
2023-10-23,TSLA,212.0800018310547
2023-10-24,TSLA,216.52000427246094
2023-10-25,TSLA,212.4199981689453
2023-10-26,TSLA,205.75999450683594
2023-10-27,TSLA,207.3000030517578
2023-10-30,TSLA,197.36000061035156
2023-10-31,TSLA,200.83999633789063
2023-11-01,TSLA,205.66000366210938
2023-11-02,TSLA,218.50999450683594
2023-11-03,TSLA,219.9600067138672
2023-11-06,TSLA,219.27000427246094
2023-11-07,TSLA,222.17999267578125
2023-11-08,TSLA,222.11000061035156
2023-11-09,TSLA,209.97999572753906
2023-11-10,TSLA,214.64999389648438
2023-11-13,TSLA,223.7100067138672
2023-11-14,TSLA,237.41000366210938
2023-11-15,TSLA,242.83999633789063
2023-11-16,TSLA,233.58999633789063
2023-11-17,TSLA,234.3000030517578
2023-11-20,TSLA,235.60000610351563
2023-11-21,TSLA,241.1999969482422
2023-11-22,TSLA,234.2100067138672
2023-11-24,TSLA,235.4499969482422
2023-11-27,TSLA,236.0800018310547
2023-11-28,TSLA,246.72000122070313
2023-11-29,TSLA,244.13999938964844
2023-11-30,TSLA,240.0800018310547
2023-12-01,TSLA,238.8300018310547
2023-12-04,TSLA,235.5800018310547
2023-12-05,TSLA,238.72000122070313
2023-12-06,TSLA,239.3699951171875
2023-12-07,TSLA,242.63999938964844
2023-12-08,TSLA,243.83999633789063
2023-12-11,TSLA,239.74000549316406
2023-12-12,TSLA,237.00999450683594
2023-12-13,TSLA,239.2899932861328
2023-12-14,TSLA,251.0500030517578
2023-12-15,TSLA,253.5
2023-12-18,TSLA,252.0800018310547
2023-12-19,TSLA,257.2200012207031
2023-12-20,TSLA,247.13999938964844
2023-12-21,TSLA,254.5
2023-12-22,TSLA,252.5399932861328
2023-12-26,TSLA,256.6099853515625
2023-12-27,TSLA,261.44000244140625
2023-12-28,TSLA,253.17999267578125
2023-12-29,TSLA,248.47999572753906
2024-01-02,TSLA,248.4199981689453
2024-01-03,TSLA,238.4499969482422
2024-01-04,TSLA,237.92999267578125
2024-01-05,TSLA,237.49000549316406
2024-01-08,TSLA,240.4499969482422
2024-01-09,TSLA,234.9600067138672
2024-01-10,TSLA,233.94000244140625
2024-01-11,TSLA,227.22000122070313
2024-01-12,TSLA,218.88999938964844
2024-01-16,TSLA,219.91000366210938
2024-01-17,TSLA,215.5500030517578
2024-01-18,TSLA,211.8800048828125
2024-01-19,TSLA,212.19000244140625
2024-01-22,TSLA,208.8000030517578
2024-01-23,TSLA,209.13999938964844
2024-01-24,TSLA,207.8300018310547
2024-01-25,TSLA,182.6300048828125
2024-01-26,TSLA,183.25
2024-01-29,TSLA,190.92999267578125
2024-01-30,TSLA,191.58999633789063
2024-01-31,TSLA,187.2899932861328
2024-02-01,TSLA,188.86000061035156
2024-02-02,TSLA,187.91000366210938
2024-02-05,TSLA,181.05999755859375
2024-02-06,TSLA,185.10000610351563
2024-02-07,TSLA,187.5800018310547
2024-02-08,TSLA,189.55999755859375
2024-02-09,TSLA,193.57000732421875
2024-02-12,TSLA,188.1300048828125
2024-02-13,TSLA,184.02000427246094
2024-02-14,TSLA,188.7100067138672
2024-02-15,TSLA,200.4499969482422
2024-02-16,TSLA,199.9499969482422
2024-02-20,TSLA,193.75999450683594
2024-02-21,TSLA,194.77000427246094
2024-02-22,TSLA,197.41000366210938
2024-02-23,TSLA,191.97000122070313
2024-02-26,TSLA,199.39999389648438
2024-02-27,TSLA,199.72999572753906
2024-02-28,TSLA,202.0399932861328
2024-02-29,TSLA,201.8800048828125
2024-03-01,TSLA,202.63999938964844
2024-03-04,TSLA,188.13999938964844
2024-03-05,TSLA,180.74000549316406
2024-03-06,TSLA,176.5399932861328
2024-03-07,TSLA,178.64999389648438
2024-03-08,TSLA,175.33999633789063
2024-03-11,TSLA,177.77000427246094
2024-03-12,TSLA,177.5399932861328
2024-03-13,TSLA,169.47999572753906
2024-03-14,TSLA,162.5
2024-03-15,TSLA,163.57000732421875
2024-03-18,TSLA,173.8000030517578
2024-03-19,TSLA,171.32000732421875
2024-03-20,TSLA,175.66000366210938
2024-03-21,TSLA,172.82000732421875
2024-03-22,TSLA,170.8300018310547
2024-03-25,TSLA,172.6300048828125
2024-03-26,TSLA,177.6699981689453
2024-03-27,TSLA,179.8300018310547
2024-03-28,TSLA,175.7899932861328
2024-04-01,TSLA,175.22000122070313
2024-04-02,TSLA,166.6300048828125
2024-04-03,TSLA,168.3800048828125
2024-04-04,TSLA,171.11000061035156
2024-04-05,TSLA,164.89999389648438
2024-04-08,TSLA,172.97999572753906
2024-04-09,TSLA,176.8800048828125
2024-04-10,TSLA,171.75999450683594
2024-04-11,TSLA,174.60000610351563
2024-04-12,TSLA,171.0500030517578
2024-04-15,TSLA,161.47999572753906
2024-04-16,TSLA,157.11000061035156
2024-04-17,TSLA,155.4499969482422
2024-04-18,TSLA,149.92999267578125
2024-04-19,TSLA,147.0500030517578
2024-04-22,TSLA,142.0500030517578
2024-04-23,TSLA,144.67999267578125
2024-04-24,TSLA,162.1300048828125
2024-04-25,TSLA,170.17999267578125
2024-04-26,TSLA,168.2899932861328
2024-04-29,TSLA,194.0500030517578
2024-04-30,TSLA,183.27999877929688
2024-05-01,TSLA,179.99000549316406
2024-05-02,TSLA,180.00999450683594
2024-05-03,TSLA,181.19000244140625
2024-05-06,TSLA,184.75999450683594
2024-05-07,TSLA,177.80999755859375
2024-05-08,TSLA,174.72000122070313
2024-05-09,TSLA,171.97000122070313
2024-05-10,TSLA,168.47000122070313
2024-05-13,TSLA,171.88999938964844
2024-05-14,TSLA,177.5500030517578
2024-05-15,TSLA,173.99000549316406
2024-05-16,TSLA,174.83999633789063
2024-05-17,TSLA,177.4600067138672
2024-05-20,TSLA,174.9499969482422
2024-05-21,TSLA,186.60000610351563
2024-05-22,TSLA,180.11000061035156
2024-05-23,TSLA,173.74000549316406
2024-05-24,TSLA,179.24000549316406
2024-05-28,TSLA,176.75
2024-05-29,TSLA,176.19000244140625
2024-05-30,TSLA,178.7899932861328
2024-05-31,TSLA,178.0800018310547
2024-06-03,TSLA,176.2899932861328
2024-06-04,TSLA,174.77000427246094
2024-06-05,TSLA,175
2024-06-06,TSLA,177.94000244140625
2024-06-07,TSLA,177.47999572753906
2024-06-10,TSLA,173.7899932861328
2024-06-11,TSLA,170.66000366210938
2024-06-12,TSLA,177.2899932861328
2024-06-13,TSLA,182.47000122070313
2024-06-14,TSLA,178.00999450683594
2024-06-17,TSLA,187.44000244140625
2024-06-18,TSLA,184.86000061035156
2024-06-20,TSLA,181.57000732421875
2024-06-21,TSLA,183.00999450683594
2024-06-24,TSLA,182.5800018310547
2024-06-25,TSLA,187.35000610351563
2024-06-26,TSLA,196.3699951171875
2024-06-27,TSLA,197.4199981689453
2024-06-28,TSLA,197.8800048828125
2024-07-01,TSLA,209.86000061035156
2024-07-02,TSLA,231.25999450683594
2024-07-03,TSLA,246.38999938964844
2024-07-05,TSLA,251.52000427246094
2024-07-08,TSLA,252.94000244140625
2024-07-09,TSLA,262.3299865722656
2024-07-10,TSLA,263.260009765625
2024-07-11,TSLA,241.02999877929688
2024-07-12,TSLA,248.22999572753906
2024-07-15,TSLA,252.63999938964844
2024-07-16,TSLA,256.55999755859375
2024-07-17,TSLA,248.5
2024-07-18,TSLA,249.22999572753906
2024-07-19,TSLA,239.1999969482422
2024-07-22,TSLA,251.50999450683594
2024-07-23,TSLA,246.3800048828125
2024-07-24,TSLA,215.99000549316406
2024-07-25,TSLA,220.25
2024-07-26,TSLA,219.8000030517578
2024-07-29,TSLA,232.10000610351563
2024-07-30,TSLA,222.6199951171875
2024-07-31,TSLA,232.07000732421875
2024-08-01,TSLA,216.86000061035156
2024-08-02,TSLA,207.6699981689453
2024-08-05,TSLA,198.8800048828125
2024-08-06,TSLA,200.63999938964844
2024-08-07,TSLA,191.75999450683594
2024-08-08,TSLA,198.83999633789063
2024-08-09,TSLA,200
2024-08-12,TSLA,197.49000549316406
2024-08-13,TSLA,207.8300018310547
2024-08-14,TSLA,201.3800048828125
2024-08-15,TSLA,214.13999938964844
2024-08-16,TSLA,216.1199951171875
2024-08-19,TSLA,222.72000122070313
2024-08-20,TSLA,221.10000610351563
2024-08-21,TSLA,223.27000427246094
2024-08-22,TSLA,210.66000366210938
2024-08-23,TSLA,220.32000732421875
2024-08-26,TSLA,213.2100067138672
2024-08-27,TSLA,209.2100067138672
2024-08-28,TSLA,205.75
2024-08-29,TSLA,206.27999877929688
2024-08-30,TSLA,214.11000061035156
2024-09-03,TSLA,210.60000610351563
2024-09-04,TSLA,219.41000366210938
2024-09-05,TSLA,230.1699981689453
2024-09-06,TSLA,210.72999572753906
2024-09-09,TSLA,216.27000427246094
2024-09-10,TSLA,226.1699981689453
2024-09-11,TSLA,228.1300048828125
2024-09-12,TSLA,229.80999755859375
2024-09-13,TSLA,230.2899932861328
2024-09-16,TSLA,226.77999877929688
2024-09-17,TSLA,227.8699951171875
2024-09-18,TSLA,227.1999969482422
2024-09-19,TSLA,243.9199981689453
2024-09-20,TSLA,238.25
2024-09-23,TSLA,250
2024-09-24,TSLA,254.27000427246094
2024-09-25,TSLA,257.0199890136719
2024-09-26,TSLA,254.22000122070313
2024-09-27,TSLA,260.4599914550781
2024-09-30,TSLA,261.6300048828125
2024-10-01,TSLA,258.0199890136719
2024-10-02,TSLA,249.02000427246094
2024-10-03,TSLA,240.66000366210938
2024-10-04,TSLA,250.0800018310547
2024-10-07,TSLA,240.8300018310547
2024-10-08,TSLA,244.5
2024-10-09,TSLA,241.0500030517578
2024-10-10,TSLA,238.77000427246094
2024-10-11,TSLA,217.8000030517578
2024-10-14,TSLA,219.16000366210938
2024-10-15,TSLA,219.57000732421875
2024-10-16,TSLA,221.3300018310547
2024-10-17,TSLA,220.88999938964844
2024-10-18,TSLA,220.6999969482422
2024-10-21,TSLA,218.85000610351563
2024-10-22,TSLA,217.97000122070313
2024-10-23,TSLA,213.64999389648438
2024-10-24,TSLA,260.4800109863281
2024-10-25,TSLA,269.19000244140625
2024-10-28,TSLA,262.510009765625
2024-10-29,TSLA,259.5199890136719
2024-10-30,TSLA,257.54998779296875
2024-10-31,TSLA,249.85000610351563
2024-11-01,TSLA,248.97999572753906
2024-11-04,TSLA,242.83999633789063
2024-11-05,TSLA,251.44000244140625
2024-11-06,TSLA,288.5299987792969
2024-11-07,TSLA,296.9100036621094
2024-11-08,TSLA,321.2200012207031
2024-11-11,TSLA,350
2024-11-12,TSLA,328.489990234375
2024-11-13,TSLA,330.239990234375
2024-11-14,TSLA,311.17999267578125
2024-11-15,TSLA,320.7200012207031
2024-11-18,TSLA,338.739990234375
2024-11-19,TSLA,346
2024-11-20,TSLA,342.0299987792969
2024-11-21,TSLA,339.6400146484375
2024-11-22,TSLA,352.55999755859375
2024-11-25,TSLA,338.5899963378906
2024-11-26,TSLA,338.2300109863281
2024-11-27,TSLA,332.8900146484375
2024-11-29,TSLA,345.1600036621094
2024-12-02,TSLA,357.0899963378906
2024-12-03,TSLA,351.4200134277344
2024-12-04,TSLA,357.92999267578125
2024-12-05,TSLA,369.489990234375
2024-12-06,TSLA,389.2200012207031
2024-12-09,TSLA,389.7900085449219
2024-12-10,TSLA,400.989990234375
2024-12-11,TSLA,424.7699890136719
2024-12-12,TSLA,418.1000061035156
2024-12-13,TSLA,436.2300109863281
2024-12-16,TSLA,463.0199890136719
2024-12-17,TSLA,479.8599853515625
2024-12-18,TSLA,440.1300048828125
2024-12-19,TSLA,436.1700134277344
2024-12-20,TSLA,421.05999755859375
2024-12-23,TSLA,430.6000061035156
2024-12-24,TSLA,462.2799987792969
2024-12-26,TSLA,454.1300048828125
2024-12-27,TSLA,431.6600036621094
2024-12-30,TSLA,417.4100036621094
2024-12-31,TSLA,403.8399963378906
2025-01-02,TSLA,379.2799987792969
2025-01-03,TSLA,410.44000244140625
2025-01-06,TSLA,411.04998779296875
2025-01-07,TSLA,394.3599853515625
2025-01-08,TSLA,394.94000244140625
2025-01-10,TSLA,394.739990234375
2025-01-13,TSLA,403.30999755859375
2025-01-14,TSLA,396.3599853515625
2025-01-15,TSLA,428.2200012207031
2025-01-16,TSLA,413.82000732421875
2025-01-17,TSLA,426.5
2025-01-21,TSLA,424.07000732421875
2025-01-22,TSLA,415.1099853515625
2025-01-23,TSLA,412.3800048828125
2025-01-24,TSLA,406.5799865722656
2025-01-27,TSLA,397.1499938964844
2025-01-28,TSLA,398.0899963378906
2025-01-29,TSLA,389.1000061035156
2025-01-30,TSLA,400.2799987792969
2025-01-31,TSLA,404.6000061035156
2025-02-03,TSLA,383.67999267578125
2025-02-04,TSLA,392.2099914550781
2025-02-05,TSLA,378.1700134277344
2025-02-06,TSLA,374.32000732421875
2025-02-07,TSLA,361.6199951171875
2025-02-10,TSLA,350.7300109863281
2025-02-11,TSLA,328.5
2025-02-12,TSLA,336.510009765625
2025-02-13,TSLA,355.94000244140625
2025-02-14,TSLA,355.8399963378906
2025-02-18,TSLA,354.1099853515625
2025-02-19,TSLA,360.55999755859375
2025-02-20,TSLA,354.3999938964844
2025-02-21,TSLA,337.79998779296875
2025-02-24,TSLA,330.5299987792969
2025-02-25,TSLA,302.79998779296875
2025-02-26,TSLA,290.79998779296875
2025-02-27,TSLA,281.95001220703125
2025-02-28,TSLA,292.9800109863281
2025-03-03,TSLA,284.6499938964844
2025-03-04,TSLA,272.0400085449219
2025-03-05,TSLA,279.1000061035156
2025-03-06,TSLA,263.45001220703125
2025-03-07,TSLA,262.6700134277344
2025-03-10,TSLA,222.14999389648438
2025-03-11,TSLA,230.5800018310547
2025-03-12,TSLA,248.08999633789063
2025-03-13,TSLA,240.67999267578125
2025-03-14,TSLA,249.97999572753906
2025-03-17,TSLA,238.00999450683594
2025-03-18,TSLA,225.30999755859375
2025-03-19,TSLA,235.86000061035156
2025-03-20,TSLA,236.25999450683594
2025-03-21,TSLA,248.7100067138672
2025-03-24,TSLA,278.3900146484375
2025-03-25,TSLA,288.1400146484375
2025-03-26,TSLA,272.05999755859375
2025-03-27,TSLA,273.1300048828125
2025-03-28,TSLA,263.54998779296875
2025-03-31,TSLA,259.1600036621094
2025-04-01,TSLA,268.4599914550781
2025-04-02,TSLA,282.760009765625
2025-04-03,TSLA,267.2799987792969
2025-04-04,TSLA,239.42999267578125
2025-04-07,TSLA,233.2899932861328
2025-04-08,TSLA,221.86000061035156
2025-04-09,TSLA,272.20001220703125
2025-04-10,TSLA,252.39999389648438
2025-04-11,TSLA,252.30999755859375
2025-04-14,TSLA,252.35000610351563
2025-04-15,TSLA,254.11000061035156
2025-04-16,TSLA,241.5500030517578
2025-04-17,TSLA,241.3699951171875
2025-04-21,TSLA,227.5
2025-04-22,TSLA,237.97000122070313
2025-04-23,TSLA,250.74000549316406
2025-04-24,TSLA,259.510009765625
2025-04-25,TSLA,284.95001220703125
2025-04-28,TSLA,285.8800048828125
2025-04-29,TSLA,292.0299987792969
2025-04-30,TSLA,282.1600036621094
2025-05-01,TSLA,280.5199890136719
2025-05-02,TSLA,287.2099914550781
2025-05-05,TSLA,280.260009765625
2025-05-06,TSLA,275.3500061035156
2025-05-07,TSLA,276.2200012207031
2025-05-08,TSLA,284.82000732421875
2025-05-09,TSLA,298.260009765625
2025-05-12,TSLA,318.3800048828125
2025-05-13,TSLA,334.07000732421875
2025-05-14,TSLA,347.67999267578125
2025-05-15,TSLA,342.82000732421875
2025-05-16,TSLA,349.9800109863281
2025-05-19,TSLA,342.0899963378906
2025-05-20,TSLA,343.82000732421875
2025-05-21,TSLA,334.6199951171875
2025-05-22,TSLA,341.0400085449219
2025-05-23,TSLA,339.3399963378906
2025-05-27,TSLA,362.8900146484375
2025-05-28,TSLA,356.8999938964844
2025-05-29,TSLA,358.42999267578125
2025-05-30,TSLA,346.4599914550781
2025-06-02,TSLA,342.69000244140625
2025-06-03,TSLA,344.2699890136719
2025-06-04,TSLA,332.04998779296875
2025-06-05,TSLA,284.70001220703125
2025-06-06,TSLA,295.1400146484375
2025-06-09,TSLA,308.5799865722656
2025-06-10,TSLA,326.0899963378906
2025-06-11,TSLA,326.42999267578125
2025-06-12,TSLA,319.1099853515625
2025-06-13,TSLA,325.30999755859375
2025-06-16,TSLA,329.1300048828125
2025-06-17,TSLA,316.3500061035156
2025-06-18,TSLA,322.04998779296875
2025-06-20,TSLA,322.1600036621094
2025-06-23,TSLA,348.67999267578125
2025-06-24,TSLA,340.4700012207031
2025-06-25,TSLA,327.54998779296875
2025-06-26,TSLA,325.7799987792969
2025-06-27,TSLA,323.6300048828125
2025-06-30,TSLA,317.6600036621094
2025-07-01,TSLA,300.7099914550781
2025-07-02,TSLA,315.6499938964844
2025-07-03,TSLA,315.3500061035156
2025-07-07,TSLA,293.94000244140625
2025-07-08,TSLA,297.80999755859375
2025-07-09,TSLA,295.8800048828125
2025-07-10,TSLA,309.8699951171875
2025-07-11,TSLA,313.510009765625
2025-07-14,TSLA,316.8999938964844
2025-07-15,TSLA,310.7799987792969
2025-07-16,TSLA,321.6700134277344
2025-07-17,TSLA,319.4100036621094
2025-07-18,TSLA,329.6499938964844
2025-07-21,TSLA,328.489990234375
2025-07-22,TSLA,332.1099853515625
2025-07-23,TSLA,332.55999755859375
2025-07-24,TSLA,305.29998779296875
2025-07-25,TSLA,316.05999755859375
2025-07-28,TSLA,325.5899963378906
2025-07-29,TSLA,321.20001220703125
2025-07-30,TSLA,319.0400085449219
2025-07-31,TSLA,308.2699890136719
2025-08-01,TSLA,302.6300048828125
2025-08-04,TSLA,309.260009765625
2025-08-05,TSLA,308.7200012207031
2025-08-06,TSLA,319.9100036621094
2025-08-07,TSLA,322.2699890136719
2025-08-08,TSLA,329.6499938964844
2025-08-11,TSLA,339.0299987792969
2025-08-12,TSLA,340.8399963378906
2025-08-13,TSLA,339.3800048828125
2025-08-14,TSLA,335.5799865722656
2025-08-15,TSLA,330.55999755859375
2025-08-18,TSLA,335.1600036621094
2025-08-19,TSLA,329.30999755859375
2025-08-20,TSLA,323.8999938964844
2025-08-21,TSLA,320.1099853515625
2025-08-22,TSLA,340.010009765625
2025-08-25,TSLA,346.6000061035156
2025-08-26,TSLA,351.6700134277344
2025-08-27,TSLA,349.6000061035156
2025-08-28,TSLA,345.9800109863281
2025-08-29,TSLA,333.8699951171875
2025-09-02,TSLA,329.3599853515625
2025-09-03,TSLA,334.0899963378906
2025-09-04,TSLA,338.5299987792969
2025-09-05,TSLA,350.8399963378906
2025-09-08,TSLA,346.3999938964844
2025-09-09,TSLA,346.9700012207031
2025-09-10,TSLA,347.7900085449219
2025-09-11,TSLA,368.80999755859375
2025-09-12,TSLA,395.94000244140625
2025-09-15,TSLA,410.0400085449219
2025-09-16,TSLA,421.6199951171875
2025-09-17,TSLA,425.8599853515625
2025-09-18,TSLA,416.8500061035156
2025-09-19,TSLA,426.07000732421875
2025-09-22,TSLA,434.2099914550781
2025-09-23,TSLA,425.8500061035156
2025-09-24,TSLA,442.7900085449219
2025-09-25,TSLA,423.3900146484375
2025-09-26,TSLA,440.3999938964844
2025-09-29,TSLA,443.2099914550781
2025-09-30,TSLA,444.7200012207031
2025-10-01,TSLA,459.4599914550781
2025-10-02,TSLA,436
2025-10-03,TSLA,429.8299865722656
2025-10-06,TSLA,453.25
2025-10-07,TSLA,433.0899963378906
2025-10-08,TSLA,438.69000244140625
2025-10-09,TSLA,435.5400085449219
2025-10-10,TSLA,413.489990234375
2025-10-13,TSLA,435.8999938964844
2025-10-14,TSLA,429.239990234375
2025-10-15,TSLA,435.1499938964844
2025-10-16,TSLA,428.75
2025-10-17,TSLA,439.30999755859375
2025-10-20,TSLA,447.42999267578125
2025-10-21,TSLA,442.6000061035156
2025-10-22,TSLA,438.9700012207031
2025-10-23,TSLA,448.9800109863281
2025-10-24,TSLA,433.7200012207031
2025-10-27,TSLA,452.4200134277344
2025-10-28,TSLA,460.54998779296875
2025-10-29,TSLA,461.510009765625
2025-10-30,TSLA,440.1000061035156
2025-10-31,TSLA,456.55999755859375
2025-11-03,TSLA,468.3699951171875
2025-11-04,TSLA,444.260009765625
2025-11-05,TSLA,462.07000732421875
2025-11-06,TSLA,445.9100036621094
2025-11-07,TSLA,429.5199890136719
2025-11-10,TSLA,445.2300109863281
2025-11-11,TSLA,439.6199951171875
2025-11-12,TSLA,430.6000061035156
2025-11-13,TSLA,401.989990234375
2025-11-14,TSLA,404.3500061035156
2025-11-17,TSLA,408.9200134277344
2025-11-18,TSLA,401.25
2025-11-19,TSLA,403.989990234375
2025-11-20,TSLA,395.2300109863281
2025-11-21,TSLA,391.0899963378906
2025-11-24,TSLA,417.7799987792969
2025-11-25,TSLA,419.3999938964844
2025-11-26,TSLA,426.5799865722656
2025-11-28,TSLA,430.1700134277344
2025-12-01,TSLA,430.1400146484375
2025-12-02,TSLA,429.239990234375
2025-12-03,TSLA,446.739990234375
2025-12-04,TSLA,454.5299987792969
2025-12-05,TSLA,455
2025-12-08,TSLA,439.5799865722656
2025-12-09,TSLA,445.1700134277344
2025-12-10,TSLA,451.45001220703125
2025-12-11,TSLA,446.8900146484375
2025-12-12,TSLA,458.9599914550781
2025-12-15,TSLA,475.30999755859375
2025-12-16,TSLA,489.8800048828125
2025-12-17,TSLA,467.260009765625
2025-12-18,TSLA,483.3699951171875
2025-12-19,TSLA,481.20001220703125
2025-12-22,TSLA,488.7300109863281
2025-12-23,TSLA,485.55999755859375
2025-12-24,TSLA,485.3999938964844
2025-12-26,TSLA,475.19000244140625
2025-12-29,TSLA,459.6400146484375
2025-12-30,TSLA,454.42999267578125
2017-01-03,AVGO,13.81265640258789
2017-01-04,AVGO,13.71429443359375
2017-01-05,AVGO,13.498207092285156
2017-01-06,AVGO,13.67712116241455
2017-01-09,AVGO,13.706548690795898
2017-01-10,AVGO,13.985371589660645
2017-01-11,AVGO,13.89630126953125
2017-01-12,AVGO,13.852932929992676
2017-01-13,AVGO,13.976076126098633
2017-01-17,AVGO,13.872296333312988
2017-01-18,AVGO,14.330031394958496
2017-01-19,AVGO,14.371854782104492
2017-01-20,AVGO,14.799386024475098
2017-01-23,AVGO,14.79318904876709
2017-01-24,AVGO,15.315985679626465
2017-01-25,AVGO,15.682334899902344
2017-01-26,AVGO,15.813220024108887
2017-01-27,AVGO,15.932498931884766
2017-01-30,AVGO,15.739641189575195
2017-01-31,AVGO,15.451521873474121
2017-02-01,AVGO,15.776041984558105
2017-02-02,AVGO,15.803926467895508
2017-02-03,AVGO,15.967350959777832
2017-02-06,AVGO,15.99832534790039
2017-02-07,AVGO,15.947986602783203
2017-02-08,AVGO,16.023893356323242
2017-02-09,AVGO,15.90383243560791
2017-02-10,AVGO,15.917779922485352
2017-02-13,AVGO,16.00994873046875
2017-02-14,AVGO,15.90306282043457
2017-02-15,AVGO,15.954180717468262
2017-02-16,AVGO,16.123802185058594
2017-02-17,AVGO,16.2965145111084
2017-02-21,AVGO,16.477752685546875
2017-02-22,AVGO,16.58696174621582
2017-02-23,AVGO,16.30968475341797
2017-02-24,AVGO,16.293418884277344
2017-02-27,AVGO,16.518802642822266
2017-02-28,AVGO,16.336793899536133
2017-03-01,AVGO,16.662860870361328
2017-03-02,AVGO,16.829376220703125
2017-03-03,AVGO,16.90915870666504
2017-03-06,AVGO,16.879722595214844
2017-03-07,AVGO,16.981184005737305
2017-03-08,AVGO,17.010616302490234
2017-03-09,AVGO,17.1949520111084
2017-03-10,AVGO,17.53108787536621
2017-03-13,AVGO,17.538837432861328
2017-03-14,AVGO,17.37618637084961
2017-03-15,AVGO,17.498563766479492
2017-03-16,AVGO,17.3001651763916
2017-03-17,AVGO,17.208354949951172
2017-03-20,AVGO,17.21302604675293
2017-03-21,AVGO,16.80689811706543
2017-03-22,AVGO,16.915821075439453
2017-03-23,AVGO,16.872251510620117
2017-03-24,AVGO,17.03641128540039
2017-03-27,AVGO,17.04263687133789
2017-03-28,AVGO,17.19046401977539
2017-03-29,AVGO,17.218473434448242
2017-03-30,AVGO,17.119661331176758
2017-03-31,AVGO,17.035634994506836
2017-04-03,AVGO,17.023191452026367
2017-04-04,AVGO,17.035634994506836
2017-04-05,AVGO,16.89325714111328
2017-04-06,AVGO,16.922046661376953
2017-04-07,AVGO,16.980396270751953
2017-04-10,AVGO,16.962499618530273
2017-04-11,AVGO,16.925933837890625
2017-04-12,AVGO,16.27628517150879
2017-04-13,AVGO,16.44123077392578
2017-04-17,AVGO,16.639619827270508
2017-04-18,AVGO,16.579713821411133
2017-04-19,AVGO,16.620946884155273
2017-04-20,AVGO,16.97728729248047
2017-04-21,AVGO,16.93449592590332
2017-04-24,AVGO,17.21302604675293
2017-04-25,AVGO,17.365520477294922
2017-04-26,AVGO,17.24725914001465
2017-04-27,AVGO,17.356962203979492
2017-04-28,AVGO,17.17957305908203
2017-05-01,AVGO,17.219253540039063
2017-05-02,AVGO,17.54057502746582
2017-05-03,AVGO,17.497785568237305
2017-05-04,AVGO,17.381078720092773
2017-05-05,AVGO,17.618379592895508
2017-05-08,AVGO,17.51178741455078
2017-05-09,AVGO,17.774765014648438
2017-05-10,AVGO,17.99805450439453
2017-05-11,AVGO,17.97938346862793
2017-05-12,AVGO,18.3582763671875
2017-05-15,AVGO,18.597131729125977
2017-05-16,AVGO,18.72551155090332
2017-05-17,AVGO,17.98638153076172
2017-05-18,AVGO,18.49054527282715
2017-05-19,AVGO,18.21356773376465
2017-05-22,AVGO,18.546560287475586
2017-05-23,AVGO,18.403406143188477
2017-05-24,AVGO,18.641477584838867
2017-05-25,AVGO,18.739513397216797
2017-05-26,AVGO,18.766746520996094
2017-05-30,AVGO,18.658597946166992
2017-05-31,AVGO,18.632143020629883
2017-06-01,AVGO,18.251686096191406
2017-06-02,AVGO,19.803071975708008
2017-06-05,AVGO,19.622575759887695
2017-06-06,AVGO,19.750940322875977
2017-06-07,AVGO,19.78361701965332
2017-06-08,AVGO,19.835750579833984
2017-06-09,AVGO,18.93246078491211
2017-06-12,AVGO,18.880332946777344
2017-06-13,AVGO,18.901338577270508
2017-06-14,AVGO,18.714611053466797
2017-06-15,AVGO,18.595067977905273
2017-06-16,AVGO,18.4591121673584
2017-06-19,AVGO,18.84197235107422
2017-06-20,AVGO,18.75133514404297
2017-06-21,AVGO,19.152158737182617
2017-06-22,AVGO,19.067781448364258
2017-06-23,AVGO,19.163105010986328
2017-06-26,AVGO,18.96698570251465
2017-06-27,AVGO,18.387229919433594
2017-06-28,AVGO,18.83415985107422
2017-06-29,AVGO,18.28643798828125
2017-06-30,AVGO,18.209089279174805
2017-07-03,AVGO,17.9520320892334
2017-07-05,AVGO,18.096574783325195
2017-07-06,AVGO,18.364574432373047
2017-07-07,AVGO,18.722423553466797
2017-07-10,AVGO,18.890417098999023
2017-07-11,AVGO,18.821657180786133
2017-07-12,AVGO,19.25373649597168
2017-07-13,AVGO,19.323280334472656
2017-07-14,AVGO,19.556116104125977
2017-07-17,AVGO,19.456886291503906
2017-07-18,AVGO,19.602209091186523
2017-07-19,AVGO,19.87724494934082
2017-07-20,AVGO,19.80146026611328
2017-07-21,AVGO,19.77645492553711
2017-07-24,AVGO,19.770198822021484
2017-07-25,AVGO,19.86943244934082
2017-07-26,AVGO,20.081174850463867
2017-07-27,AVGO,19.607685089111328
2017-07-28,AVGO,19.56237030029297
2017-07-31,AVGO,19.272485733032227
2017-08-01,AVGO,19.40765380859375
2017-08-02,AVGO,19.795982360839844
2017-08-03,AVGO,19.556116104125977
2017-08-04,AVGO,19.46860694885254
2017-08-07,AVGO,19.72410011291504
2017-08-08,AVGO,19.639719009399414
2017-08-09,AVGO,19.46860694885254
2017-08-10,AVGO,18.807594299316406
2017-08-11,AVGO,19.07793617248535
2017-08-14,AVGO,19.60455894470215
2017-08-15,AVGO,19.8217716217041
2017-08-16,AVGO,19.800668716430664
2017-08-17,AVGO,19.295146942138672
2017-08-18,AVGO,19.48423194885254
2017-08-21,AVGO,19.50376319885254
2017-08-22,AVGO,19.93897247314453
2017-08-23,AVGO,20.074142456054688
2017-08-24,AVGO,19.928030014038086
2017-08-25,AVGO,19.188892364501953
2017-08-28,AVGO,19.006052017211914
2017-08-29,AVGO,18.88728904724121
2017-08-30,AVGO,19.222490310668945
2017-08-31,AVGO,19.69519805908203
2017-09-01,AVGO,19.74676513671875
2017-09-05,AVGO,19.459226608276367
2017-09-06,AVGO,19.485013961791992
2017-09-07,AVGO,19.263896942138672
2017-09-08,AVGO,19.073246002197266
2017-09-11,AVGO,19.356868743896484
2017-09-12,AVGO,19.309995651245117
2017-09-13,AVGO,19.239673614501953
2017-09-14,AVGO,19.295146942138672
2017-09-15,AVGO,19.576427459716797
2017-09-18,AVGO,19.59918785095215
2017-09-19,AVGO,19.5944766998291
2017-09-20,AVGO,19.057069778442383
2017-09-21,AVGO,18.85858154296875
2017-09-22,AVGO,18.769149780273438
2017-09-25,AVGO,18.476511001586914
2017-09-26,AVGO,18.614593505859375
2017-09-27,AVGO,18.874269485473633
2017-09-28,AVGO,19.059429168701172
2017-09-29,AVGO,19.028043746948242
2017-10-02,AVGO,18.865646362304688
2017-10-03,AVGO,18.7895450592041
2017-10-04,AVGO,18.985673904418945
2017-10-05,AVGO,19.1166934967041
2017-10-06,AVGO,19.279090881347656
2017-10-09,AVGO,19.332441329956055
2017-10-10,AVGO,19.2987060546875
2017-10-11,AVGO,19.644689559936523
2017-10-12,AVGO,19.514448165893555
2017-10-13,AVGO,19.453258514404297
2017-10-16,AVGO,19.3520565032959
2017-10-17,AVGO,19.034313201904297
2017-10-18,AVGO,19.14258575439453
2017-10-19,AVGO,19.16533851623535
2017-10-20,AVGO,19.161407470703125
2017-10-23,AVGO,19.16376495361328
2017-10-24,AVGO,19.431293487548828
2017-10-25,AVGO,19.285369873046875
2017-10-26,AVGO,19.123750686645508
2017-10-27,AVGO,19.840818405151367
2017-10-30,AVGO,20.494333267211914
2017-10-31,AVGO,20.704586029052734
2017-11-01,AVGO,20.342138290405273
2017-11-02,AVGO,20.358612060546875
2017-11-03,AVGO,21.46715545654297
2017-11-06,AVGO,21.7723388671875
2017-11-07,AVGO,21.285919189453125
2017-11-08,AVGO,21.370655059814453
2017-11-09,AVGO,20.840312957763672
2017-11-10,AVGO,20.786962509155273
2017-11-13,AVGO,20.790884017944336
2017-11-14,AVGO,20.653587341308594
2017-11-15,AVGO,20.837177276611328
2017-11-16,AVGO,21.3479061126709
2017-11-17,AVGO,21.328290939331055
2017-11-20,AVGO,21.56521987915039
2017-11-21,AVGO,21.69937515258789
2017-11-22,AVGO,21.603662490844727
2017-11-24,AVGO,22.153623580932617
2017-11-27,AVGO,22.329355239868164
2017-11-28,AVGO,21.762922286987305
2017-11-29,AVGO,21.300052642822266
2017-11-30,AVGO,21.80528450012207
2017-12-01,AVGO,21.30475616455078
2017-12-04,AVGO,20.68105125427246
2017-12-05,AVGO,20.527284622192383
2017-12-06,AVGO,20.703022003173828
2017-12-07,AVGO,20.703022003173828
2017-12-08,AVGO,20.39077377319336
2017-12-11,AVGO,20.39390754699707
2017-12-12,AVGO,20.29584503173828
2017-12-13,AVGO,20.557096481323242
2017-12-14,AVGO,20.346059799194336
2017-12-15,AVGO,20.84737205505371
2017-12-18,AVGO,20.879751205444336
2017-12-19,AVGO,20.82525634765625
2017-12-20,AVGO,20.978469848632813
2017-12-21,AVGO,20.65389060974121
2017-12-22,AVGO,20.71864891052246
2017-12-26,AVGO,20.383010864257813
2017-12-27,AVGO,20.463565826416016
2017-12-28,AVGO,20.566232681274414
2017-12-29,AVGO,20.288238525390625
2018-01-02,AVGO,21.08666229248047
2018-01-03,AVGO,21.317262649536133
2018-01-04,AVGO,21.324371337890625
2018-01-05,AVGO,21.450727462768555
2018-01-08,AVGO,21.502059936523438
2018-01-09,AVGO,21.204336166381836
2018-01-10,AVGO,20.756549835205078
2018-01-11,AVGO,20.809465408325195
2018-01-12,AVGO,20.87185287475586
2018-01-16,AVGO,20.789722442626953
2018-01-17,AVGO,20.991899490356445
2018-01-18,AVGO,21.306997299194336
2018-01-19,AVGO,21.037700653076172
2018-01-22,AVGO,20.699691772460938
2018-01-23,AVGO,20.762081146240234
2018-01-24,AVGO,20.28508186340332
2018-01-25,AVGO,19.52931022644043
2018-01-26,AVGO,19.805713653564453
2018-01-29,AVGO,19.385583877563477
2018-01-30,AVGO,19.030986785888672
2018-01-31,AVGO,19.58774757385254
2018-02-01,AVGO,18.858036041259766
2018-02-02,AVGO,18.596628189086914
2018-02-05,AVGO,18.013809204101563
2018-02-06,AVGO,18.983600616455078
2018-02-07,AVGO,18.746685028076172
2018-02-08,AVGO,18.129898071289063
2018-02-09,AVGO,18.59821319580078
2018-02-12,AVGO,19.301076889038086
2018-02-13,AVGO,19.416379928588867
2018-02-14,AVGO,19.558528900146484
2018-02-15,AVGO,19.887845993041992
2018-02-16,AVGO,19.655662536621094
2018-02-20,AVGO,19.713315963745117
2018-02-21,AVGO,19.63434410095215
2018-02-22,AVGO,19.691991806030273
2018-02-23,AVGO,20.036325454711914
2018-02-26,AVGO,19.97629737854004
2018-02-27,AVGO,19.886266708374023
2018-02-28,AVGO,19.463764190673828
2018-03-01,AVGO,19.21499252319336
2018-03-02,AVGO,19.812036514282227
2018-03-05,AVGO,19.50482749938965
2018-03-06,AVGO,19.81913948059082
2018-03-07,AVGO,19.51035499572754
2018-03-08,AVGO,19.502458572387695
2018-03-09,AVGO,20.041845321655273
2018-03-12,AVGO,20.75734519958496
2018-03-13,AVGO,20.629405975341797
2018-03-14,AVGO,20.57965850830078
2018-03-15,AVGO,21.145893096923828
2018-03-16,AVGO,20.127927780151367
2018-03-19,AVGO,19.344512939453125
2018-03-20,AVGO,19.139968872070313
2018-03-21,AVGO,19.71209716796875
2018-03-22,AVGO,19.517383575439453
2018-03-23,AVGO,19.430044174194336
2018-03-26,AVGO,19.850730895996094
2018-03-27,AVGO,19.581493377685547
2018-03-28,AVGO,18.96528434753418
2018-03-29,AVGO,18.882749557495117
2018-04-02,AVGO,18.244108200073242
2018-04-03,AVGO,18.973295211791992
2018-04-04,AVGO,18.990121841430664
2018-04-05,AVGO,18.93563461303711
2018-04-06,AVGO,18.33946418762207
2018-04-09,AVGO,18.809831619262695
2018-04-10,AVGO,19.211280822753906
2018-04-11,AVGO,19.2569637298584
2018-04-12,AVGO,19.185646057128906
2018-04-13,AVGO,19.787425994873047
2018-04-16,AVGO,19.98214340209961
2018-04-17,AVGO,20.17205238342285
2018-04-18,AVGO,19.999771118164063
2018-04-19,AVGO,19.46048927307129
2018-04-20,AVGO,19.00053596496582
2018-04-23,AVGO,18.706462860107422
2018-04-24,AVGO,18.301002502441406
2018-04-25,AVGO,18.349884033203125
2018-04-26,AVGO,18.463668823242188
2018-04-27,AVGO,18.652774810791016
2018-04-30,AVGO,18.383535385131836
2018-05-01,AVGO,18.460460662841797
2018-05-02,AVGO,18.329051971435547
2018-05-03,AVGO,18.049392700195313
2018-05-04,AVGO,18.471681594848633
2018-05-07,AVGO,18.908397674560547
2018-05-08,AVGO,19.139163970947266
2018-05-09,AVGO,19.075063705444336
2018-05-10,AVGO,19.512577056884766
2018-05-11,AVGO,19.502155303955078
2018-05-14,AVGO,19.612735748291016
2018-05-15,AVGO,19.35792350769043
2018-05-16,AVGO,19.272184371948242
2018-05-17,AVGO,19.18724250793457
2018-05-18,AVGO,18.909997940063477
2018-05-21,AVGO,19.15519905090332
2018-05-22,AVGO,19.110321044921875
2018-05-23,AVGO,19.276187896728516
2018-05-24,AVGO,19.51417350769043
2018-05-25,AVGO,20.0350284576416
2018-05-29,AVGO,20.007780075073242
2018-05-30,AVGO,19.98454475402832
2018-05-31,AVGO,20.198497772216797
2018-06-01,AVGO,20.540647506713867
2018-06-04,AVGO,20.703311920166016
2018-06-05,AVGO,20.774635314941406
2018-06-06,AVGO,21.11598014831543
2018-06-07,AVGO,21.208940505981445
2018-06-08,AVGO,20.6712589263916
2018-06-11,AVGO,20.90043830871582
2018-06-12,AVGO,20.948514938354492
2018-06-13,AVGO,21.12079429626465
2018-06-14,AVGO,21.51183319091797
2018-06-15,AVGO,21.653661727905273
2018-06-18,AVGO,21.19451904296875
2018-06-19,AVGO,21.190454483032227
2018-06-20,AVGO,21.212379455566406
2018-06-21,AVGO,21.084888458251953
2018-06-22,AVGO,21.089765548706055
2018-06-25,AVGO,20.497774124145508
2018-06-26,AVGO,20.426321029663086
2018-06-27,AVGO,20.06657600402832
2018-06-28,AVGO,19.88711929321289
2018-06-29,AVGO,19.703596115112305
2018-07-02,AVGO,19.655681610107422
2018-07-03,AVGO,19.43155288696289
2018-07-05,AVGO,19.92772102355957
2018-07-06,AVGO,20.11286735534668
2018-07-09,AVGO,20.092565536499023
2018-07-10,AVGO,20.34673500061035
2018-07-11,AVGO,19.768558502197266
2018-07-12,AVGO,17.051433563232422
2018-07-13,AVGO,16.440773010253906
2018-07-16,AVGO,16.504924774169922
2018-07-17,AVGO,16.915822982788086
2018-07-18,AVGO,16.953989028930664
2018-07-19,AVGO,17.083106994628906
2018-07-20,AVGO,17.079858779907227
2018-07-23,AVGO,17.598756790161133
2018-07-24,AVGO,17.649105072021484
2018-07-25,AVGO,18.349905014038086
2018-07-26,AVGO,18.12333869934082
2018-07-27,AVGO,17.950368881225586
2018-07-30,AVGO,18.286563873291016
2018-07-31,AVGO,18.008832931518555
2018-08-01,AVGO,17.60525131225586
2018-08-02,AVGO,17.56871223449707
2018-08-03,AVGO,17.687267303466797
2018-08-06,AVGO,17.617435455322266
2018-08-07,AVGO,17.890289306640625
2018-08-08,AVGO,17.821252822875977
2018-08-09,AVGO,17.587387084960938
2018-08-10,AVGO,17.234149932861328
2018-08-13,AVGO,17.140762329101563
2018-08-14,AVGO,16.833803176879883
2018-08-15,AVGO,16.77533721923828
2018-08-16,AVGO,16.946678161621094
2018-08-17,AVGO,16.9937801361084
2018-08-20,AVGO,16.786706924438477
2018-08-21,AVGO,17.0944766998291
2018-08-22,AVGO,16.85329818725586
2018-08-23,AVGO,16.694950103759766
2018-08-24,AVGO,16.97185707092285
2018-08-27,AVGO,17.29423713684082
2018-08-28,AVGO,17.412799835205078
2018-08-29,AVGO,17.458269119262695
2018-08-30,AVGO,17.59307289123535
2018-08-31,AVGO,17.786340713500977
2018-09-04,AVGO,17.81882667541504
2018-09-05,AVGO,17.980422973632813
2018-09-06,AVGO,17.537857055664063
2018-09-07,AVGO,18.886669158935547
2018-09-10,AVGO,19.53874969482422
2018-09-11,AVGO,18.884235382080078
2018-09-12,AVGO,18.668228149414063
2018-09-13,AVGO,19.117294311523438
2018-09-14,AVGO,19.192001342773438
2018-09-17,AVGO,19.069387435913086
2018-09-18,AVGO,19.613445281982422
2018-09-19,AVGO,19.781986236572266
2018-09-20,AVGO,20.038883209228516
2018-09-21,AVGO,20.29823875427246
2018-09-24,AVGO,20.408681869506836
2018-09-25,AVGO,20.261417388916016
2018-09-26,AVGO,20.079797744750977
2018-09-27,AVGO,20.16324234008789
2018-09-28,AVGO,20.186145782470703
2018-10-01,AVGO,20.413599014282227
2018-10-02,AVGO,20.29823875427246
2018-10-03,AVGO,20.406230926513672
2018-10-04,AVGO,20.3039608001709
2018-10-05,AVGO,19.98160743713379
2018-10-08,AVGO,19.74762535095215
2018-10-09,AVGO,20.02006721496582
2018-10-10,AVGO,18.96710968017578
2018-10-11,AVGO,18.727397918701172
2018-10-12,AVGO,19.058746337890625
2018-10-15,AVGO,19.01947593688965
2018-10-16,AVGO,19.49809455871582
2018-10-17,AVGO,19.404001235961914
2018-10-18,AVGO,18.6553955078125
2018-10-19,AVGO,18.676666259765625
2018-10-22,AVGO,18.70448112487793
2018-10-23,AVGO,18.739673614501953
2018-10-24,AVGO,17.89370346069336
2018-10-25,AVGO,18.18250846862793
2018-10-26,AVGO,17.438810348510742
2018-10-29,AVGO,17.30381202697754
2018-10-30,AVGO,18.081872940063477
2018-10-31,AVGO,18.28477668762207
2018-11-01,AVGO,18.807573318481445
2018-11-02,AVGO,18.062246322631836
2018-11-05,AVGO,18.00660514831543
2018-11-06,AVGO,18.674213409423828
2018-11-07,AVGO,19.1773738861084
2018-11-08,AVGO,19.65599250793457
2018-11-09,AVGO,19.552906036376953
2018-11-12,AVGO,18.296232223510742
2018-11-13,AVGO,18.3944091796875
2018-11-14,AVGO,18.506494522094727
2018-11-15,AVGO,19.33609962463379
2018-11-16,AVGO,19.440006256103516
2018-11-19,AVGO,18.7462100982666
2018-11-20,AVGO,18.630029678344727
2018-11-21,AVGO,18.817386627197266
2018-11-23,AVGO,18.809213638305664
2018-11-26,AVGO,19.251829147338867
2018-11-27,AVGO,19.294370651245117
2018-11-28,AVGO,19.24446678161621
2018-11-29,AVGO,19.2902774810791
2018-11-30,AVGO,19.423635482788086
2018-12-03,AVGO,19.80489730834961
2018-12-04,AVGO,18.984291076660156
2018-12-06,AVGO,18.591581344604492
2018-12-07,AVGO,18.699575424194336
2018-12-10,AVGO,19.57417869567871
2018-12-11,AVGO,20.19515037536621
2018-12-12,AVGO,20.86111831665039
2018-12-13,AVGO,21.13274574279785
2018-12-14,AVGO,20.84885597229004
2018-12-17,AVGO,20.791584014892578
2018-12-18,AVGO,20.641929626464844
2018-12-19,AVGO,20.1640625
2018-12-20,AVGO,19.99871063232422
2018-12-21,AVGO,20.248390197753906
2018-12-24,AVGO,19.329849243164063
2018-12-26,AVGO,20.515438079833984
2018-12-27,AVGO,20.739492416381836
2018-12-28,AVGO,20.966028213500977
2018-12-31,AVGO,21.023073196411133
2019-01-02,AVGO,20.959415435791016
2019-01-03,AVGO,19.095046997070313
2019-01-04,AVGO,19.282730102539063
2019-01-07,AVGO,19.67544174194336
2019-01-08,AVGO,19.51753044128418
2019-01-09,AVGO,20.361663818359375
2019-01-10,AVGO,20.629535675048828
2019-01-11,AVGO,20.71634292602539
2019-01-14,AVGO,20.741146087646484
2019-01-15,AVGO,21.20578956604004
2019-01-16,AVGO,20.809768676757813
2019-01-17,AVGO,21.109888076782227
2019-01-18,AVGO,21.563785552978516
2019-01-22,AVGO,21.354610443115234
2019-01-23,AVGO,21.29094886779785
2019-01-24,AVGO,21.78948974609375
2019-01-25,AVGO,22.152441024780273
2019-01-28,AVGO,22.12598419189453
2019-01-29,AVGO,22.01849937438965
2019-01-30,AVGO,22.390552520751953
2019-01-31,AVGO,22.178077697753906
2019-02-01,AVGO,22.05901336669922
2019-02-04,AVGO,22.498029708862305
2019-02-05,AVGO,22.3227596282959
2019-02-06,AVGO,22.83617401123047
2019-02-07,AVGO,22.247522354125977
2019-02-08,AVGO,22.658424377441406
2019-02-11,AVGO,22.79566764831543
2019-02-12,AVGO,23.099088668823242
2019-02-13,AVGO,23.258657455444336
2019-02-14,AVGO,23.27353858947754
2019-02-15,AVGO,23.30908966064453
2019-02-19,AVGO,23.286773681640625
2019-02-20,AVGO,23.432279586791992
2019-02-21,AVGO,23.22724151611328
2019-02-22,AVGO,22.860158920288086
2019-02-25,AVGO,23.033777236938477
2019-02-26,AVGO,22.736141204833984
2019-02-27,AVGO,22.445947647094727
2019-02-28,AVGO,22.765905380249023
2019-03-01,AVGO,22.550121307373047
2019-03-04,AVGO,22.727046966552734
2019-03-05,AVGO,22.902324676513672
2019-03-06,AVGO,22.434370040893555
2019-03-07,AVGO,21.951541900634766
2019-03-08,AVGO,21.842403411865234
2019-03-11,AVGO,22.245040893554688
2019-03-12,AVGO,22.29216194152832
2019-03-13,AVGO,22.42279624938965
2019-03-14,AVGO,22.17394256591797
2019-03-15,AVGO,24.000268936157227
2019-03-18,AVGO,24.293773651123047
2019-03-19,AVGO,24.746013641357422
2019-03-20,AVGO,24.276382446289063
2019-03-21,AVGO,24.7576904296875
2019-03-22,AVGO,24.411518096923828
2019-03-25,AVGO,24.370641708374023
2019-03-26,AVGO,24.776880264282227
2019-03-27,AVGO,24.68845558166504
2019-03-28,AVGO,24.947044372558594
2019-03-29,AVGO,25.083847045898438
2019-04-01,AVGO,25.50760269165039
2019-04-02,AVGO,25.279041290283203
2019-04-03,AVGO,25.374969482421875
2019-04-04,AVGO,25.191450119018555
2019-04-05,AVGO,25.381637573242188
2019-04-08,AVGO,25.3983211517334
2019-04-09,AVGO,25.312402725219727
2019-04-10,AVGO,25.651073455810547
2019-04-11,AVGO,25.809558868408203
2019-04-12,AVGO,26.445186614990234
2019-04-15,AVGO,26.392635345458984
2019-04-16,AVGO,26.56781005859375
2019-04-17,AVGO,26.737140655517578
2019-04-18,AVGO,26.577816009521484
2019-04-22,AVGO,26.275856018066406
2019-04-23,AVGO,26.329240798950195
2019-04-24,AVGO,26.219968795776367
2019-04-25,AVGO,26.010589599609375
2019-04-26,AVGO,25.892976760864258
2019-04-29,AVGO,26.085668563842773
2019-04-30,AVGO,26.559465408325195
2019-05-01,AVGO,26.601173400878906
2019-05-02,AVGO,26.34425163269043
2019-05-03,AVGO,26.3350772857666
2019-05-06,AVGO,25.989736557006836
2019-05-07,AVGO,25.632719039916992
2019-05-08,AVGO,25.30739974975586
2019-05-09,AVGO,25.363285064697266
2019-05-10,AVGO,25.35494613647461
2019-05-13,AVGO,24.472408294677734
2019-05-14,AVGO,25.191450119018555
2019-05-15,AVGO,25.38914680480957
2019-05-16,AVGO,24.798564910888672
2019-05-17,AVGO,24.181291580200195
2019-05-20,AVGO,22.738208770751953
2019-05-21,AVGO,22.966768264770508
2019-05-22,AVGO,22.457096099853516
2019-05-23,AVGO,21.695512771606445
2019-05-24,AVGO,21.34933853149414
2019-05-28,AVGO,21.227556228637695
2019-05-29,AVGO,21.197525024414063
2019-05-30,AVGO,21.406063079833984
2019-05-31,AVGO,20.990650177001953
2019-06-03,AVGO,21.119112014770508
2019-06-04,AVGO,22.16347312927246
2019-06-05,AVGO,22.165142059326172
2019-06-06,AVGO,22.7548885345459
2019-06-07,AVGO,22.928394317626953
2019-06-10,AVGO,23.373825073242188
2019-06-11,AVGO,23.6466007232666
2019-06-12,AVGO,23.33379364013672
2019-06-13,AVGO,23.490610122680664
2019-06-14,AVGO,22.18265724182129
2019-06-17,AVGO,22.185993194580078
2019-06-18,AVGO,23.193655014038086
2019-06-19,AVGO,23.146936416625977
2019-06-20,AVGO,23.27707290649414
2019-06-21,AVGO,23.07411003112793
2019-06-24,AVGO,23.512866973876953
2019-06-25,AVGO,23.28633689880371
2019-06-26,AVGO,23.70151710510254
2019-06-27,AVGO,24.061113357543945
2019-06-28,AVGO,24.24217414855957
2019-07-01,AVGO,25.294021606445313
2019-07-02,AVGO,24.871259689331055
2019-07-03,AVGO,23.99205780029297
2019-07-05,AVGO,23.804258346557617
2019-07-08,AVGO,23.155803680419922
2019-07-09,AVGO,23.20380401611328
2019-07-10,AVGO,23.11705780029297
2019-07-11,AVGO,23.248432159423828
2019-07-12,AVGO,24.034162521362305
2019-07-15,AVGO,24.2825984954834
2019-07-16,AVGO,23.928049087524414
2019-07-17,AVGO,24.008060455322266
2019-07-18,AVGO,24.403865814208984
2019-07-19,AVGO,24.42238998413086
2019-07-22,AVGO,24.940317153930664
2019-07-23,AVGO,25.330236434936523
2019-07-24,AVGO,25.5820369720459
2019-07-25,AVGO,25.29738998413086
2019-07-26,AVGO,25.342023849487305
2019-07-29,AVGO,25.41107749938965
2019-07-30,AVGO,25.22749137878418
2019-07-31,AVGO,24.421552658081055
2019-08-01,AVGO,24.029951095581055
2019-08-02,AVGO,23.456445693969727
2019-08-05,AVGO,22.541025161743164
2019-08-06,AVGO,22.43828773498535
2019-08-07,AVGO,22.742298126220703
2019-08-08,AVGO,22.82062339782715
2019-08-09,AVGO,23.22064971923828
2019-08-12,AVGO,23.21306800842285
2019-08-13,AVGO,23.891841888427734
2019-08-14,AVGO,22.86946678161621
2019-08-15,AVGO,22.62355613708496
2019-08-16,AVGO,23.05642318725586
2019-08-19,AVGO,23.47749900817871
2019-08-20,AVGO,23.611400604248047
2019-08-21,AVGO,24.211856842041016
2019-08-22,AVGO,24.221960067749023
2019-08-23,AVGO,22.917470932006836
2019-08-26,AVGO,23.34612274169922
2019-08-27,AVGO,23.207168579101563
2019-08-28,AVGO,23.248432159423828
2019-08-29,AVGO,23.864049911499023
2019-08-30,AVGO,23.802570343017578
2019-09-03,AVGO,23.079160690307617
2019-09-04,AVGO,23.834571838378906
2019-09-05,AVGO,24.508291244506836
2019-09-06,AVGO,24.5832462310791
2019-09-09,AVGO,24.642192840576172
2019-09-10,AVGO,24.796314239501953
2019-09-11,AVGO,25.096956253051758
2019-09-12,AVGO,25.313390731811523
2019-09-13,AVGO,24.449342727661133
2019-09-16,AVGO,24.30954360961914
2019-09-17,AVGO,24.32386016845703
2019-09-18,AVGO,24.23206901550293
2019-09-19,AVGO,24.476289749145508
2019-09-20,AVGO,24.15928077697754
2019-09-23,AVGO,24.261268615722656
2019-09-24,AVGO,23.993549346923828
2019-09-25,AVGO,23.437711715698242
2019-09-26,AVGO,23.53459930419922
2019-09-27,AVGO,23.299179077148438
2019-09-30,AVGO,23.46320915222168
2019-10-01,AVGO,23.359519958496094
2019-10-02,AVGO,22.95326805114746
2019-10-03,AVGO,23.32382583618164
2019-10-04,AVGO,23.918764114379883
2019-10-07,AVGO,23.464061737060547
2019-10-08,AVGO,22.97536849975586
2019-10-09,AVGO,23.215038299560547
2019-10-10,AVGO,23.32552719116211
2019-10-11,AVGO,23.874561309814453
2019-10-14,AVGO,23.938302993774414
2019-10-15,AVGO,24.674318313598633
2019-10-16,AVGO,24.51793670654297
2019-10-17,AVGO,24.598674774169922
2019-10-18,AVGO,24.369203567504883
2019-10-21,AVGO,24.610576629638672
2019-10-22,AVGO,24.43124771118164
2019-10-23,AVGO,23.824419021606445
2019-10-24,AVGO,23.993549346923828
2019-10-25,AVGO,24.63182258605957
2019-10-28,AVGO,24.77885627746582
2019-10-29,AVGO,24.49074363708496
2019-10-30,AVGO,24.667510986328125
2019-10-31,AVGO,24.889341354370117
2019-11-01,AVGO,25.20720672607422
2019-11-04,AVGO,25.92197036743164
2019-11-05,AVGO,26.690288543701172
2019-11-06,AVGO,26.615495681762695
2019-11-07,AVGO,26.494802474975586
2019-11-08,AVGO,26.63673973083496
2019-11-11,AVGO,26.580644607543945
2019-11-12,AVGO,26.816917419433594
2019-11-13,AVGO,26.658838272094727
2019-11-14,AVGO,26.25938606262207
2019-11-15,AVGO,26.59424591064453
2019-11-18,AVGO,26.437862396240234
2019-11-19,AVGO,27.001344680786133
2019-11-20,AVGO,26.48885726928711
2019-11-21,AVGO,26.793121337890625
2019-11-22,AVGO,26.765073776245117
2019-11-25,AVGO,27.164531707763672
2019-11-26,AVGO,26.87981605529785
2019-11-27,AVGO,27.064233779907227
2019-11-29,AVGO,26.874713897705078
2019-12-02,AVGO,26.40812110900879
2019-12-03,AVGO,26.05115509033203
2019-12-04,AVGO,26.32312774658203
2019-12-05,AVGO,26.448057174682617
2019-12-06,AVGO,26.861114501953125
2019-12-09,AVGO,26.719181060791016
2019-12-10,AVGO,26.776975631713867
2019-12-11,AVGO,27.173025131225586
2019-12-12,AVGO,27.859750747680664
2019-12-13,AVGO,26.807567596435547
2019-12-16,AVGO,27.462841033935547
2019-12-17,AVGO,27.51978874206543
2019-12-18,AVGO,27.82915687561035
2019-12-19,AVGO,27.5452880859375
2019-12-20,AVGO,27.38646125793457
2019-12-23,AVGO,27.43195915222168
2019-12-24,AVGO,27.515233993530273
2019-12-26,AVGO,27.298892974853516
2019-12-27,AVGO,27.174409866333008
2019-12-30,AVGO,26.910839080810547
2019-12-31,AVGO,27.130624771118164
2020-01-02,AVGO,27.6774959564209
2020-01-03,AVGO,26.973512649536133
2020-01-06,AVGO,26.93316650390625
2020-01-07,AVGO,26.84044075012207
2020-01-08,AVGO,26.505632400512695
2020-01-09,AVGO,26.2927188873291
2020-01-10,AVGO,25.68832778930664
2020-01-13,AVGO,25.856597900390625
2020-01-14,AVGO,26.457551956176758
2020-01-15,AVGO,26.02486228942871
2020-01-16,AVGO,26.36054039001465
2020-01-17,AVGO,26.509920120239258
2020-01-21,AVGO,26.448108673095703
2020-01-22,AVGO,26.868778228759766
2020-01-23,AVGO,27.4422664642334
2020-01-24,AVGO,27.815715789794922
2020-01-27,AVGO,26.5305233001709
2020-01-28,AVGO,27.32722282409668
2020-01-29,AVGO,27.258541107177734
2020-01-30,AVGO,27.06022834777832
2020-01-31,AVGO,26.198286056518555
2020-02-03,AVGO,26.204296112060547
2020-02-04,AVGO,26.751161575317383
2020-02-05,AVGO,27.24738121032715
2020-02-06,AVGO,27.445695877075195
2020-02-07,AVGO,27.062803268432617
2020-02-10,AVGO,26.97437858581543
2020-02-11,AVGO,27.486047744750977
2020-02-12,AVGO,27.87581443786621
2020-02-13,AVGO,27.81313705444336
2020-02-14,AVGO,27.280864715576172
2020-02-18,AVGO,26.678190231323242
2020-02-19,AVGO,27.102293014526367
2020-02-20,AVGO,26.548555374145508
2020-02-21,AVGO,26.141620635986328
2020-02-24,AVGO,25.034147262573242
2020-02-25,AVGO,24.26835060119629
2020-02-26,AVGO,24.543073654174805
2020-02-27,AVGO,23.518875122070313
2020-02-28,AVGO,23.404693603515625
2020-03-02,AVGO,24.46495246887207
2020-03-03,AVGO,23.544628143310547
2020-03-04,AVGO,24.506160736083984
2020-03-05,AVGO,23.526601791381836
2020-03-06,AVGO,23.13254737854004
2020-03-09,AVGO,21.267000198364258
2020-03-10,AVGO,22.570222854614258
2020-03-11,AVGO,21.11676788330078
2020-03-12,AVGO,18.78247833251953
2020-03-13,AVGO,20.10801887512207
2020-03-16,AVGO,16.103923797607422
2020-03-17,AVGO,17.128129959106445
2020-03-18,AVGO,14.411803245544434
2020-03-19,AVGO,16.6937198638916
2020-03-20,AVGO,16.78278350830078
2020-03-23,AVGO,16.89191436767578
2020-03-24,AVGO,18.576129913330078
2020-03-25,AVGO,18.99434471130371
2020-03-26,AVGO,21.23123550415039
2020-03-27,AVGO,20.141605377197266
2020-03-30,AVGO,20.964067459106445
2020-03-31,AVGO,20.70125961303711
2020-04-01,AVGO,19.525192260742188
2020-04-02,AVGO,20.697765350341797
2020-04-03,AVGO,20.45330047607422
2020-04-06,AVGO,22.040597915649414
2020-04-07,AVGO,22.113069534301758
2020-04-08,AVGO,22.796709060668945
2020-04-09,AVGO,22.2030029296875
2020-04-13,AVGO,22.693681716918945
2020-04-14,AVGO,23.366840362548828
2020-04-15,AVGO,22.47715187072754
2020-04-16,AVGO,22.551368713378906
2020-04-17,AVGO,23.21405029296875
2020-04-20,AVGO,22.55048942565918
2020-04-21,AVGO,21.62238121032715
2020-04-22,AVGO,22.69805145263672
2020-04-23,AVGO,22.60723876953125
2020-04-24,AVGO,23.120630264282227
2020-04-27,AVGO,23.438434600830078
2020-04-28,AVGO,23.113643646240234
2020-04-29,AVGO,24.099374771118164
2020-04-30,AVGO,23.715211868286133
2020-05-01,AVGO,22.674470901489258
2020-05-04,AVGO,22.897991180419922
2020-05-05,AVGO,23.125865936279297
2020-05-06,AVGO,23.065624237060547
2020-05-07,AVGO,23.377317428588867
2020-05-08,AVGO,24.012943267822266
2020-05-11,AVGO,24.045242309570313
2020-05-12,AVGO,23.438434600830078
2020-05-13,AVGO,22.97569465637207
2020-05-14,AVGO,23.276914596557617
2020-05-15,AVGO,22.736459732055664
2020-05-18,AVGO,23.881977081298828
2020-05-19,AVGO,23.74402618408203
2020-05-20,AVGO,24.331619262695313
2020-05-21,AVGO,23.992855072021484
2020-05-22,AVGO,24.15437889099121
2020-05-26,AVGO,24.62323760986328
2020-05-27,AVGO,25.109560012817383
2020-05-28,AVGO,24.721027374267578
2020-05-29,AVGO,25.430856704711914
2020-06-01,AVGO,25.319101333618164
2020-06-02,AVGO,26.02369499206543
2020-06-03,AVGO,27.025142669677734
2020-06-04,AVGO,26.969263076782227
2020-06-05,AVGO,27.684335708618164
2020-06-08,AVGO,27.722759246826172
2020-06-09,AVGO,27.53066635131836
2020-06-10,AVGO,27.506221771240234
2020-06-11,AVGO,25.647388458251953
2020-06-12,AVGO,26.21490478515625
2020-06-15,AVGO,26.550174713134766
2020-06-16,AVGO,27.129045486450195
2020-06-17,AVGO,27.366527557373047
2020-06-18,AVGO,27.82665252685547
2020-06-19,AVGO,26.707273483276367
2020-06-22,AVGO,27.657285690307617
2020-06-23,AVGO,27.459699630737305
2020-06-24,AVGO,27.07775115966797
2020-06-25,AVGO,27.24358558654785
2020-06-26,AVGO,27.116561889648438
2020-06-29,AVGO,27.32561683654785
2020-06-30,AVGO,27.83988380432129
2020-07-01,AVGO,27.585840225219727
2020-07-02,AVGO,27.827537536621094
2020-07-06,AVGO,28.12038803100586
2020-07-07,AVGO,27.620241165161133
2020-07-08,AVGO,28.18919563293457
2020-07-09,AVGO,28.359439849853516
2020-07-10,AVGO,28.17772674560547
2020-07-13,AVGO,27.46057891845703
2020-07-14,AVGO,27.793128967285156
2020-07-15,AVGO,27.678464889526367
2020-07-16,AVGO,27.463226318359375
2020-07-17,AVGO,27.584075927734375
2020-07-20,AVGO,27.97396469116211
2020-07-21,AVGO,27.727855682373047
2020-07-22,AVGO,27.680225372314453
2020-07-23,AVGO,27.315916061401367
2020-07-24,AVGO,26.973663330078125
2020-07-27,AVGO,27.58142852783203
2020-07-28,AVGO,27.111270904541016
2020-07-29,AVGO,27.24358558654785
2020-07-30,AVGO,27.5302677154541
2020-07-31,AVGO,27.940446853637695
2020-08-03,AVGO,28.33561897277832
2020-08-04,AVGO,28.967208862304688
2020-08-05,AVGO,29.068641662597656
2020-08-06,AVGO,29.035120010375977
2020-08-07,AVGO,28.75020980834961
2020-08-10,AVGO,28.8763484954834
2020-08-11,AVGO,28.582616806030273
2020-08-12,AVGO,29.430299758911133
2020-08-13,AVGO,29.058059692382813
2020-08-14,AVGO,28.91692543029785
2020-08-17,AVGO,29.137449264526367
2020-08-18,AVGO,28.989248275756836
2020-08-19,AVGO,29.039533615112305
2020-08-20,AVGO,29.006010055541992
2020-08-21,AVGO,29.11098289489746
2020-08-24,AVGO,29.462059020996094
2020-08-25,AVGO,29.650819778442383
2020-08-26,AVGO,29.962209701538086
2020-08-27,AVGO,29.91546058654785
2020-08-28,AVGO,30.41649055480957
2020-08-31,AVGO,30.62201690673828
2020-09-01,AVGO,31.714948654174805
2020-09-02,AVGO,33.07953643798828
2020-09-03,AVGO,31.057769775390625
2020-09-04,AVGO,32.01573181152344
2020-09-08,AVGO,30.921049118041992
2020-09-09,AVGO,31.75817108154297
2020-09-10,AVGO,31.497943878173828
2020-09-11,AVGO,31.72905158996582
2020-09-14,AVGO,31.949586868286133
2020-09-15,AVGO,32.36505126953125
2020-09-16,AVGO,32.37650680541992
2020-09-17,AVGO,32.27770233154297
2020-09-18,AVGO,31.731693267822266
2020-09-21,AVGO,31.31422233581543
2020-09-22,AVGO,32.18655014038086
2020-09-23,AVGO,31.296419143676758
2020-09-24,AVGO,31.379199981689453
2020-09-25,AVGO,31.76018714904785
2020-09-28,AVGO,32.69482421875
2020-09-29,AVGO,32.424232482910156
2020-09-30,AVGO,32.429561614990234
2020-10-01,AVGO,32.810550689697266
2020-10-02,AVGO,31.762861251831055
2020-10-05,AVGO,32.5880126953125
2020-10-06,AVGO,32.3993034362793
2020-10-07,AVGO,32.64497756958008
2020-10-08,AVGO,33.23158645629883
2020-10-09,AVGO,33.531558990478516
2020-10-12,AVGO,34.04161071777344
2020-10-13,AVGO,33.95792770385742
2020-10-14,AVGO,33.85200881958008
2020-10-15,AVGO,33.819068908691406
2020-10-16,AVGO,33.70513153076172
2020-10-19,AVGO,33.44877243041992
2020-10-20,AVGO,33.55736541748047
2020-10-21,AVGO,33.11764144897461
2020-10-22,AVGO,33.23514938354492
2020-10-23,AVGO,33.177276611328125
2020-10-26,AVGO,32.31563186645508
2020-10-27,AVGO,32.009422302246094
2020-10-28,AVGO,30.906539916992188
2020-10-29,AVGO,31.600849151611328
2020-10-30,AVGO,31.1219539642334
2020-11-02,AVGO,31.266151428222656
2020-11-03,AVGO,31.489580154418945
2020-11-04,AVGO,32.45717239379883
2020-11-05,AVGO,33.902748107910156
2020-11-06,AVGO,33.880496978759766
2020-11-09,AVGO,33.42830276489258
2020-11-10,AVGO,32.323638916015625
2020-11-11,AVGO,33.462127685546875
2020-11-12,AVGO,32.952964782714844
2020-11-13,AVGO,33.2467155456543
2020-11-16,AVGO,33.89741134643555
2020-11-17,AVGO,33.87871170043945
2020-11-18,AVGO,33.880496978759766
2020-11-19,AVGO,34.21074295043945
2020-11-20,AVGO,34.12172317504883
2020-11-23,AVGO,34.44840621948242
2020-11-24,AVGO,34.9139404296875
2020-11-25,AVGO,34.789337158203125
2020-11-27,AVGO,35.156070709228516
2020-11-30,AVGO,35.74623489379883
2020-12-01,AVGO,36.01238250732422
2020-12-02,AVGO,35.9376106262207
2020-12-03,AVGO,35.58778381347656
2020-12-04,AVGO,36.64527130126953
2020-12-07,AVGO,37.46509552001953
2020-12-08,AVGO,37.68939971923828
2020-12-09,AVGO,37.04939651489258
2020-12-10,AVGO,36.49929428100586
2020-12-11,AVGO,36.12364196777344
2020-12-14,AVGO,36.655948638916016
2020-12-15,AVGO,37.213172912597656
2020-12-16,AVGO,37.82203674316406
2020-12-17,AVGO,37.92885208129883
2020-12-18,AVGO,39.01150131225586
2020-12-21,AVGO,38.5015983581543
2020-12-22,AVGO,38.88044357299805
2020-12-23,AVGO,38.194576263427734
2020-12-24,AVGO,38.73321533203125
2020-12-28,AVGO,38.77091979980469
2020-12-29,AVGO,38.51595687866211
2020-12-30,AVGO,39.03573989868164
2020-12-31,AVGO,39.30685043334961
2021-01-04,AVGO,38.173038482666016
2021-01-05,AVGO,38.431575775146484
2021-01-06,AVGO,38.194576263427734
2021-01-07,AVGO,39.804195404052734
2021-01-08,AVGO,40.00617980957031
2021-01-11,AVGO,40.01695251464844
2021-01-12,AVGO,40.34283447265625
2021-01-13,AVGO,40.5062141418457
2021-01-14,AVGO,40.58342361450195
2021-01-15,AVGO,40.0250358581543
2021-01-19,AVGO,41.22978210449219
2021-01-20,AVGO,41.464088439941406
2021-01-21,AVGO,41.90757369995117
2021-01-22,AVGO,41.745975494384766
2021-01-25,AVGO,41.72532653808594
2021-01-26,AVGO,41.64274215698242
2021-01-27,AVGO,39.92180252075195
2021-01-28,AVGO,40.553802490234375
2021-01-29,AVGO,40.442474365234375
2021-02-01,AVGO,41.900386810302734
2021-02-02,AVGO,42.81067657470703
2021-02-03,AVGO,41.7612419128418
2021-02-04,AVGO,42.249603271484375
2021-02-05,AVGO,41.83484649658203
2021-02-08,AVGO,42.435428619384766
2021-02-09,AVGO,42.60868835449219
2021-02-10,AVGO,42.19752502441406
2021-02-11,AVGO,42.946231842041016
2021-02-12,AVGO,43.65812683105469
2021-02-16,AVGO,43.91039276123047
2021-02-17,AVGO,43.31340408325195
2021-02-18,AVGO,43.383419036865234
2021-02-19,AVGO,43.984893798828125
2021-02-22,AVGO,42.76400375366211
2021-02-23,AVGO,42.36360549926758
2021-02-24,AVGO,43.169761657714844
2021-02-25,AVGO,41.04036331176758
2021-02-26,AVGO,42.18136215209961
2021-03-01,AVGO,43.9507942199707
2021-03-02,AVGO,43.13655471801758
2021-03-03,AVGO,41.57001876831055
2021-03-04,AVGO,39.822147369384766
2021-03-05,AVGO,40.41015625
2021-03-08,AVGO,37.81663513183594
2021-03-09,AVGO,39.82304382324219
2021-03-10,AVGO,39.28351593017578
2021-03-11,AVGO,40.72884750366211
2021-03-12,AVGO,40.502620697021484
2021-03-15,AVGO,42.26216506958008
2021-03-16,AVGO,42.92738342285156
2021-03-17,AVGO,43.413047790527344
2021-03-18,AVGO,41.66787338256836
2021-03-19,AVGO,42.92637634277344
2021-03-22,AVGO,43.00055694580078
2021-03-23,AVGO,41.98543167114258
2021-03-24,AVGO,41.371124267578125
2021-03-25,AVGO,41.77191925048828
2021-03-26,AVGO,43.61215591430664
2021-03-29,AVGO,42.7598991394043
2021-03-30,AVGO,41.270694732666016
2021-03-31,AVGO,41.94925308227539
2021-04-01,AVGO,43.06117630004883
2021-04-05,AVGO,44.194820404052734
2021-04-06,AVGO,43.77772903442383
2021-04-07,AVGO,43.650150299072266
2021-04-08,AVGO,43.92338562011719
2021-04-09,AVGO,43.88811111450195
2021-04-12,AVGO,43.75963592529297
2021-04-13,AVGO,43.8763427734375
2021-04-14,AVGO,43.18330764770508
2021-04-15,AVGO,43.42759704589844
2021-04-16,AVGO,43.318119049072266
2021-04-19,AVGO,41.79905700683594
2021-04-20,AVGO,41.370208740234375
2021-04-21,AVGO,41.59911346435547
2021-04-22,AVGO,41.175689697265625
2021-04-23,AVGO,42.1727180480957
2021-04-26,AVGO,42.69023513793945
2021-04-27,AVGO,42.19261932373047
2021-04-28,AVGO,41.54573059082031
2021-04-29,AVGO,42.187198638916016
2021-04-30,AVGO,41.27430725097656
2021-05-03,AVGO,40.726036071777344
2021-05-04,AVGO,40.21937942504883
2021-05-05,AVGO,40.15514373779297
2021-05-06,AVGO,40.58489227294922
2021-05-07,AVGO,40.94679260253906
2021-05-10,AVGO,39.45578384399414
2021-05-11,AVGO,39.814964294433594
2021-05-12,AVGO,38.214473724365234
2021-05-13,AVGO,38.95817565917969
2021-05-14,AVGO,39.95519256591797
2021-05-17,AVGO,39.80320358276367
2021-05-18,AVGO,39.24226379394531
2021-05-19,AVGO,39.9642448425293
2021-05-20,AVGO,41.165740966796875
2021-05-21,AVGO,40.82555389404297
2021-05-24,AVGO,41.54482650756836
2021-05-25,AVGO,41.57648849487305
2021-05-26,AVGO,41.662437438964844
2021-05-27,AVGO,42.312957763671875
2021-05-28,AVGO,42.73366165161133
2021-06-01,AVGO,42.36995315551758
2021-06-02,AVGO,42.860328674316406
2021-06-03,AVGO,42.05238723754883
2021-06-04,AVGO,42.97522735595703
2021-06-07,AVGO,41.9600944519043
2021-06-08,AVGO,41.93749237060547
2021-06-09,AVGO,41.97367858886719
2021-06-10,AVGO,42.40252685546875
2021-06-11,AVGO,42.586185455322266
2021-06-14,AVGO,43.050323486328125
2021-06-15,AVGO,42.58980941772461
2021-06-16,AVGO,42.138336181640625
2021-06-17,AVGO,42.62870407104492
2021-06-18,AVGO,41.93477249145508
2021-06-21,AVGO,42.36423873901367
2021-06-22,AVGO,42.34964370727539
2021-06-23,AVGO,42.5511589050293
2021-06-24,AVGO,42.86118698120117
2021-06-25,AVGO,42.144493103027344
2021-06-28,AVGO,43.11102294921875
2021-06-29,AVGO,43.50767135620117
2021-06-30,AVGO,43.47939682006836
2021-07-01,AVGO,42.82289123535156
2021-07-02,AVGO,42.6888542175293
2021-07-06,AVGO,43.154788970947266
2021-07-07,AVGO,42.813758850097656
2021-07-08,AVGO,42.901302337646484
2021-07-09,AVGO,43.78395080566406
2021-07-12,AVGO,44.29183578491211
2021-07-13,AVGO,44.13317108154297
2021-07-14,AVGO,43.91252136230469
2021-07-15,AVGO,43.52499008178711
2021-07-16,AVGO,42.679718017578125
2021-07-19,AVGO,42.46089553833008
2021-07-20,AVGO,42.72713851928711
2021-07-21,AVGO,43.67817687988281
2021-07-22,AVGO,43.432891845703125
2021-07-23,AVGO,44.05476760864258
2021-07-26,AVGO,43.97178268432617
2021-07-27,AVGO,43.344444274902344
2021-07-28,AVGO,43.553253173828125
2021-07-29,AVGO,44.14229202270508
2021-07-30,AVGO,44.25992202758789
2021-08-02,AVGO,44.19426727294922
2021-08-03,AVGO,44.386661529541016
2021-08-04,AVGO,44.478759765625
2021-08-05,AVGO,44.46689987182617
2021-08-06,AVGO,44.26264953613281
2021-08-09,AVGO,44.19426727294922
2021-08-10,AVGO,43.97360610961914
2021-08-11,AVGO,44.09123611450195
2021-08-12,AVGO,44.15596389770508
2021-08-13,AVGO,44.329219818115234
2021-08-16,AVGO,44.509761810302734
2021-08-17,AVGO,43.648094177246094
2021-08-18,AVGO,42.76179504394531
2021-08-19,AVGO,43.17759704589844
2021-08-20,AVGO,43.32712173461914
2021-08-23,AVGO,43.990943908691406
2021-08-24,AVGO,43.897926330566406
2021-08-25,AVGO,44.078468322753906
2021-08-26,AVGO,44.29091262817383
2021-08-27,AVGO,45.220985412597656
2021-08-30,AVGO,45.48997497558594
2021-08-31,AVGO,45.33678436279297
2021-09-01,AVGO,44.967498779296875
2021-09-02,AVGO,44.852596282958984
2021-09-03,AVGO,45.379638671875
2021-09-07,AVGO,45.28024673461914
2021-09-08,AVGO,45.078731536865234
2021-09-09,AVGO,44.997581481933594
2021-09-10,AVGO,45.42250061035156
2021-09-13,AVGO,45.496360778808594
2021-09-14,AVGO,45.761688232421875
2021-09-15,AVGO,46.47929382324219
2021-09-16,AVGO,46.261375427246094
2021-09-17,AVGO,46.138275146484375
2021-09-20,AVGO,45.118858337402344
2021-09-21,AVGO,45.09773254394531
2021-09-22,AVGO,45.97949981689453
2021-09-23,AVGO,46.32025909423828
2021-09-24,AVGO,46.377201080322266
2021-09-27,AVGO,46.370784759521484
2021-09-28,AVGO,45.10049057006836
2021-09-29,AVGO,44.95903778076172
2021-09-30,AVGO,44.541114807128906
2021-10-01,AVGO,44.763397216796875
2021-10-04,AVGO,43.7162971496582
2021-10-05,AVGO,44.586124420166016
2021-10-06,AVGO,44.894737243652344
2021-10-07,AVGO,45.366851806640625
2021-10-08,AVGO,45.26858139038086
2021-10-11,AVGO,45.22172927856445
2021-10-12,AVGO,44.573265075683594
2021-10-13,AVGO,44.54847717285156
2021-10-14,AVGO,45.704864501953125
2021-10-15,AVGO,46.223819732666016
2021-10-18,AVGO,46.23392868041992
2021-10-19,AVGO,46.879642486572266
2021-10-20,AVGO,46.787784576416016
2021-10-21,AVGO,47.22499465942383
2021-10-22,AVGO,47.34073257446289
2021-10-25,AVGO,47.952449798583984
2021-10-26,AVGO,49.036293029785156
2021-10-27,AVGO,48.047977447509766
2021-10-28,AVGO,48.641326904296875
2021-10-29,AVGO,48.83421325683594
2021-11-01,AVGO,48.50171661376953
2021-11-02,AVGO,49.33021545410156
2021-11-03,AVGO,49.817012786865234
2021-11-04,AVGO,50.391082763671875
2021-11-05,AVGO,51.33714294433594
2021-11-08,AVGO,51.33989715576172
2021-11-09,AVGO,51.23427200317383
2021-11-10,AVGO,50.40486145019531
2021-11-11,AVGO,51.01382827758789
2021-11-12,AVGO,51.73210525512695
2021-11-15,AVGO,51.96632385253906
2021-11-16,AVGO,52.24187469482422
2021-11-17,AVGO,52.32178497314453
2021-11-18,AVGO,52.796653747558594
2021-11-19,AVGO,52.23727798461914
2021-11-22,AVGO,50.81911087036133
2021-11-23,AVGO,50.98810958862305
2021-11-24,AVGO,51.31968688964844
2021-11-26,AVGO,50.204627990722656
2021-11-29,AVGO,51.8349723815918
2021-11-30,AVGO,50.85585021972656
2021-12-01,AVGO,50.955047607421875
2021-12-02,AVGO,50.74287033081055
2021-12-03,AVGO,51.26366424560547
2021-12-06,AVGO,51.89376449584961
2021-12-07,AVGO,54.228599548339844
2021-12-08,AVGO,54.059600830078125
2021-12-09,AVGO,53.587486267089844
2021-12-10,AVGO,58.02019500732422
2021-12-13,AVGO,57.099853515625
2021-12-14,AVGO,56.479862213134766
2021-12-15,AVGO,58.77153396606445
2021-12-16,AVGO,57.00984573364258
2021-12-17,AVGO,58.32146072387695
2021-12-20,AVGO,59.246395111083984
2021-12-21,AVGO,59.737247467041016
2021-12-22,AVGO,60.56549072265625
2021-12-23,AVGO,61.45289993286133
2021-12-27,AVGO,62.3292121887207
2021-12-28,AVGO,61.84112548828125
2021-12-29,AVGO,62.17485046386719
2021-12-30,AVGO,61.47879409790039
2021-12-31,AVGO,61.509300231933594
2022-01-03,AVGO,61.31608200073242
2022-01-04,AVGO,62.01862716674805
2022-01-05,AVGO,59.43775177001953
2022-01-06,AVGO,58.885894775390625
2022-01-07,AVGO,57.233097076416016
2022-01-10,AVGO,57.41889572143555
2022-01-11,AVGO,57.50117492675781
2022-01-12,AVGO,57.496551513671875
2022-01-13,AVGO,55.20315170288086
2022-01-14,AVGO,55.127349853515625
2022-01-18,AVGO,53.40985870361328
2022-01-19,AVGO,52.13235855102539
2022-01-20,AVGO,50.6302375793457
2022-01-21,AVGO,49.290802001953125
2022-01-24,AVGO,50.06267166137695
2022-01-25,AVGO,49.374935150146484
2022-01-26,AVGO,51.4991569519043
2022-01-27,AVGO,50.130149841308594
2022-01-28,AVGO,51.774627685546875
2022-01-31,AVGO,54.157684326171875
2022-02-01,AVGO,54.789955139160156
2022-02-02,AVGO,55.77996826171875
2022-02-03,AVGO,53.692710876464844
2022-02-04,AVGO,54.55331039428711
2022-02-07,AVGO,54.31943893432617
2022-02-08,AVGO,55.48324203491211
2022-02-09,AVGO,56.51115417480469
2022-02-10,AVGO,54.664249420166016
2022-02-11,AVGO,53.00590515136719
2022-02-14,AVGO,53.482879638671875
2022-02-15,AVGO,55.71896743774414
2022-02-16,AVGO,55.20500946044922
2022-02-17,AVGO,53.521705627441406
2022-02-18,AVGO,53.61322021484375
2022-02-22,AVGO,53.37934494018555
2022-02-23,AVGO,52.24513244628906
2022-02-24,AVGO,53.6141357421875
2022-02-25,AVGO,54.35457229614258
2022-02-28,AVGO,54.30188751220703
2022-03-01,AVGO,52.700862884521484
2022-03-02,AVGO,54.148433685302734
2022-03-03,AVGO,53.48473358154297
2022-03-04,AVGO,55.09223175048828
2022-03-07,AVGO,52.75447082519531
2022-03-08,AVGO,53.239768981933594
2022-03-09,AVGO,55.18743896484375
2022-03-10,AVGO,54.32868576049805
2022-03-11,AVGO,53.415401458740234
2022-03-14,AVGO,52.486392974853516
2022-03-15,AVGO,54.79365921020508
2022-03-16,AVGO,56.121063232421875
2022-03-17,AVGO,55.709712982177734
2022-03-18,AVGO,56.4251823425293
2022-03-21,AVGO,55.958011627197266
2022-03-22,AVGO,56.89329147338867
2022-03-23,AVGO,55.78025817871094
2022-03-24,AVGO,58.29762268066406
2022-03-25,AVGO,58.52470779418945
2022-03-28,AVGO,58.89787673950195
2022-03-29,AVGO,59.69729232788086
2022-03-30,AVGO,58.73129653930664
2022-03-31,AVGO,58.600074768066406
2022-04-01,AVGO,58.34880447387695
2022-04-04,AVGO,59.08121871948242
2022-04-05,AVGO,57.15201187133789
2022-04-06,AVGO,56.02408218383789
2022-04-07,AVGO,56.12180709838867
2022-04-08,AVGO,54.62813949584961
2022-04-11,AVGO,54.03346633911133
2022-04-12,AVGO,54.448524475097656
2022-04-13,AVGO,55.143707275390625
2022-04-14,AVGO,53.40435028076172
2022-04-18,AVGO,54.581607818603516
2022-04-19,AVGO,55.61647415161133
2022-04-20,AVGO,55.625770568847656
2022-04-21,AVGO,55.16139221191406
2022-04-22,AVGO,54.62348556518555
2022-04-25,AVGO,54.71002960205078
2022-04-26,AVGO,52.1219482421875
2022-04-27,AVGO,52.0726203918457
2022-04-28,AVGO,53.87804412841797
2022-04-29,AVGO,51.593345642089844
2022-05-02,AVGO,53.63700485229492
2022-05-03,AVGO,54.08557891845703
2022-05-04,AVGO,56.1785774230957
2022-05-05,AVGO,53.97576141357422
2022-05-06,AVGO,53.986000061035156
2022-05-09,AVGO,52.387176513671875
2022-05-10,AVGO,54.106048583984375
2022-05-11,AVGO,52.77710723876953
2022-05-12,AVGO,53.192169189453125
2022-05-13,AVGO,54.74353790283203
2022-05-16,AVGO,54.22517013549805
2022-05-17,AVGO,56.59642028808594
2022-05-18,AVGO,53.0991096496582
2022-05-19,AVGO,50.83208465576172
2022-05-20,AVGO,50.55104064941406
2022-05-23,AVGO,48.98478317260742
2022-05-24,AVGO,48.78376007080078
2022-05-25,AVGO,49.475223541259766
2022-05-26,AVGO,51.2462158203125
2022-05-27,AVGO,54.28194046020508
2022-05-31,AVGO,53.98878860473633
2022-06-01,AVGO,53.38294982910156
2022-06-02,AVGO,53.673301696777344
2022-06-03,AVGO,52.42440414428711
2022-06-06,AVGO,52.229896545410156
2022-06-07,AVGO,53.32431411743164
2022-06-08,AVGO,52.6142463684082
2022-06-09,AVGO,51.76365280151367
2022-06-10,AVGO,50.37234878540039
2022-06-13,AVGO,48.171409606933594
2022-06-14,AVGO,48.40871047973633
2022-06-15,AVGO,49.017356872558594
2022-06-16,AVGO,46.269187927246094
2022-06-17,AVGO,46.4059944152832
2022-06-21,AVGO,47.27116012573242
2022-06-22,AVGO,46.55144500732422
2022-06-23,AVGO,46.59648513793945
2022-06-24,AVGO,47.77035903930664
2022-06-27,AVGO,47.453189849853516
2022-06-28,AVGO,46.77195358276367
2022-06-29,AVGO,46.01752471923828
2022-06-30,AVGO,45.58588409423828
2022-07-01,AVGO,44.83802032470703
2022-07-05,AVGO,44.693511962890625
2022-07-06,AVGO,45.28561019897461
2022-07-07,AVGO,46.780399322509766
2022-07-08,AVGO,46.79447937011719
2022-07-11,AVGO,45.3090705871582
2022-07-12,AVGO,45.16925811767578
2022-07-13,AVGO,45.203041076660156
2022-07-14,AVGO,45.476097106933594
2022-07-15,AVGO,46.39756393432617
2022-07-18,AVGO,46.07851028442383
2022-07-19,AVGO,47.761905670166016
2022-07-20,AVGO,48.02183151245117
2022-07-21,AVGO,48.57639694213867
2022-07-22,AVGO,48.09220886230469
2022-07-25,AVGO,48.1475715637207
2022-07-26,AVGO,47.95802688598633
2022-07-27,AVGO,49.525062561035156
2022-07-28,AVGO,50.07118225097656
2022-07-29,AVGO,50.24665451049805
2022-08-01,AVGO,50.330169677734375
2022-08-02,AVGO,49.84597396850586
2022-08-03,AVGO,51.3032341003418
2022-08-04,AVGO,51.87186813354492
2022-08-05,AVGO,51.7442626953125
2022-08-08,AVGO,51.189693450927734
2022-08-09,AVGO,49.995182037353516
2022-08-10,AVGO,51.647613525390625
2022-08-11,AVGO,51.1803092956543
2022-08-12,AVGO,52.38140106201172
2022-08-15,AVGO,52.44990158081055
2022-08-16,AVGO,51.76396179199219
2022-08-17,AVGO,50.538482666015625
2022-08-18,AVGO,52.40203857421875
2022-08-19,AVGO,51.46181869506836
2022-08-22,AVGO,49.61515426635742
2022-08-23,AVGO,49.71180725097656
2022-08-24,AVGO,49.8112678527832
2022-08-25,AVGO,51.62133026123047
2022-08-26,AVGO,48.874794006347656
2022-08-29,AVGO,48.24797439575195
2022-08-30,AVGO,47.517005920410156
2022-08-31,AVGO,46.83388900756836
2022-09-01,AVGO,46.167667388916016
2022-09-02,AVGO,46.93803405761719
2022-09-06,AVGO,46.748497009277344
2022-09-07,AVGO,47.398773193359375
2022-09-08,AVGO,48.03684997558594
2022-09-09,AVGO,49.01930236816406
2022-09-12,AVGO,49.644229888916016
2022-09-13,AVGO,47.259891510009766
2022-09-14,AVGO,47.926116943359375
2022-09-15,AVGO,46.93053436279297
2022-09-16,AVGO,47.15198516845703
2022-09-19,AVGO,47.090057373046875
2022-09-20,AVGO,46.26618194580078
2022-09-21,AVGO,45.62086868286133
2022-09-22,AVGO,45.19223403930664
2022-09-23,AVGO,44.347259521484375
2022-09-26,AVGO,43.73979187011719
2022-09-27,AVGO,43.97540283203125
2022-09-28,AVGO,44.08988571166992
2022-09-29,AVGO,42.5920295715332
2022-09-30,AVGO,42.012939453125
2022-10-03,AVGO,43.22126007080078
2022-10-04,AVGO,45.40513229370117
2022-10-05,AVGO,45.87255096435547
2022-10-06,AVGO,45.37106704711914
2022-10-07,AVGO,43.57136535644531
2022-10-10,AVGO,41.4158821105957
2022-10-11,AVGO,40.75920867919922
2022-10-12,AVGO,40.74122619628906
2022-10-13,AVGO,41.44143295288086
2022-10-14,AVGO,40.41290283203125
2022-10-17,AVGO,41.19541549682617
2022-10-18,AVGO,41.14432144165039
2022-10-19,AVGO,41.188785552978516
2022-10-20,AVGO,40.71568298339844
2022-10-21,AVGO,42.55418395996094
2022-10-24,AVGO,43.196659088134766
2022-10-25,AVGO,43.532562255859375
2022-10-26,AVGO,43.637603759765625
2022-10-27,AVGO,43.0906867980957
2022-10-28,AVGO,44.7465705871582
2022-10-31,AVGO,44.48351287841797
2022-11-01,AVGO,44.27345275878906
2022-11-02,AVGO,43.150291442871094
2022-11-03,AVGO,42.023353576660156
2022-11-04,AVGO,44.02743148803711
2022-11-07,AVGO,44.96608352661133
2022-11-08,AVGO,45.61802291870117
2022-11-09,AVGO,44.42201232910156
2022-11-10,AVGO,47.93247604370117
2022-11-11,AVGO,49.02251052856445
2022-11-14,AVGO,48.561710357666016
2022-11-15,AVGO,49.621463775634766
2022-11-16,AVGO,48.42071533203125
2022-11-17,AVGO,48.45667266845703
2022-11-18,AVGO,48.745277404785156
2022-11-21,AVGO,48.96100997924805
2022-11-22,AVGO,50.1541862487793
2022-11-23,AVGO,50.493873596191406
2022-11-25,AVGO,50.14093780517578
2022-11-28,AVGO,49.41234588623047
2022-11-29,AVGO,49.33476638793945
2022-11-30,AVGO,52.13935089111328
2022-12-01,AVGO,52.112850189208984
2022-12-02,AVGO,51.1713752746582
2022-12-05,AVGO,50.21001434326172
2022-12-06,AVGO,49.75394821166992
2022-12-07,AVGO,49.061302185058594
2022-12-08,AVGO,50.25164794921875
2022-12-09,AVGO,51.54228973388672
2022-12-12,AVGO,52.66923141479492
2022-12-13,AVGO,54.03272247314453
2022-12-14,AVGO,54.354434967041016
2022-12-15,AVGO,52.79886245727539
2022-12-16,AVGO,52.601104736328125
2022-12-19,AVGO,52.44081497192383
2022-12-20,AVGO,51.90555953979492
2022-12-21,AVGO,53.547584533691406
2022-12-22,AVGO,52.770931243896484
2022-12-23,AVGO,52.70796585083008
2022-12-27,AVGO,52.813873291015625
2022-12-28,AVGO,51.98856735229492
2022-12-29,AVGO,53.22127914428711
2022-12-30,AVGO,53.34721374511719
2023-01-03,AVGO,52.80815124511719
2023-01-04,AVGO,53.453125
2023-01-05,AVGO,52.955078125
2023-01-06,AVGO,56.142765045166016
2023-01-09,AVGO,55.041725158691406
2023-01-10,AVGO,54.854713439941406
2023-01-11,AVGO,55.160980224609375
2023-01-12,AVGO,55.5235481262207
2023-01-13,AVGO,55.2430419921875
2023-01-17,AVGO,55.26593017578125
2023-01-18,AVGO,54.79365158081055
2023-01-19,AVGO,53.73745346069336
2023-01-20,AVGO,54.45875549316406
2023-01-23,AVGO,55.49397659301758
2023-01-24,AVGO,55.8183708190918
2023-01-25,AVGO,55.88038635253906
2023-01-26,AVGO,57.1111946105957
2023-01-27,AVGO,56.38700866699219
2023-01-30,AVGO,55.4767951965332
2023-01-31,AVGO,55.81645584106445
2023-02-01,AVGO,57.5090446472168
2023-02-02,AVGO,57.79719924926758
2023-02-03,AVGO,57.01959228515625
2023-02-06,AVGO,57.37070846557617
2023-02-07,AVGO,58.625362396240234
2023-02-08,AVGO,57.40983200073242
2023-02-09,AVGO,57.19038391113281
2023-02-10,AVGO,56.60264587402344
2023-02-13,AVGO,57.35353088378906
2023-02-14,AVGO,57.467071533203125
2023-02-15,AVGO,57.980384826660156
2023-02-16,AVGO,57.298194885253906
2023-02-17,AVGO,56.825904846191406
2023-02-21,AVGO,55.485382080078125
2023-02-22,AVGO,54.973026275634766
2023-02-23,AVGO,55.70100784301758
2023-02-24,AVGO,55.12377166748047
2023-02-27,AVGO,55.85844039916992
2023-02-28,AVGO,56.701873779296875
2023-03-01,AVGO,56.6331787109375
2023-03-02,AVGO,57.11787033081055
2023-03-03,AVGO,60.372344970703125
2023-03-06,AVGO,60.387603759765625
2023-03-07,AVGO,59.64625930786133
2023-03-08,AVGO,60.32463455200195
2023-03-09,AVGO,59.39533233642578
2023-03-10,AVGO,58.66162109375
2023-03-13,AVGO,58.81808853149414
2023-03-14,AVGO,60.34371566772461
2023-03-15,AVGO,59.731178283691406
2023-03-16,AVGO,60.72917556762695
2023-03-17,AVGO,60.2015495300293
2023-03-20,AVGO,61.41709518432617
2023-03-21,AVGO,61.190303802490234
2023-03-22,AVGO,60.63004684448242
2023-03-23,AVGO,61.428619384765625
2023-03-24,AVGO,61.13456726074219
2023-03-27,AVGO,60.23796463012695
2023-03-28,AVGO,60.032318115234375
2023-03-29,AVGO,60.109195709228516
2023-03-30,AVGO,60.902008056640625
2023-03-31,AVGO,61.65060806274414
2023-04-03,AVGO,61.73998260498047
2023-04-04,AVGO,60.96542739868164
2023-04-05,AVGO,60.44650650024414
2023-04-06,AVGO,59.83436584472656
2023-04-10,AVGO,60.29082489013672
2023-04-11,AVGO,59.73153305053711
2023-04-12,AVGO,59.26353073120117
2023-04-13,AVGO,59.988121032714844
2023-04-14,AVGO,59.53645706176758
2023-04-17,AVGO,60.287940979003906
2023-04-18,AVGO,60.76457977294922
2023-04-19,AVGO,60.97407913208008
2023-04-20,AVGO,60.83184814453125
2023-04-21,AVGO,60.82032012939453
2023-04-24,AVGO,60.97792434692383
2023-04-25,AVGO,59.774776458740234
2023-04-26,AVGO,59.21452713012695
2023-04-27,AVGO,59.42786407470703
2023-04-28,AVGO,60.205299377441406
2023-05-01,AVGO,61.30561447143555
2023-05-02,AVGO,58.84455490112305
2023-05-03,AVGO,58.92720031738281
2023-05-04,AVGO,58.63505935668945
2023-05-05,AVGO,60.55317306518555
2023-05-08,AVGO,60.451297760009766
2023-05-09,AVGO,59.43747329711914
2023-05-10,AVGO,60.18319320678711
2023-05-11,AVGO,60.317726135253906
2023-05-12,AVGO,60.65215301513672
2023-05-15,AVGO,61.4833869934082
2023-05-16,AVGO,61.6410026550293
2023-05-17,AVGO,63.18144989013672
2023-05-18,AVGO,65.14471435546875
2023-05-19,AVGO,65.56275177001953
2023-05-22,AVGO,65.18990325927734
2023-05-23,AVGO,65.9711685180664
2023-05-24,AVGO,65.3013687133789
2023-05-25,AVGO,70.036102294921875
2023-05-26,AVGO,78.10160064697266
2023-05-30,AVGO,77.1992416381836
2023-05-31,AVGO,77.64319610595703
2023-06-01,AVGO,75.91249084472656
2023-06-02,AVGO,78.03144836425781
2023-06-05,AVGO,77.09930419921875
2023-06-06,AVGO,75.91728973388672
2023-06-07,AVGO,76.17003631591797
2023-06-08,AVGO,77.28186798095703
2023-06-09,AVGO,77.322235107421875
2023-06-12,AVGO,82.1982421875
2023-06-13,AVGO,81.7907943725586
2023-06-14,AVGO,85.15998077392578
2023-06-15,AVGO,84.895721435546875
2023-06-16,AVGO,83.423492431640625
2023-06-20,AVGO,83.415802001953125
2023-06-21,AVGO,81.89228057861328
2023-06-22,AVGO,81.386993408203125
2023-06-23,AVGO,79.42774963378906
2023-06-26,AVGO,79.37751770019531
2023-06-27,AVGO,81.96376037597656
2023-06-28,AVGO,81.9193115234375
2023-06-29,AVGO,83.33272552490234
2023-06-30,AVGO,83.80223083496094
2023-07-03,AVGO,84.672698974609375
2023-07-05,AVGO,83.264129638671875
2023-07-06,AVGO,81.92512512207031
2023-07-07,AVGO,81.80435943603516
2023-07-10,AVGO,84.79732513427734
2023-07-11,AVGO,85.21468353271484
2023-07-12,AVGO,85.97791290283203
2023-07-13,AVGO,86.01750946044922
2023-07-14,AVGO,85.845550537109375
2023-07-17,AVGO,87.94873809814453
2023-07-18,AVGO,87.28019714355469
2023-07-19,AVGO,87.08118438720703
2023-07-20,AVGO,85.82234954833984
2023-07-21,AVGO,86.63483428955078
2023-07-24,AVGO,87.10243225097656
2023-07-25,AVGO,88.68684387207031
2023-07-26,AVGO,86.28125762939453
2023-07-27,AVGO,86.323760986328125
2023-07-28,AVGO,86.92853546142578
2023-07-31,AVGO,86.81840515136719
2023-08-01,AVGO,88.88102722167969
2023-08-02,AVGO,86.20494079589844
2023-08-03,AVGO,85.49774169921875
2023-08-04,AVGO,85.176025390625
2023-08-07,AVGO,86.664794921875
2023-08-08,AVGO,85.32193756103516
2023-08-09,AVGO,82.18885803222656
2023-08-10,AVGO,81.43241119384766
2023-08-11,AVGO,80.1629638671875
2023-08-14,AVGO,82.51444244384766
2023-08-15,AVGO,81.39569854736328
2023-08-16,AVGO,80.47501373291016
2023-08-17,AVGO,79.9059829711914
2023-08-18,AVGO,79.78424072265625
2023-08-21,AVGO,83.58100891113281
2023-08-22,AVGO,82.6777114868164
2023-08-23,AVGO,84.68621063232422
2023-08-24,AVGO,82.549224853515625
2023-08-25,AVGO,82.29417419433594
2023-08-28,AVGO,83.18876647949219
2023-08-29,AVGO,85.9759521484375
2023-08-30,AVGO,86.20299530029297
2023-08-31,AVGO,89.16023254394531
2023-09-01,AVGO,84.29398345947266
2023-09-05,AVGO,84.26017761230469
2023-09-06,AVGO,84.26985168457031
2023-09-07,AVGO,82.79750061035156
2023-09-08,AVGO,82.84773254394531
2023-09-11,AVGO,83.00135040283203
2023-09-12,AVGO,81.58892822265625
2023-09-13,AVGO,82.401397705078125
2023-09-14,AVGO,84.208984375
2023-09-15,AVGO,82.2806396484375
2023-09-18,AVGO,82.11833953857422
2023-09-19,AVGO,82.0410385131836
2023-09-20,AVGO,80.67822265625
2023-09-21,AVGO,78.52083587646484
2023-09-22,AVGO,80.53350067138672
2023-09-25,AVGO,81.00071716308594
2023-09-26,AVGO,79.28141784667969
2023-09-27,AVGO,79.341644287109375
2023-09-28,AVGO,80.81713104248047
2023-09-29,AVGO,80.67919158935547
2023-10-02,AVGO,81.10367584228516
2023-10-03,AVGO,79.149322509765625
2023-10-04,AVGO,80.02159881591797
2023-10-05,AVGO,80.02644348144531
2023-10-06,AVGO,82.10514831542969
2023-10-09,AVGO,83.1367416381836
2023-10-10,AVGO,83.38249969482422
2023-10-11,AVGO,84.95124816894531
2023-10-12,AVGO,87.96634674072266
2023-10-13,AVGO,85.7885513305664
2023-10-16,AVGO,87.672027587890625
2023-10-17,AVGO,85.90705871582031
2023-10-18,AVGO,86.16252899169922
2023-10-19,AVGO,84.2975082397461
2023-10-20,AVGO,82.9181900024414
2023-10-23,AVGO,83.752593994140625
2023-10-24,AVGO,85.58747863769531
2023-10-25,AVGO,82.52964782714844
2023-10-26,AVGO,80.30717468261719
2023-10-27,AVGO,81.434906005859375
2023-10-30,AVGO,81.71564483642578
2023-10-31,AVGO,81.72730255126953
2023-11-01,AVGO,82.851165771484375
2023-11-02,AVGO,84.63458251953125
2023-11-03,AVGO,85.739990234375
2023-11-06,AVGO,85.56029510498047
2023-11-07,AVGO,87.21063995361328
2023-11-08,AVGO,88.50350189208984
2023-11-09,AVGO,88.52778625488281
2023-11-10,AVGO,93.0096435546875
2023-11-13,AVGO,91.98097229003906
2023-11-14,AVGO,94.509429931640625
2023-11-15,AVGO,94.746429443359375
2023-11-16,AVGO,93.20683288574219
2023-11-17,AVGO,94.9727554321289
2023-11-20,AVGO,96.719268798828125
2023-11-21,AVGO,95.3098373413086
2023-11-22,AVGO,94.41617584228516
2023-11-24,AVGO,95.08350372314453
2023-11-27,AVGO,92.302490234375
2023-11-28,AVGO,91.92464447021484
2023-11-29,AVGO,91.3884506225586
2023-11-30,AVGO,89.92169189453125
2023-12-01,AVGO,90.33646392822266
2023-12-04,AVGO,89.750732421875
2023-12-05,AVGO,88.6968002319336
2023-12-06,AVGO,87.77596282958984
2023-12-07,AVGO,89.58463287353516
2023-12-08,AVGO,91.72551727294922
2023-12-11,AVGO,99.97624206542969
2023-12-12,AVGO,104.1569595336914
2023-12-13,AVGO,105.84811401367188
2023-12-14,AVGO,107.47999572753906
2023-12-15,AVGO,109.7384033203125
2023-12-18,AVGO,111.41496276855469
2023-12-19,AVGO,111.20321655273438
2023-12-20,AVGO,108.35380554199219
2023-12-21,AVGO,110.00392150878906
2023-12-22,AVGO,109.48576354980469
2023-12-26,AVGO,110.45280456542969
2023-12-27,AVGO,109.8946304321289
2023-12-28,AVGO,109.52772521972656
2023-12-29,AVGO,108.92660522460938
2024-01-02,AVGO,105.91423797607422
2024-01-03,AVGO,103.29901123046875
2024-01-04,AVGO,102.36515045166016
2024-01-05,AVGO,102.3915023803711
2024-01-08,AVGO,104.8866958618164
2024-01-09,AVGO,105.63221740722656
2024-01-10,AVGO,105.44486236572266
2024-01-11,AVGO,107.33894348144531
2024-01-12,AVGO,108.09033966064453
2024-01-16,AVGO,108.80074310302734
2024-01-17,AVGO,107.69900512695313
2024-01-18,AVGO,111.62574768066406
2024-01-19,AVGO,118.19208526611328
2024-01-22,AVGO,119.099609375
2024-01-23,AVGO,119.66654968261719
2024-01-24,AVGO,122.35594177246094
2024-01-25,AVGO,120.02664184570313
2024-01-26,AVGO,117.57535552978516
2024-01-29,AVGO,118.83320617675781
2024-01-30,AVGO,117.89543914794922
2024-01-31,AVGO,115.14749908447266
2024-02-01,AVGO,117.10013580322266
2024-02-02,AVGO,119.47431182861328
2024-02-05,AVGO,121.30496215820313
2024-02-06,AVGO,119.30939483642578
2024-02-07,AVGO,122.66722106933594
2024-02-08,AVGO,124.39443969726563
2024-02-09,AVGO,125.241455078125
2024-02-12,AVGO,123.4420166015625
2024-02-13,AVGO,122.1393051147461
2024-02-14,AVGO,123.17073822021484
2024-02-15,AVGO,123.44886779785156
2024-02-16,AVGO,121.53721618652344
2024-02-20,AVGO,119.68997192382813
2024-02-21,AVGO,119.77780151367188
2024-02-22,AVGO,127.33557891845703
2024-02-23,AVGO,126.503173828125
2024-02-26,AVGO,127.74835205078125
2024-02-27,AVGO,126.48954010009766
2024-02-28,AVGO,125.82499694824219
2024-02-29,AVGO,126.90522003173828
2024-03-01,AVGO,136.53469848632813
2024-03-04,AVGO,136.8362274169922
2024-03-05,AVGO,131.029052734375
2024-03-06,AVGO,131.73655700683594
2024-03-07,AVGO,137.29974365234375
2024-03-08,AVGO,127.70833587646484
2024-03-11,AVGO,126.18605041503906
2024-03-12,AVGO,126.0650634765625
2024-03-13,AVGO,122.74626922607422
2024-03-14,AVGO,123.17562866210938
2024-03-15,AVGO,120.56334686279297
2024-03-18,AVGO,120.73313903808594
2024-03-19,AVGO,120.80828094482422
2024-03-20,AVGO,125.04571533203125
2024-03-21,AVGO,132.10157775878906
2024-03-22,AVGO,132.6376495361328
2024-03-25,AVGO,132.45240783691406
2024-03-26,AVGO,130.483642578125
2024-03-27,AVGO,129.23318481445313
2024-03-28,AVGO,129.8878173828125
2024-04-01,AVGO,132.32308959960938
2024-04-02,AVGO,131.19610595703125
2024-04-03,AVGO,133.5921630859375
2024-04-04,AVGO,129.11264038085938
2024-04-05,AVGO,131.26173400878906
2024-04-08,AVGO,130.93540954589844
2024-04-09,AVGO,130.73745727539063
2024-04-10,AVGO,129.5898895263672
2024-04-11,AVGO,135.47862243652344
2024-04-12,AVGO,131.71644592285156
2024-04-15,AVGO,128.4452667236328
2024-04-16,AVGO,130.24551391601563
2024-04-17,AVGO,125.6954574584961
2024-04-18,AVGO,123.37876892089844
2024-04-19,AVGO,118.05943298339844
2024-04-22,AVGO,119.99488067626953
2024-04-23,AVGO,122.41838836669922
2024-04-24,AVGO,123.16610717773438
2024-04-25,AVGO,126.85083770751953
2024-04-26,AVGO,131.71644592285156
2024-04-29,AVGO,131.18234252929688
2024-04-30,AVGO,127.42414093017578
2024-05-01,AVGO,121.79806518554688
2024-05-02,AVGO,121.37765502929688
2024-05-03,AVGO,125.25249481201172
2024-05-06,AVGO,128.4080352783203
2024-05-07,AVGO,127.70246124267578
2024-05-08,AVGO,129.88388061523438
2024-05-09,AVGO,127.95331573486328
2024-05-10,AVGO,130.6120147705078
2024-05-13,AVGO,131.07359313964844
2024-05-14,AVGO,135.24049377441406
2024-05-15,AVGO,140.74209594726563
2024-05-16,AVGO,138.38619995117188
2024-05-17,AVGO,136.73590087890625
2024-05-20,AVGO,138.57241821289063
2024-05-21,AVGO,137.11911010742188
2024-05-22,AVGO,136.43704223632813
2024-05-23,AVGO,136.53994750976563
2024-05-24,AVGO,137.96578979492188
2024-05-28,AVGO,138.41757202148438
2024-05-29,AVGO,136.28317260742188
2024-05-30,AVGO,133.67739868164063
2024-05-31,AVGO,130.19552612304688
2024-06-03,AVGO,129.5438232421875
2024-06-04,AVGO,130.41796875
2024-06-05,AVGO,138.48028564453125
2024-06-06,AVGO,137.3219451904297
2024-06-07,AVGO,137.8482208251953
2024-06-10,AVGO,141.16346740722656
2024-06-11,AVGO,143.17832946777344
2024-06-12,AVGO,146.5572967529297
2024-06-13,AVGO,164.53802490234375
2024-06-14,AVGO,170.0308074951172
2024-06-17,AVGO,179.22598266601563
2024-06-18,AVGO,176.64373779296875
2024-06-20,AVGO,169.98377990722656
2024-06-21,AVGO,162.5427703857422
2024-06-24,AVGO,156.5291748046875
2024-06-25,AVGO,155.406494140625
2024-06-26,AVGO,156.50852966308594
2024-06-27,AVGO,155.9835662841797
2024-06-28,AVGO,157.83865356445313
2024-07-01,AVGO,161.3060302734375
2024-07-02,AVGO,162.94581604003906
2024-07-03,AVGO,169.99855041503906
2024-07-05,AVGO,167.45135498046875
2024-07-08,AVGO,171.63442993164063
2024-07-09,AVGO,170.40061950683594
2024-07-10,AVGO,171.51937866210938
2024-07-11,AVGO,167.7108917236328
2024-07-12,AVGO,167.1918182373047
2024-07-15,AVGO,168.52194213867188
2024-07-16,AVGO,166.5164337158203
2024-07-17,AVGO,153.34295654296875
2024-07-18,AVGO,157.8062286376953
2024-07-19,AVGO,154.6898193359375
2024-07-22,AVGO,158.3370819091797
2024-07-23,AVGO,161.0012664794922
2024-07-24,AVGO,148.7814178466797
2024-07-25,AVGO,146.73660278320313
2024-07-26,AVGO,149.06654357910156
2024-07-29,AVGO,147.68035888671875
2024-07-30,AVGO,141.0936279296875
2024-07-31,AVGO,157.96351623535156
2024-08-01,AVGO,144.5344696044922
2024-08-02,AVGO,141.38856506347656
2024-08-05,AVGO,139.677978515625
2024-08-06,AVGO,141.48687744140625
2024-08-07,AVGO,133.96620178222656
2024-08-08,AVGO,143.27610778808594
2024-08-09,AVGO,145.75347900390625
2024-08-12,AVGO,146.10740661621094
2024-08-13,AVGO,153.51991271972656
2024-08-14,AVGO,155.02407836914063
2024-08-15,AVGO,163.3213653564453
2024-08-16,AVGO,162.91830444335938
2024-08-19,AVGO,164.87466430664063
2024-08-20,AVGO,163.14442443847656
2024-08-21,AVGO,162.977294921875
2024-08-22,AVGO,159.59544372558594
2024-08-23,AVGO,163.5474853515625
2024-08-26,AVGO,156.92144775390625
2024-08-27,AVGO,158.66152954101563
2024-08-28,AVGO,155.50576782226563
2024-08-29,AVGO,154.2769012451172
2024-08-30,AVGO,160.06735229492188
2024-09-03,AVGO,150.20692443847656
2024-09-04,AVGO,151.51443481445313
2024-09-05,AVGO,150.23641967773438
2024-09-06,AVGO,134.68385314941406
2024-09-09,AVGO,138.4392852783203
2024-09-10,AVGO,145.70433044433594
2024-09-11,AVGO,155.59426879882813
2024-09-12,AVGO,161.7779083251953
2024-09-13,AVGO,164.85501098632813
2024-09-16,AVGO,161.24705505371094
2024-09-17,AVGO,159.72323608398438
2024-09-18,AVGO,158.936767578125
2024-09-19,AVGO,165.1309051513672
2024-09-20,AVGO,168.76060485839844
2024-09-23,AVGO,170.57545471191406
2024-09-24,AVGO,172.449462890625
2024-09-25,AVGO,173.12017822265625
2024-09-26,AVGO,175.65504455566406
2024-09-27,AVGO,170.328857421875
2024-09-30,AVGO,170.14144897460938
2024-10-01,AVGO,165.1802215576172
2024-10-02,AVGO,168.3266143798828
2024-10-03,AVGO,169.539794921875
2024-10-04,AVGO,174.224853515625
2024-10-07,AVGO,172.68617248535156
2024-10-08,AVGO,178.25892639160156
2024-10-09,AVGO,183.40756225585938
2024-10-10,AVGO,183.151123046875
2024-10-11,AVGO,178.99867248535156
2024-10-14,AVGO,179.81732177734375
2024-10-15,AVGO,173.57386779785156
2024-10-16,AVGO,174.40240478515625
2024-10-17,AVGO,179.04798889160156
2024-10-18,AVGO,177.43040466308594
2024-10-21,AVGO,177.529052734375
2024-10-22,AVGO,176.92738342285156
2024-10-23,AVGO,171.1376495361328
2024-10-24,AVGO,169.00717163085938
2024-10-25,AVGO,170.63461303710938
2024-10-28,AVGO,169.6680145263672
2024-10-29,AVGO,176.78929138183594
2024-10-30,AVGO,174.224853515625
2024-10-31,AVGO,167.4488067626953
2024-11-01,AVGO,166.61041259765625
2024-11-04,AVGO,166.2454833984375
2024-11-05,AVGO,171.52232360839844
2024-11-06,AVGO,177.0950469970703
2024-11-07,AVGO,181.2967987060547
2024-11-08,AVGO,181.12913513183594
2024-11-11,AVGO,176.46380615234375
2024-11-12,AVGO,173.81060791015625
2024-11-13,AVGO,171.20669555664063
2024-11-14,AVGO,168.05044555664063
2024-11-15,AVGO,162.586181640625
2024-11-18,AVGO,163.40484619140625
2024-11-19,AVGO,163.08921813964844
2024-11-20,AVGO,161.0179443359375
2024-11-21,AVGO,161.698486328125
2024-11-22,AVGO,161.98452758789063
2024-11-25,AVGO,162.56646728515625
2024-11-26,AVGO,162.48756408691406
2024-11-27,AVGO,157.4868927001953
2024-11-29,AVGO,159.8639373779297
2024-12-02,AVGO,164.2333526611328
2024-12-03,AVGO,165.85092163085938
2024-12-04,AVGO,168.2279815673828
2024-12-05,AVGO,168.1392059326172
2024-12-06,AVGO,177.07534790039063
2024-12-09,AVGO,176.49339294433594
2024-12-10,AVGO,169.4608917236328
2024-12-11,AVGO,180.6951446533203
2024-12-12,AVGO,178.18988037109375
2024-12-13,AVGO,221.72637939453125
2024-12-16,AVGO,246.58181762695313
2024-12-17,AVGO,236.94541931152344
2024-12-18,AVGO,220.5625
2024-12-19,AVGO,215.33499145507813
2024-12-20,AVGO,217.7711944580078
2024-12-23,AVGO,229.7871856689453
2024-12-24,AVGO,237.0363311767578
2024-12-26,AVGO,242.6536865234375
2024-12-27,AVGO,239.08349609375
2024-12-30,AVGO,232.9815673828125
2024-12-31,AVGO,229.2827911376953
2025-01-02,AVGO,229.42124938964844
2025-01-03,AVGO,229.9849853515625
2025-01-06,AVGO,233.80239868164063
2025-01-07,AVGO,226.1181182861328
2025-01-08,AVGO,226.7807159423828
2025-01-10,AVGO,221.8358612060547
2025-01-13,AVGO,222.80503845214844
2025-01-14,AVGO,222.2215576171875
2025-01-15,AVGO,225.48516845703125
2025-01-16,AVGO,226.87962341308594
2025-01-17,AVGO,234.82102966308594
2025-01-21,AVGO,237.6593780517578
2025-01-22,AVGO,238.25274658203125
2025-01-23,AVGO,237.62969970703125
2025-01-24,AVGO,242.00096130371094
2025-01-27,AVGO,199.90049743652344
2025-01-28,AVGO,205.0728302001953
2025-01-29,AVGO,204.07395935058594
2025-01-30,AVGO,213.28128051757813
2025-01-31,AVGO,218.8293914794922
2025-02-03,AVGO,215.3284454345703
2025-02-04,AVGO,219.97659301757813
2025-02-05,AVGO,229.4410400390625
2025-02-06,AVGO,228.80809020996094
2025-02-07,AVGO,222.38966369628906
2025-02-10,AVGO,232.44749450683594
2025-02-11,AVGO,232.44749450683594
2025-02-12,AVGO,233.7430877685547
2025-02-13,AVGO,233.1991424560547
2025-02-14,AVGO,230.46957397460938
2025-02-18,AVGO,226.00929260253906
2025-02-19,AVGO,226.20712280273438
2025-02-20,AVGO,224.23907470703125
2025-02-21,AVGO,216.2481689453125
2025-02-24,AVGO,205.6365203857422
2025-02-25,AVGO,200.30596923828125
2025-02-26,AVGO,210.59127807617188
2025-02-27,AVGO,195.61827087402344
2025-02-28,AVGO,197.23028564453125
2025-03-03,AVGO,185.30331420898438
2025-03-04,AVGO,185.412109375
2025-03-05,AVGO,189.4668731689453
2025-03-06,AVGO,177.4706573486328
2025-03-07,AVGO,192.80960083007813
2025-03-10,AVGO,182.41551208496094
2025-03-11,AVGO,187.9932861328125
2025-03-12,AVGO,192.08763122558594
2025-03-13,AVGO,189.2493133544922
2025-03-14,AVGO,193.38319396972656
2025-03-17,AVGO,192.35467529296875
2025-03-18,AVGO,186.5889892578125
2025-03-19,AVGO,193.4128875732422
2025-03-20,AVGO,189.008544921875
2025-03-21,AVGO,190.1195526123047
2025-03-24,AVGO,189.7128448486328
2025-03-25,AVGO,186.7468719482422
2025-03-26,AVGO,177.82913208007813
2025-03-27,AVGO,170.607666015625
2025-03-28,AVGO,167.76072692871094
2025-03-31,AVGO,166.08428955078125
2025-04-01,AVGO,167.16554260253906
2025-04-02,AVGO,170.7068328857422
2025-04-03,AVGO,152.7721405029297
2025-04-04,AVGO,145.11419677734375
2025-04-07,AVGO,152.901123046875
2025-04-08,AVGO,154.7759246826172
2025-04-09,AVGO,183.66188049316406
2025-04-10,AVGO,170.91514587402344
2025-04-11,AVGO,180.47767639160156
2025-04-14,AVGO,176.9264373779297
2025-04-15,AVGO,177.51170349121094
2025-04-16,AVGO,173.2065887451172
2025-04-17,AVGO,169.6156768798828
2025-04-21,AVGO,164.87411499023438
2025-04-22,AVGO,168.21701049804688
2025-04-23,AVGO,175.4881134033203
2025-04-24,AVGO,186.63775634765625
2025-04-25,AVGO,190.76431274414063
2025-04-28,AVGO,190.92303466796875
2025-04-29,AVGO,189.63348388671875
2025-04-30,AVGO,190.92303466796875
2025-05-01,AVGO,195.74400329589844
2025-05-02,AVGO,202.0032501220703
2025-05-05,AVGO,199.1067352294922
2025-05-06,AVGO,198.48178100585938
2025-05-07,AVGO,203.1638641357422
2025-05-08,AVGO,206.10006713867188
2025-05-09,AVGO,206.52659606933594
2025-05-12,AVGO,219.79905700683594
2025-05-13,AVGO,230.55194091796875
2025-05-14,AVGO,230.2543487548828
2025-05-15,AVGO,230.77017211914063
2025-05-16,AVGO,226.77256774902344
2025-05-19,AVGO,228.77633666992188
2025-05-20,AVGO,229.81788635253906
2025-05-21,AVGO,227.88356018066406
2025-05-22,AVGO,228.6771240234375
2025-05-23,AVGO,226.88168334960938
2025-05-27,AVGO,233.7559814453125
2025-05-28,AVGO,237.50558471679688
2025-05-29,AVGO,240.0251922607422
2025-05-30,AVGO,240.12437438964844
2025-06-02,AVGO,246.71099853515625
2025-06-03,AVGO,254.78558349609375
2025-06-04,AVGO,258.9815368652344
2025-06-05,AVGO,257.8408508300781
2025-06-06,AVGO,244.94532775878906
2025-06-09,AVGO,242.31663513183594
2025-06-10,AVGO,242.663818359375
2025-06-11,AVGO,250.87725830078125
2025-06-12,AVGO,254.01187133789063
2025-06-13,AVGO,246.7010955810547
2025-06-16,AVGO,250.0737762451172
2025-06-17,AVGO,247.36569213867188
2025-06-18,AVGO,249.24050903320313
2025-06-20,AVGO,248.5644073486328
2025-06-23,AVGO,252.32284545898438
2025-06-24,AVGO,262.26580810546875
2025-06-25,AVGO,263.14080810546875
2025-06-26,AVGO,268.6293640136719
2025-06-27,AVGO,267.81402587890625
2025-06-30,AVGO,274.07806396484375
2025-07-01,AVGO,263.23028564453125
2025-07-02,AVGO,268.36083984375
2025-07-03,AVGO,273.6107482910156
2025-07-07,AVGO,272.616455078125
2025-07-08,AVGO,270.25
2025-07-09,AVGO,276.31524658203125
2025-07-10,AVGO,273.8294982910156
2025-07-11,AVGO,272.8153076171875
2025-07-14,AVGO,274.0283508300781
2025-07-15,AVGO,279.337890625
2025-07-16,AVGO,279.2086181640625
2025-07-17,AVGO,284.8164978027344
2025-07-18,AVGO,281.7242126464844
2025-07-21,AVGO,286.5664367675781
2025-07-22,AVGO,277.0013122558594
2025-07-23,AVGO,282.0722351074219
2025-07-24,AVGO,287.0635986328125
2025-07-25,AVGO,288.52520751953125
2025-07-28,AVGO,292.6216735839844
2025-07-29,AVGO,295.7239685058594
2025-07-30,AVGO,300.894287109375
2025-07-31,AVGO,292.025146484375
2025-08-01,AVGO,286.9940185546875
2025-08-04,AVGO,296.022216796875
2025-08-05,AVGO,291.259521484375
2025-08-06,AVGO,299.94970703125
2025-08-07,AVGO,302.0278015136719
2025-08-08,AVGO,303.2308654785156
2025-08-11,AVGO,302.1669616699219
2025-08-12,AVGO,311.0460510253906
2025-08-13,AVGO,307.3273620605469
2025-08-14,AVGO,309.4552001953125
2025-08-15,AVGO,304.59307861328125
2025-08-18,AVGO,304.0163879394531
2025-08-19,AVGO,293.2282409667969
2025-08-20,AVGO,289.50958251953125
2025-08-21,AVGO,287.9485168457031
2025-08-22,AVGO,292.32342529296875
2025-08-25,AVGO,292.5521240234375
2025-08-26,AVGO,296.310546875
2025-08-27,AVGO,298.53778076171875
2025-08-28,AVGO,306.889892578125
2025-08-29,AVGO,295.6941223144531
2025-09-02,AVGO,296.5392761230469
2025-09-03,AVGO,300.66558837890625
2025-09-04,AVGO,304.35443115234375
2025-09-05,AVGO,332.9802551269531
2025-09-08,AVGO,343.6788635253906
2025-09-09,AVGO,334.7501220703125
2025-09-10,AVGO,367.4624938964844
2025-09-11,AVGO,357.5791931152344
2025-09-12,AVGO,357.8177795410156
2025-09-15,AVGO,362.01373291015625
2025-09-16,AVGO,357.947021484375
2025-09-17,AVGO,344.1959533691406
2025-09-18,AVGO,343.380615234375
2025-09-19,AVGO,342.9729309082031
2025-09-22,AVGO,337.4351806640625
2025-09-23,AVGO,337.5845642089844
2025-09-24,AVGO,337.95306396484375
2025-09-25,AVGO,334.7559509277344
2025-09-26,AVGO,333.19219970703125
2025-09-29,AVGO,326.5887145996094
2025-09-30,AVGO,328.5906677246094
2025-10-01,AVGO,332.0567932128906
2025-10-02,AVGO,336.8276062011719
2025-10-03,AVGO,337.016845703125
2025-10-06,AVGO,334.1483459472656
2025-10-07,AVGO,335.0646667480469
2025-10-08,AVGO,344.11834716796875
2025-10-09,AVGO,343.6402282714844
2025-10-10,AVGO,323.331787109375
2025-10-13,AVGO,355.2735595703125
2025-10-14,AVGO,342.7538146972656
2025-10-15,AVGO,349.92498779296875
2025-10-16,AVGO,352.7337341308594
2025-10-17,AVGO,347.9329833984375
2025-10-20,AVGO,347.8433532714844
2025-10-21,AVGO,341.2897033691406
2025-10-22,AVGO,338.9391174316406
2025-10-23,AVGO,342.9131774902344
2025-10-24,AVGO,352.7138366699219
2025-10-27,AVGO,360.6021423339844
2025-10-28,AVGO,371.4784851074219
2025-10-29,AVGO,384.43646240234375
2025-10-30,AVGO,374.9645080566406
2025-10-31,AVGO,368.15185546875
2025-11-03,AVGO,361.1001281738281
2025-11-04,AVGO,350.5325622558594
2025-11-05,AVGO,357.54443359375
2025-11-06,AVGO,354.16796875
2025-11-07,AVGO,348.0325927734375
2025-11-10,AVGO,356.9568176269531
2025-11-11,AVGO,350.552490234375
2025-11-12,AVGO,353.7994689941406
2025-11-13,AVGO,338.6203918457031
2025-11-14,AVGO,341.0904541015625
2025-11-17,AVGO,341.2796936035156
2025-11-18,AVGO,339.1383361816406
2025-11-19,AVGO,353.0026550292969
2025-11-20,AVGO,345.43304443359375
2025-11-21,AVGO,338.8395080566406
2025-11-24,AVGO,376.448486328125
2025-11-25,AVGO,383.490234375
2025-11-26,AVGO,395.9801025390625
2025-11-28,AVGO,401.3485107421875
2025-12-01,AVGO,384.5360107421875
2025-12-02,AVGO,380.0440979003906
2025-12-03,AVGO,379.0879211425781
2025-12-04,AVGO,379.5062561035156
2025-12-05,AVGO,388.6794128417969
2025-12-08,AVGO,399.4959716796875
2025-12-09,AVGO,404.66522216796875
2025-12-10,AVGO,411.3185119628906
2025-12-11,AVGO,404.7449035644531
2025-12-12,AVGO,358.4906005859375
2025-12-15,AVGO,338.4510803222656
2025-12-16,AVGO,339.93511962890625
2025-12-17,AVGO,324.7162170410156
2025-12-18,AVGO,328.560791015625
2025-12-19,AVGO,338.99884033203125
2025-12-22,AVGO,340.7352600097656
2025-12-23,AVGO,348.5887756347656
2025-12-24,AVGO,349.48687744140625
2025-12-26,AVGO,351.39288330078125
2025-12-29,AVGO,348.65863037109375
2025-12-30,AVGO,349.1176452636719
